y_true,prediction_or_score
5.0,3.449976592700201
97.0,79.31295633991422
62.1,57.97744323004387
60.0,48.98676347615732
4.0,9.979137475616941
17.1,15.12221316839771
36.6,33.7762166089125
9.2,7.153458261051094
3.48,5.020932530401651
4.1,3.510051756316599
71.0,55.48596182367677
30.4,31.520087782347712
2.24,2.010533211467325
37.8,35.95998774727714
3.1,3.0655276170834
67.0,73.6283271781382
50.0,63.40720420861879
11.7,44.75448571974778
18.0,16.18546962666192
11.0,34.052813345844704
5.2,3.596785903700006
3.9,3.9463094474958473
16.0,20.430912529600043
35.0,43.868277992436425
82.0,74.23629429489506
78.0,85.47380599787061
2.84,3.5903583959787304
11.0,19.161013451034478
80.0,73.15926289211353
15.55,11.516026736209838
27.0,25.530167508257453
2.4,2.6163913983272433
0.96,2.86571223726684
1.67,3.6416783715385574
9.0,11.45031811256791
2.0,4.174734960455722
94.0,87.74688962392706
33.15,30.132712712601606
8.2,25.19995998006599
0.065,3.3201776848828315
77.9,52.16049360184077
87.2,87.8651498967769
11.6,11.456251750802387
22.5,49.428946519794195
0.49,2.5106459450138083
80.0,63.432296157964934
3.07,2.8459203980241328
1.87,4.820210877791133
1.95,6.38902845827609
0.855,2.0464754561851897
14.0,13.446582935146129
69.0,70.00944936147364
21.0,38.662735435106875
8.6,7.237745781632652
11.1,7.635358104313296
88.0,64.40161491993952
7.83,5.7129483544653334
6.49,7.027353268303496
16.3,19.926798626639602
2.5,6.012691173508178
8.5,3.7079239789752108
79.0,60.21950142175512
3.6,9.697545169122519
60.4,63.776608351496954
14.3,12.718446403158236
126.6,116.5353139665807
6.88,6.559162893296627
4.1,44.425104261175946
19.8,48.374990474227204
90.5,113.28790311909896
4.0,50.273470720538356
0.75,1.2835561377297229
65.0,76.07622396486848
0.37,4.027599783113158
0.88,1.8572491271637408
11.3,6.296328157440368
103.0,121.82004804510917
79.0,63.64942764315002
38.7,39.25871955339259
27.4,42.335649991663885
21.96,18.013245032370666
40.0,35.219191487942126
0.435,0.17194186936902162
74.6,72.04592644729513
91.0,3.477338355532879
0.0125,2.2584713511050807
5.3,5.004664885792446
7.2,5.7114843304837155
45.4,62.37393177769809
29.0,19.417374762358016
11.0,16.646234323245356
22.8,16.554268628930274
29.5,19.14457087291323
85.0,81.24703392538991
34.0,62.77597199732196
1.07,1.44976873431969
0.168,2.7222931688925573
75.0,80.51726875615827
93.5,69.81761871013858
64.9,63.43728169117848
0.00104,0.3483005232893751
16.95,10.111510132524435
89.0,77.89626199580665
7.4,11.42644767535323
32.85,30.624808842849852
108.0,102.54793283600213
3.1,3.404809138747535
4.0,4.189512599680737
81.8,85.01816725317397
6.14,11.12992731880295
21.0,30.353696718224032
42.7,45.93439191946845
20.0,17.544420261515356
0.478,1.7725314994509533
79.3,73.32414471681503
0.07,2.8128358345112385
23.4,22.001985445774228
27.8,29.73317961962221
1.68,4.6971781987603025
76.0,74.72090335372194
59.3,53.9664826026616
34.9,35.14249694460142
2.36,8.297822838058709
81.0,79.72389177393413
81.0,58.95549719372875
87.8,80.07396136659182
88.5,88.29994404225717
24.9,27.925728868829022
0.429,1.509048058773125
78.0,75.92556139032067
1.5,2.260384126846803
13.5,16.12224880969426
88.0,60.772352634315446
18.23,8.884923829191301
77.0,64.89050732145469
3.5,4.942508309095517
2.7,3.67799441703692
40.0,31.49617283854349
3.88,6.937478206172082
60.4,56.41203142907968
13.8,10.97438710226725
37.0,46.21537772513275
1.16,3.047276385266605
0.6,1.1340862629645452
16.6,17.464807406092817
0.96,6.986246924156934
34.0,42.423869832966446
19.3,17.218311909449987
1.3,2.918853529510296
26.0,35.534356070393535
60.2,72.25515262924891
2.455,11.00318111709221
68.0,63.29538222684536
55.5,67.7356527574415
0.055,0.3722029636560593
36.6,35.6527951922562
2.09,3.456163778248716
12.0,19.767794990144413
16.0,17.677218483042
4.8,6.506413951123968
0.067,0.17528920310898888
27.0,20.980288089724827
1.5,5.6488428512745985
62.0,78.87240475911628
2.24,3.352122020419711
4.0,4.058320081309559
4.2,5.148641824144354
7.42,6.981056858909466
55.0,56.22163185834181
3.1,5.296777457801653
4.4,4.1166863987760065
11.0,30.280133908753587
3.9,8.070585733734402
86.9,80.09542697352659
4.35,5.395327658142218
40.0,46.67786622384929
64.8,60.21818194079679
105.55,103.80076054660782
38.0,53.69081466958313
26.0,21.41617540129996
6.19,6.3103208958990615
55.2,59.23054039367437
40.0,33.93687569392292
15.3,13.067106051882929
108.55,104.27666998180423
55.3,48.23369627063208
86.5,87.69234351457241
4.7,5.006017639700711
21.0,18.32839050419756
18.0,22.702041005037117
92.0,64.83127619499557
40.0,79.44827224601501
89.3,88.20087643780084
4.59,3.7947841907864928
70.78,77.20439379296981
1.746,1.925353169126893
91.0,87.65516935634145
21.87,17.436020926577655
13.05,10.78455266820904
5.3,5.445586753421209
25.1,22.665830843895492
5.33,6.78412375126505
66.0,73.06217978616971
13.2,6.703042415019806
7.5,13.712759059308965
0.46,1.3015611092207036
2.0,4.804192607295062
45.0,38.5452347929557
86.5,76.36381377933728
41.4,51.53315852113335
22.7,18.708658552794347
13.6,16.219399348027473
76.0,67.21769887452598
51.0,58.910197797202194
45.0,74.53558001237968
78.5,85.47380599787061
19.6,21.83259555999735
8.5,12.124914799310046
0.75,2.7872601759782283
1.74,1.5513804104579294
29.4,26.508522591542413
52.0,40.97028394071684
93.4,83.5072815575874
0.1,7.130383550083635
40.4,37.600715855490336
10.6,14.282846212485948
4.0,13.070530308681647
7.6,7.448435227393425
4.382,5.6609826054457
6.0,5.5946246028866895
37.78,30.098842684605355
85.0,80.3969292794961
7.0,6.099696839425576
17.4,67.78252999381107
13.0,14.902523902539453
1.01,1.915039018942762
57.0,79.25811852287192
7.4,5.239010442249919
45.0,65.90939374482237
26.5,23.32081650179552
56.0,74.62065256931132
48.0,68.02089878458783
51.0,76.35743681772094
26.0,25.24502777028851
94.0,80.66543939380496
14.8,14.033764486517452
70.8,76.87535184606898
49.0,65.52794707378058
5.0,5.292176507283953
1.3,5.297712738069574
28.0,28.385617586405374
4.93,7.038400809610299
17.7,14.747906580233927
2.9,4.254559212060893
23.8,57.91300320548271
18.2,14.644649557306453
5.6,7.896902895208657
1.9,7.222837693869295
6.1,6.533818337195741
9.8,9.083347773201236
1.33,5.044402864288827
87.0,82.68870872019689
10.0,11.885351474792394
13.0,7.0540660695718485
90.0,71.44569873434394
64.0,51.82348578168982
21.0,13.240306063998492
20.0,21.995117080987043
13.5,31.03686664987488
6.28,4.635217174672976
2.58,2.7264267026587974
8.46,3.7079239789752108
12.15,9.00966282013801
25.5,21.09988111072777
37.8,35.31813775872104
9.5,4.350275792588748
23.0,16.144695480973464
51.9,64.38480621925872
37.5,29.01935931135482
39.6,33.438729878888715
37.9,35.14113011143809
72.3,77.74471349000659
22.7,21.796561022398006
16.5,18.512988821756846
33.5,24.67102832848
5.5,7.583869017923736
104.0,98.94009705415912
5.1,15.449050045540101
5.4,17.347536901372354
28.0,22.801082980405308
84.0,58.07914078565722
8.2,5.687132110151812
59.0,66.5417949518293
20.0,31.31317050493029
68.0,38.5452347929557
54.0,48.45706087814419
6.01,18.880854655531387
1.2,1.6713345116004894
11.9,34.378358401951765
91.0,88.29261244177512
80.0,55.81728479564304
0.634,8.220998901947842
1.13,6.55207872628355
29.3,22.791877293907554
90.0,87.07746879396035
28.1,27.473912192690925
27.5,28.20672637532758
2.4,4.323191886658445
49.0,38.17109421307566
11.75,10.56516288881756
7.5,11.912919971679086
28.0,22.16247485792108
2.2,4.077997490613087
69.2,81.85219798035244
5.9,3.8310810584714985
19.0,32.52412759595737
2.9,8.209942950690971
78.0,59.26489747119809
17.7,15.980018926173482
0.78,1.905129367651297
107.0,122.75864142687273
3.0,5.073161051335689
0.954,3.6442978852232284
107.0,75.83087768773557
92.2,77.92906462514169
3.73,4.256612206960714
20.0,25.748438402397568
1.1,6.003541159266016
3.256,3.1921939282183103
79.0,65.5611113023418
10.9,9.008192274506671
1.449,4.108024247468963
84.1,79.11227594482115
79.0,74.58406646021861
82.4,80.10035155657077
33.0,23.07224329617897
3.0,2.9070905364370154
110.5,104.58949986667709
1.83,3.0774797199643418
28.0,31.76205244244132
44.2,52.94943898061351
2.53,3.662862425378523
1.49,2.0395573862109067
62.5,65.5172448684453
1.75,6.164530495037166
4.2,7.006054808998027
49.4,49.453619488136816
89.5,88.01255388407436
23.2,22.6659142078672
6.98,6.5485575086572405
6.5,25.309795851929472
92.1,87.5559563157587
0.94,3.9200430510731
63.6,63.80418778375563
55.0,54.76440316960125
65.6,69.58872180737173
3.44,3.4997280724484967
107.7,118.73184037944168
86.0,67.90212239191183
12.7,24.836649941688282
61.5,47.52634442911654
2.65,4.164797151620835
57.9,73.27242953219373
63.3,72.08350000847508
4.0,3.322773600720479
80.8,78.66121247373162
3.65,15.82638519881571
71.0,61.06678566229719
84.3,76.49245373859274
10.99,6.633719330090352
26.85,29.43530960634943
20.5,40.627515630231976
26.0,25.247289897188207
29.0,22.7417418343978
84.5,79.32290812733049
5.2,3.4422179278941467
27.1,24.963030501230776
90.0,87.60793419880903
44.0,51.51432759779096
47.0,41.405310147256785
75.0,76.66632298634096
6.2,10.518230713854562
36.7,30.1548006591247
87.0,77.88200873175468
12.0,30.715513418716377
30.0,29.25310183981114
5.0,45.37025303080858
49.5,35.82350711718387
73.3,65.88395912853126
3.0,3.3752039549959796
63.7,59.57757831818943
89.5,78.87240475911628
35.0,66.62375390280674
94.0,89.00331758809658
30.5,28.31496449934726
5.4,19.30016331477012
1.55,6.307396170946171
6.26,5.87269999948273
118.5,128.37859502294347
5.6,6.61525464055033
92.6,88.35344579969849
32.0,32.04126461635175
6.5,5.1854976608682515
5.6,42.65786469393253
8.7,11.111827560834886
93.0,68.67551753662815
8.7,10.698826612539108
19.8,16.866347267521366
28.5,25.631827357877285
69.7,75.12739574148732
106.0,88.7368116113775
25.5,32.33981377356159
17.0,27.7885557921973
63.0,61.401533985536034
70.0,65.56113537798224
37.3,35.31813775872104
0.0672,0.22339064895071167
5.8,4.411379084291798
2.7,3.0192800320417614
27.8,35.57180175171981
60.5,62.41661294275915
27.6,43.451380638272774
10.7,9.169162560703198
0.43,3.2340309060988064
30.0,17.165249525359478
10.4,8.010740756927502
10.5,23.33952115845859
65.0,67.29843968544857
24.73,26.028350280097275
14.7,20.02600203658045
3.35,3.8380402813210948
137.4,114.66152312044692
3.05,6.926749354828494
4.67,5.133391351534626
105.0,88.44233780752859
107.5,106.3023326211236
84.8,81.81547290776088
5.0,4.768802980536297
108.9,100.73996253238086
65.0,64.27736730632282
41.0,50.16049351347844
38.5,34.913265810399714
18.3,16.54577537136545
63.0,73.06788132001762
3.5,10.563845021278818
70.0,80.00248635169355
22.8,46.21417826567886
90.565,87.65516935634145
3.3,4.074362991629778
0.64,1.5462217928393438
17.6,14.728561536393888
31.0,31.420422681467983
48.0,61.77575724945721
31.7,34.94017810277797
19.0,35.83199962185432
7.83,8.364838510260626
20.0,19.318617877867084
90.8,87.65049304750181
9.35,8.241519208449398
7.4,24.836649941688282
2.07,2.6262289353942534
94.5,85.5971943316885
5.37,7.156845692290918
1.767,3.5196454666658186
61.0,65.54643746267372
10.74,6.451609338775254
10.8,8.672538772611244
9.54,6.232508694072684
1.24,3.856506310543897
19.5,29.809992780476062
53.0,34.07781422332222
44.4,38.17109421307566
3.95,4.0477558712215735
7.3,14.159354155187307
34.0,30.906048067541683
10.92,10.526370881469814
91.2,86.98309625109681
83.9,73.7561586264302
26.0,18.532275560484155
78.3,75.07563567602843
8.035,7.738159812328449
1.66,4.002755158673911
83.6,88.13448321647233
18.83,20.356070786874042
29.0,22.659866848656808
1.56,2.6538544596258946
91.11,73.37451977066063
1.9,4.414047402913297
31.7,32.355421587559064
91.075,87.69234351457241
42.5,56.209252645502644
96.0,88.47330630646285
77.0,52.463997279273165
29.9,72.5489835611276
5.91,6.048436862782779
9.23,9.213581022953687
1.56,1.9770931403038658
2.45,3.6034111878831845
0.032,0.18860273046007553
63.9,62.5074666520129
28.0,38.650218036728035
77.1,84.81736049266502
32.0,34.16945733215458
75.1,61.412004417540345
95.0,88.17319360231903
40.1,23.4521440117484
11.6,19.914778198897483
68.8,68.3820826234637
5.8,5.1732651030849475
6.5,4.971360016080313
51.1,71.93237909014864
96.8,85.97352609003359
40.0,36.757150311027104
65.0,63.46348538867455
75.0,51.29356995309466
9.6,6.4616108379058765
6.3,4.678284684303296
3.95,3.6546867860691514
0.016,2.4074847238811814
86.1,78.1953593403573
1.93,2.6355180583796214
21.9,45.507855841728016
5.97,9.475636446886789
13.65,10.036364512266665
0.66,2.0409405714773357
40.0,25.53497324848046
60.7,81.31656628601579
6.52,6.917148286745512
66.0,61.09782852604593
90.0,88.29994404225717
32.0,39.49500870019078
11.0,14.112890964670493
14.5,14.430282996817509
18.4,18.79099608027395
91.8,85.51120953638952
27.0,23.211253321374382
8.78,12.294165223352936
82.0,65.18999267656646
0.095,2.763074133975053
20.0,19.15482037506903
9.7,8.274041345483218
86.9,86.78762841314334
1.9,2.099149705637246
2.3,4.0422920095152985
28.3,23.80811678970606
22.0,19.404363135255778
11.9,9.994434253112601
3.94,4.110681258267482
47.0,64.57283801310386
133.2,127.2648774108016
0.92,3.4659486313927323
36.5,27.88778387500795
130.0,115.9718215364285
27.5,20.443466223043053
7.0,3.1601019349280666
2.0,5.581912691832297
6.4,11.393935766662091
1.72,4.276055365337309
6.281,9.518625237136504
0.68,8.715904935335221
23.6,20.41137024078018
33.3,27.890546779928382
38.0,29.530912738387602
12.2,35.496248997219375
78.3,79.5052105182792
76.0,68.50588695883947
4.5,14.019905561069946
74.0,52.32380981090903
4.643,3.7161661280952054
18.6,7.96194757364541
5.46,8.5801121768362
11.7,15.268400849233645
6.0,7.201490755348775
1.7,3.935071786732802
1.95,1.7198319986833615
7.55,4.436358166345228
25.6,21.470478196373794
3.3445,3.731162627951259
25.0,50.335751141753214
21.9,30.340728823792702
9.2,9.245175698871122
4.1,5.190114381259688
4.1,4.4215584695370795
64.3,74.81472292605456
0.15,1.7734123628244522
0.7,0.6901583706047525
1.5,2.2339722171558827
9.0,8.0264802158168
2.39,3.1552978071297106
13.4,10.634771353505675
36.5,40.2739731269865
44.0,50.21355907541426
89.0,87.80055255503379
91.0,83.10747082609959
1.3,9.75203377969855
70.0,67.09171924621715
85.5,80.24813522231848
117.0,104.18000227156882
4.25,3.204477120636955
17.8,15.191321323210818
24.0,24.01799190104968
0.48,3.42754218360647
71.6,79.75963344470688
20.0,18.420521900784067
9.62,8.727282406538743
39.0,30.40382043280298
0.37,4.576276171386132
13.7,11.393789398011297
70.5,68.6502836239633
6.5,5.1522156384713576
81.7,73.80628550476668
2.78,4.40135302274664
88.0,79.40802678282412
8.66,6.711064770293077
2.8,4.899128415762564
31.7,20.709137407198067
56.0,25.070633774229503
2.0,5.94581550088295
80.0,80.598197535946
9.12,12.65693010987302
5.33,5.770185920766615
92.3,87.5933133827181
3.1,4.915745307330919
73.0,58.7310665430385
90.55,82.43150822247928
0.76,3.1003641841128586
36.0,31.540346239157877
11.0,8.611155247945439
15.8,11.392759457341247
39.0,46.1187069758947
14.0,23.969199529762225
86.0,56.62520499666126
3.33,2.8901257571333425
17.0,13.645895091747066
17.9,19.34875790334727
17.8,16.948832869352685
0.75,4.488794722233659
7.46,16.343124116671635
90.2,81.28001668585051
31.6,25.948448444982088
0.11,1.787444741021319
43.4,47.93202268404038
44.7,51.17907154892799
25.0,35.164550199715464
90.0,87.08833364618997
7.62,6.413858641336
0.954,6.473656774377702
58.0,63.39284038101789
52.0,51.690661427964706
74.6,62.049346515229075
185.0,44.039751976775165
28.0,32.61365333613501
95.0,81.56798461903615
0.107,0.1280471747738616
50.0,48.05517928914899
33.0,67.11188244587635
1.34,3.518208271053769
1.65,2.219691875106424
74.0,71.99503924887169
28.1,21.251027747015154
5.9,9.505755051491379
133.5,116.1851083473268
81.0,59.89384645505054
28.0,45.6258771372635
35.2,32.04126461635175
1.242,3.116852265410398
60.6,61.869246595807304
9.6,16.677489046633543
57.3,52.361319739615645
1.22,1.5309179610235972
17.6,13.077396754678203
76.3,65.6186882831359
6.36,4.4638221422305415
23.32,17.223168159705185
92.0,80.60094759735769
54.0,64.18430351086234
2.02,2.931209485870832
1.2,4.201962953478249
10.0,34.291212690107166
22.8,21.59206568140532
132.0,127.48528725941114
77.0,74.1966975967437
3.2,3.3626663445775797
48.0,45.01611818398821
40.0,30.16580766812834
7.0,50.734966741340344
10.0,8.276782111801168
3.93,10.27680319038891
1.69,3.900171140811518
91.1,69.26682955671589
24.7,28.914793522861114
21.8,19.354478602435627
87.0,78.9490434191227
89.7,88.35344579969849
19.2,12.554656330215579
3.92,18.443760641622703
81.8,79.15181073156872
8.4,6.3173398432879715
107.05,107.23688220469589
4.75,4.014645357825346
14.0,52.977784917829936
6.0,6.3389241012940545
74.4,65.99047066119985
94.2,88.00343411202736
51.8,52.87209989443684
22.9,25.393461140579696
50.0,57.42179575464351
83.9,82.82032046119272
4.9,4.321194306661711
73.0,70.82955996299718
0.93,4.814501346461278
27.1,22.972032042051556
80.31,55.6530853513984
4.1,6.869060238883588
0.4,3.2472370048923014
3.4,5.9187729651998
8.3,5.6500604725417425
8.42,6.403872185977317
66.5,79.70496709099801
53.0,56.30934695974886
25.0,23.1942212495461
13.0,40.10956201186251
67.3,50.375431455323515
93.9,84.81736049266502
63.0,69.40530191001346
5.05,3.524838517117275
7.2,6.03552612590405
19.0,18.103123528998236
24.0,52.19652661928476
0.64,1.7315513298799476
63.5,67.02463516933497
1.86,10.515914091794842
2.5,3.107065511251261
3.6,4.545376787863977
136.0,103.38660998233642
17.5,23.20804745103883
90.0,85.12721710995139
35.0,47.224597750938166
4.0,16.229611228993672
35.0,32.04126461635175
68.5,54.927171334854805
60.0,70.00944936147364
19.1,15.423016380419574
92.5,103.86962629688682
22.0,22.628759068952633
110.0,103.28462800336722
85.6,79.85183517180097
30.8,49.60927032865166
76.2,64.2085201904905
0.92,5.819366374333917
33.5,25.46017617394928
82.0,74.66151317758624
17.5,32.10807405406919
23.4,21.725191622329795
8.0,6.048956668456422
93.7,72.63830179352153
7.74,3.478031820842854
73.3,78.6720760660672
0.29,4.34377688013479
31.6,28.175322778203373
0.019,11.285948052578764
78.0,76.59934201187785
34.45,23.847653457850964
35.0,39.286508317809314
22.8,22.84960684357794
124.0,113.45698744206929
38.81,34.91896099385115
2.97,7.015794809210826
14.1,19.5438678571433
8.7,7.847213820447113
83.0,81.58148873476162
8.0,26.367206813057884
52.0,84.39087782000325
2.42,3.310536701463593
13.0,35.14632739791148
28.1,30.53782612315145
4.44,8.734321660259434
26.7,25.561259251104403
95.3,80.10416090545354
33.0,37.20120608576875
70.0,45.633816521095575
51.0,58.85326956334318
3.9,9.980345131046167
1.3,2.6190408019233082
36.0,34.612920461072264
7.42,5.078085035841418
14.1,20.683223964878554
2.12,2.493833374486082
8.1,10.395260220627234
29.3,24.298954560350452
10.2,8.386886371144511
28.5,25.44940472920877
91.95,83.67010018979164
4.51,3.198946327529821
51.0,45.10575287468384
20.55,19.020570745030856
69.0,71.00309983928965
14.0,57.6186491422454
93.0,78.98163288456091
96.0,78.2468652445205
7.13,7.266128409686952
29.4,25.317991801502107
15.2,12.196034429203461
16.3,35.80157374546286
31.9,29.728072116215593
70.2,64.10521103389063
12.2,7.4113046208938975
110.0,95.70247558798225
26.0,24.924174661927044
5.01,3.532848983158847
10.16,16.04686961845784
58.0,68.19042891275346
51.8,68.36381684135495
1.2,2.561901939122456
87.0,79.90246887933817
85.0,83.25102744123892
12.5,10.44889318688127
1.58,1.7300142883179561
84.0,91.15686405751184
81.0,76.86355702892186
51.0,61.450357306234004
4.5,4.135083873980928
5.67,3.3209442535211764
107.3,108.43461571040206
7.44,5.001541974693711
114.1,104.69557908730249
80.5,80.95165231348433
40.75,35.97372024338351
0.07,3.314362247346948
4.227,4.375719854670224
34.0,36.44682824145693
7.39,5.0511538186688965
23.5,22.528577753037354
2.25,2.430654692199283
2.78,7.499001687166916
107.0,104.79103746686131
2.775,2.9915172379058745
5.7,6.618148846951176
92.0,85.51120953638952
6.23,5.566367033920379
7.69,7.1964902264782085
0.46,1.7315513298799476
104.0,112.7588982565313
10.1,8.99581032844881
2.36,3.262119735999335
36.0,42.78869214799601
2.3,4.037367986238005
70.0,81.66173411150785
113.0,119.05542565819394
69.3,66.23762723933538
67.8,71.16158737894186
33.8,46.37012653607
4.77,4.145403802891461
10.2,7.2959150492500555
84.0,71.79074365515451
30.0,37.311621350056576
17.8,18.619770710193034
45.0,71.9016644096685
0.182,5.600278996077286
47.0,39.30250407423817
77.1,64.57012410568642
2.8,6.817432268335709
102.0,24.985586279672052
34.8,35.570560344825815
85.0,79.49709007246894
1.14,1.847822621487677
92.6,80.45364240521549
4.25,4.872206021599802
3.12,4.658069582186528
2.7,2.9000846226283215
25.5,46.16354667106545
2.252,3.1017547742064564
1.39,3.2246988400202317
96.0,87.74088112620588
22.3,23.32258273680572
5.13,5.745680419466071
10.4,7.4053759569366795
38.3,42.172476783808435
8.0,46.78114596577989
17.0,21.688793423627462
4.3,5.519470239740379
79.0,79.37140615665359
0.73,0.9789195590482876
110.0,112.06805606083199
16.83,10.111510132524435
71.3,77.90926201427528
13.9,20.36074256061352
65.3,63.8674171712435
6.9,5.7114843304837155
41.8,44.64628141682658
41.5,45.9457132913834
75.0,63.64028692703844
1.6,5.247235865299664
37.8,37.34215152400832
30.35,27.809304175975353
67.2,46.52978057616708
3.6,4.90165284370743
90.0,81.88115066721392
39.0,34.07677889565189
92.8,87.00731020303618
76.0,79.46883244255913
11.22,10.735931919818443
1.06,3.622806547742131
86.0,87.31061205849925
10.2,14.4010923087473
2.2,3.532168730932251
3.08,4.724336760079013
92.6,84.74655419353762
1.4,5.482760629058417
2.2,2.140463266711422
91.0,82.39531798947964
71.8,74.82873808747445
39.0,31.023258548332763
60.0,54.13193857835402
5.2,6.8042856275868475
36.8,25.32249358871016
40.0,73.53750967201432
1.71,2.839235232985443
8.14,6.815640155572147
83.0,75.78757459517874
10.0,13.224055143958754
15.0,21.559506689913157
81.0,79.56972912659566
116.5,108.45074779278573
5.57,8.30325492476115
12.3,9.94275647300765
67.0,63.29538222684536
34.0,38.731625608639256
10.7,6.372299626227341
37.8,31.950050769394206
45.0,38.96334316262824
92.0,79.44827224601501
70.0,79.98209740930515
1.09,1.5293794290587748
84.8,79.12559122428289
7.5,3.7793504757349785
26.2,38.89002711106858
36.4,25.530167508257453
1.5,5.018599469662778
3.7,5.898557220563532
73.9,80.24788044824545
92.0,87.20421800735348
5.47,3.2734982167555806
2.39,8.127920153194362
57.5,75.51589539626144
2.418,4.317799863995424
7.25,6.003346094006217
88.8,86.72411466424683
2.4,2.913943634802472
12.5,8.474136887862137
58.0,57.17577405401347
18.7,20.500040191702787
22.0,33.77781144563022
36.585,38.93593168410847
32.0,56.69147862840398
25.4,54.087976923319296
88.3,78.12302515805025
1.6,3.6395667253238653
1.56,5.5976179724752475
85.0,72.60598583727996
105.0,111.78511567157376
20.4,16.828866522905592
77.4,74.93481684455264
4.0,8.977349333761634
82.6,86.72411466424683
2.7,4.851724867658964
83.0,75.56724608953179
7.85,5.244130464851721
30.69,38.52394672924229
73.0,69.26342109725098
1.87,2.056635064354374
8.35,6.399138934515136
4.15,6.180806049600955
0.27,2.2719756344576645
30.4,28.96931220199498
22.1,22.878266782724445
32.25,30.677876179943866
90.0,87.5559563157587
91.4,87.86155580414481
12.0,15.349283618318387
112.0,104.9238664502183
14.0,15.499296189484262
32.0,51.31774248023525
90.0,71.11723036914142
90.1,82.47206684847328
6.47,6.813757350831199
1.0,3.4840428421331673
3.72,6.439747376948959
5.0,9.63246314300688
30.0,51.10242475041947
5.523,4.552589424852321
84.0,79.61404113067
2.11,3.833336065030971
70.0,67.77401068113235
3.7,6.3924582926754105
8.0,34.98357825871227
1.075,3.6546348579524524
95.0,50.71582196009293
8.22,6.289058548550307
2.18,4.0603616916689855
32.0,34.436993361462875
29.9,18.69417683181895
73.3,64.95737289251271
9.0,7.6384100161317265
35.7,35.00056631204528
21.9,57.754741055446075
45.0,62.75393310655394
12.7,6.834763418917063
3.02,4.476586557475868
10.3,10.003810245377654
18.25,13.930901494006037
14.9,12.483707494203792
86.6,74.30035900297615
30.0,85.45379310159502
1.4,1.8868346136097351
4.7,6.168598587909252
86.0,81.79272540089892
0.065,0.14027922604886073
108.0,97.63507023687525
3.78,6.4689427256614005
20.0,16.54309554656176
3.88,3.7897580537786157
7.7,3.981653741211838
1.22,5.537259964777896
13.2,8.150905626350662
6.16,4.197957871514964
74.0,79.21920729126523
2.77,3.394432614958912
3.6,6.030847793549551
18.07,13.549017555670002
70.0,49.84667225855106
42.0,57.64706458626319
8.8,9.781565117469112
19.55,18.985477610910788
0.38,1.19999998588493
30.0,20.43770872357841
1.36,1.77248369321541
81.8,74.44052565995324
0.0138,0.7026739979482501
32.0,41.16182824045205
95.2,88.24977307855436
31.7,18.713552412269877
2.9,2.3716514843557337
80.2,77.03563769249992
5.58,5.6626445472336355
0.78,2.08489204667411
5.3,7.054669263954454
36.0,27.31349636325391
30.0,24.84104116708487
0.85,4.154294084060731
53.0,57.64440788555815
38.2,34.265395825876176
93.9,80.40891923991809
0.41,4.278222860614084
20.0,30.819910309635034
5.32,4.8342248962537315
42.05,77.1847316721079
133.0,123.35519998917404
23.9,19.725560126611533
9.09,5.152512323042223
9.0,19.63285374263455
93.5,87.44431552821186
8.7,6.717541433551536
105.0,105.9535805516117
13.5,18.856712338577594
69.3,60.7754550648794
38.0,53.224396019455604
17.0,16.91775510052274
10.2,9.942031775588779
85.2,78.61915127600916
0.001,15.805932669359825
93.45,81.54171608418866
19.75,16.140734156507484
22.7,22.717219763422754
0.7,5.475697229256476
117.5,109.23652579994976
79.8,65.13637388842527
3.7,3.481470081357029
15.0,18.64589275228561
31.5,35.20629908816393
5.8,7.358841215475184
5.7,8.391541385157984
16.0,61.971108675475584
66.0,78.87201467706448
15.1,8.513020115064805
80.0,78.21069052520879
86.5,83.52973821263345
58.4,50.62907779463922
124.0,113.75298249556018
37.76,32.263567256032665
2.15,3.6914317833606165
22.29,22.920312062708756
6.6,6.708143184330722
122.0,116.3587477944411
2.16,2.6034743015723367
8.29,4.808120115598854
74.0,88.29320845942648
17.9,14.80407402911193
38.5,28.204210123096427
20.4,39.46968450499272
2.1,3.532168730932251
1.19,2.511739090008034
34.0,50.421777933489686
37.7,24.87253240815382
2.05,1.695541201345803
8.2,5.575559594802345
98.0,79.85183517180097
0.75,3.314365325840668
3.73,2.6363577875732114
6.7,7.113971985958278
106.5,71.80698414433205
14.6,79.43229438555933
4.18,3.272102994249882
76.0,70.13704939533639
45.8,57.672481958078144
24.0,26.05019511913297
8.2,4.6537838619247
34.5,74.9174025717245
93.0,80.31367813911771
38.4,35.194380381475725
4.51,5.982361930178539
18.0,9.950161598457905
0.94,1.2681978510968184
2.61,2.816771073681098
46.0,39.44240522408665
8.3,6.790992988755469
7.5,15.493276999313226
64.0,42.587407719482115
21.3,16.855105425003785
77.7,66.97580116209062
2.8,3.5596752262637
68.0,56.666403066148035
3.46,3.833362614331408
3.94,3.354538558314548
8.2,3.968780076730172
51.0,55.64757889035
61.0,72.54545858841034
2.6,4.003732691834392
16.48,11.715696072719595
0.11,5.064152929886804
21.9,13.757548257665121
2.68,12.670604299883909
10.9,9.40277462361323
28.8,28.890632194124734
1.21,1.49728565395641
107.5,106.57685153390466
4.84,6.155325164354874
79.1,64.82494794219537
130.0,110.68167775222061
21.0,20.55315460939189
73.0,55.91515982351339
1.695,6.584408152418108
8.0,2.8452455326626795
29.5,32.04511946907669
20.4,37.46617876781308
6.91,6.237329150185358
30.0,23.674111963027723
35.0,41.591150556507436
17.0,18.681298049128404
34.0,34.054857107289685
91.0,82.38398742590272
5.0,10.441629528595934
84.0,65.7536555582552
17.7,25.277012676445995
11.46,10.484106415358092
79.0,64.685218415026
92.5,87.65516935634145
7.63,6.562541814964646
77.3,70.26974863353978
17.6,14.583825274949534
3.6,6.018655856190931
15.0,27.949720402071865
1.402,3.9400012898387486
1.668,2.4392919255988503
4.4,30.307470672791915
3.45,4.879526792426602
48.0,36.9880971576929
6.65,7.438934681961132
82.2,66.17113386540322
80.0,73.59733567639911
0.6,1.9490398767530048
4.5,6.057070092955704
7.92,5.921444165960153
0.6,6.123042214419302
13.2,12.717642166385778
10.9,17.659337436441017
2.93,4.067214747944208
89.0,66.69698130547447
92.5,82.75952567336002
3.8,4.981843181123842
4.2,4.947276552867903
56.5,48.192376659135526
2.76,4.454336528175459
2.4,6.711721454463729
67.0,67.07598475334028
3.74,3.555754497420704
46.0,71.19647783380634
5.0,5.524535797105738
52.5,39.49594962894261
30.8,22.028627607996317
70.0,56.21327885909262
75.0,77.54335221243458
4.0,44.04560234055607
3.2,2.677366846371998
9.19,8.828819357103399
4.0,4.390826094653147
69.0,72.71866016233295
54.0,74.63448878141898
3.5,9.277754160524415
1.21,4.029456771942271
12.2,6.189638976819902
26.5,46.54104227588189
34.7,31.7199498935192
91.0,87.07746879396035
27.7,24.330108210760063
5.83,6.391252208021822
0.8,3.4542982938377302
102.0,102.71537765784447
46.4,43.237266875834344
120.0,94.06276344424572
86.0,80.95035670334252
38.4,22.96452339575007
54.5,34.07781422332222
16.1,16.70006285877605
72.2,80.598197535946
19.8,15.123439606343922
100.0,102.49254746883008
6.7,9.706150843291592
4.85,3.532182634917115
93.1,88.11746169732821
3.315,4.872367095170271
4.8,20.85632940947863
26.0,41.12527574270225
65.3,50.000531309123716
0.38,5.6430555133673295
33.0,47.88890583623652
87.5,48.68208751342914
4.8,4.303809573882765
9.5,6.669371509668726
4.0,5.776010192150976
72.4,71.9947649190538
5.85,6.0910802511257796
16.6,25.97982197631953
77.0,72.85547185074671
3.0,4.232904805945959
1.34,5.210750928787599
43.0,40.49014913604956
87.5,48.356885169716506
9.0,24.894737279336763
50.0,87.39357967503538
92.1,87.86155580414481
92.0,51.81098263785485
1.43,1.813473936348111
16.8,17.139587806674506
85.0,77.98487968442429
89.4,79.94741730130148
86.4,80.20108135278845
12.3,10.837342576082042
6.2,4.047205197637573
74.0,53.37244030859302
33.0,53.54657501567205
8.0,20.267195358705848
116.7,107.28340289252141
21.75,18.813550345085776
1.0,2.608797302171181
20.0,61.31116693605718
88.1,80.61946116599502
74.0,78.27905679290257
9.8,8.363931779213193
28.0,22.70685334900849
61.0,59.81722851789101
0.55,4.192242291924242
16.5,21.649861186019756
3.26,4.113001182432511
107.2,103.84133078414106
88.2,69.11975932647492
2.2,4.481290790627779
4.12,11.79628971437175
2.3,3.7667566862274313
4.1,6.935665242977869
35.0,26.133177390468852
7.5,10.771555319563717
15.23,11.318576461366991
4.68,5.833802604773543
21.0,21.36847484317359
20.0,21.79148618703764
19.0,18.468964078138672
107.0,94.06276344424572
1.9,2.4100882980686444
7.186,6.776147594470772
0.2,19.62929523278604
0.73,2.478959670101583
32.0,35.31056286302272
5.5,6.05902305788755
9.9,22.551189195027927
85.0,76.56989221251189
92.5,88.11746169732821
3.9,7.7793627539622525
51.2,42.52938916394981
86.0,78.70182671623039
18.0,46.4910907851713
38.0,31.301464908339536
134.0,128.34233569993717
5.1,5.669713712565873
4.6,5.540197266137132
0.6,8.412394869898023
36.4,42.628506908146925
37.7,33.34951895016865
76.6,76.83975208218311
79.0,71.66584576725536
40.0,18.40270787190112
82.0,71.68633138712285
1.2,2.2100688243201914
6.47,6.147244990739853
6.8,6.389993454108377
29.1,26.14878557144829
7.6,6.881951997974329
8.0,10.811202216047544
92.0,73.01782645465978
39.0,34.31476464736884
60.6,52.45909163540251
89.0,80.42551319697421
1.25,3.885341937120491
6.32,5.122855882651008
76.4,66.53589916642798
4.0,8.193838082244467
19.2,21.922994562421604
46.5,51.807604999925445
87.0,81.11759807791839
107.1,105.66712568326129
3.0,20.326751388197078
85.4,79.35015556800117
0.96,26.530084341580995
89.5,84.4453797420516
1.27,1.9958312918703882
2.36,2.1835753569421983
3.0,4.099195729392704
3.51,5.115737956847425
88.0,101.91923896340288
31.0,18.013245032370666
3.15,4.683201646778539
42.0,60.164642186392
30.0,38.9416645577695
86.5,82.57691075903989
6.1,6.460476134950255
48.7,38.196517826479635
9.0,10.375312796151972
16.0,29.228699124333268
66.0,65.93931149808508
73.0,70.8456853402481
82.0,56.99204111134362
35.5,44.47043572440636
20.0,19.75656933878242
20.0,74.89916699027327
110.0,114.74572855598228
0.037,0.1699937392244906
73.0,53.68272040853572
73.0,70.88710170549211
0.42,2.2163616476423007
50.0,90.09910938201538
76.0,79.5020591751327
58.5,57.068338044859615
116.0,120.30028001040723
4.72,4.386666504990027
16.4,20.281491932680712
108.0,99.48497845159804
8.2,15.2477517883005
93.5,77.14138646913003
7.5,7.725501315518473
87.7,86.79704035429735
40.0,32.83117476061546
0.034,0.2460989768363842
60.1,67.08062790715896
88.3,80.76154027803362
18.07,15.516707471107715
7.44,7.702716876612649
2.6,4.118454666943443
2.4,4.431640660936434
2.8,3.8193859281979963
6.15,4.530371699024477
6.5,6.588811766336
36.0,53.1646224579241
85.0,75.99860767130049
8.0,16.64951060972206
0.65,5.7585438110162475
65.0,58.72372626399616
70.0,71.82314742722866
0.87,3.343067888015076
2.9,18.12419586384694
37.1,35.315473598904084
10.3,19.033982838680522
77.5,75.90483737048251
4.7,6.391323653749912
65.0,63.065544513797
14.8,10.466695376789016
89.9,77.88072394815106
113.0,107.57457412614261
20.46,9.980345131046167
91.1,77.3293345956263
3.92,8.620459009827366
74.0,80.1975031038883
4.92,3.3277618116370364
13.0,14.377055281173414
24.5,26.325518490168335
66.0,53.28906900718588
53.5,23.669821079451566
0.35,4.163731609090634
16.0,29.028789381359665
61.8,61.178997546602254
11.0,15.610329293773212
10.5,7.642097795251929
0.5,1.08537287551908
50.0,59.62315737356754
44.0,46.18069725023084
82.0,77.89486666368438
81.6,73.056363975082
84.1,64.26068142161202
9.55,4.483232823681876
0.53,3.4553572441690963
69.0,63.212212620673796
3.64,8.367268391122309
2.285,3.1561589823041043
89.5,55.97741574090177
12.7,13.584879642457166
24.0,23.019860817081177
74.0,83.94238873817136
4.26,15.446636257495143
22.4,19.161013451034478
18.01,16.95052515721143
45.9,49.777243341313884
60.4,75.30019329610887
76.0,63.64028692703844
2.2,3.4209992059468664
26.75,17.51107555684869
12.2,11.165874214330845
56.0,43.52141933419688
32.0,54.807095613320385
76.8,68.59905958615163
128.0,117.87977281661304
6.1,4.5521304474332185
4.3,5.291683133944606
5.86,5.721180865753728
102.5,99.28940389846011
30.15,23.650449411076778
72.5,78.91337647468141
3.625,3.882569903383546
12.93,5.894978199914686
30.0,28.843724983647583
1.17,7.691850295470287
4.55,5.360572533624918
28.575,52.352872837857866
30.0,39.92476332164764
55.8,46.34913810587309
5.75,5.096540893333772
107.0,102.77743334416833
106.0,105.17471340277442
35.0,40.0183719870084
6.4,9.916113262460563
12.0,9.383969380456485
6.06,14.902055760762984
3.6,6.402734629146648
67.5,68.18957019909277
0.07,1.1010078500202687
4.28,4.674838786334488
9.5,8.17439051270408
11.2,12.25522614303059
4.05,3.7960911621717366
0.76,4.034393396581309
41.2,58.59751358055346
2.84,3.4069176333048716
25.8,18.55429432298881
28.0,20.900430880043384
5.5,8.761669741761295
14.72,8.651202713304542
16.6,13.896723606055335
2.25,3.4348311113964503
6.3,7.218358586743647
0.5148,2.4683978893274356
3.64,4.215100638322423
67.1,72.96074481723905
38.11,40.483811793453015
49.3,57.88346372669512
28.3,50.57484156120613
5.8,5.545291702871812
23.0,23.70475518765476
1.46,2.508334852769509
23.5,13.66542277415183
76.0,68.36386772927945
1.9,3.726068627440418
21.0,48.42227334148334
118.5,72.50796730549067
14.0,12.699262798257442
73.4,74.49784430718829
8.54,5.427680006057329
5.7,28.523383542103776
38.5,40.028261541870414
18.5,14.791370827593502
6.52,4.821810187074768
74.0,78.9427223757051
6.2,5.505183962842021
60.7,85.26894917677575
17.0,37.66994137759333
0.48,3.5021304218525007
13.3,19.95459005361991
4.58,4.7843595227097095
25.1,22.180363390043333
35.2,35.00056631204528
1.6,32.50933729474895
16.4,8.395893132753939
4.3,10.764457465336674
93.5,80.91099426684734
73.4,69.04035598036144
5.49,3.8153863074925414
89.7,87.86155580414481
16.0,13.69367666081811
70.0,78.98163288456091
64.4,77.50346632206099
10.2,9.992789978338678
2.0,5.902841112809181
7.3,5.409647865214493
29.0,28.535783522294324
10.8,6.244898070163391
16.0,75.50685017668945
108.95,112.21557803941649
1.7,6.352911782780642
90.0,81.81410354177798
11.3,38.47825560519709
19.45,17.704167666915733
5.2,4.102749652092638
82.0,79.31768718565922
13.2,13.16585798186554
7.0,5.310563318628322
66.0,69.05637446463537
6.5,4.272964376091902
5.0,37.36798428197451
0.67,1.5462217928393438
127.0,118.61274935688743
3.7,3.8321704505380527
83.0,82.07402857323525
32.0,27.545226289184157
6.88,6.212399725584327
1.69,1.8427334532442894
19.9,17.956013376319813
18.0,20.899108335580298
6.15,3.2171177375606277
0.59,2.6191400668969527
56.4,76.3052161365022
62.0,75.62715627778216
1.9,6.002527679576602
0.33,4.573998971034787
0.38,2.515912647670145
17.3,15.98881986538093
20.0,16.728801499040287
4.2,3.3277618116370364
16.5,13.49011403871444
17.1,17.053058090202523
2.15,4.2025205589082715
34.0,43.92879187346363
14.5,12.392860759781536
35.5,34.5042394978391
87.0,81.63767065185642
3.58,3.9825659276327254
88.0,74.66155541292702
22.1,20.27712666967158
9.6,6.922371413206956
9.5,8.499280694416392
1.5,2.4020747241319604
17.4,16.011377502472207
68.0,88.48322948668599
78.0,73.05024657270901
2.365,4.086356323494614
1.38,3.620475267249993
13.6,12.175920441700585
2.8,2.6248211692374888
80.0,76.24478332209512
36.0,22.017565252103612
26.0,24.433594653596664
27.8,26.068183107327787
3.65,6.020417973246332
74.0,82.49952065486298
14.7,17.908162601805717
2.03,7.780256384604758
19.0,16.19354049564691
28.5,35.79804202551771
55.0,48.17437225298652
2.0,2.3810441649861485
0.45,3.622806547742131
3.92,6.503051808786062
0.11,0.20831808685908307
53.1,57.25713816854008
103.0,97.74008042350842
47.9,77.45203498312246
60.0,20.98944268171158
7.14,4.001389937975796
32.0,38.16310612581484
109.6,105.2862193355564
0.116,24.317025988915777
1.0,4.190533905377909
93.5,87.5559563157587
19.8,27.753786646444272
14.0,12.00674224560549
10.4,10.95893490382738
6.2,4.988986505767379
4.5,5.30850173013886
12.0,9.804150022830214
86.0,68.11959463320869
17.2,13.007505811674129
91.2,84.78542378886287
50.0,58.47755176770851
13.3,10.856649399392587
5.0,3.1382059252564853
6.4,9.007065112926151
89.9,83.68011185938522
2.48,2.208804450743143
78.6,38.647032716066
111.0,102.71537765784447
5.6,12.053916996894214
13.7,12.252897264421945
25.9,18.713552412269877
35.0,45.91484821717775
6.0,3.509191502640495
90.9,82.38398742590272
31.6,69.56713291099692
57.4,54.48482857918534
7.0,8.602709760335152
3.7,7.045633934659696
2.49,3.7544398096532556
5.12,5.496844056120773
26.3,25.381750192114776
39.0,25.865703770032404
83.0,73.76187238363686
84.0,78.98817813321517
3.3,3.3188360716424943
13.8,7.869078959829579
23.2,43.90800691257033
19.0,17.666474030172274
2.4,4.259599730091799
2.52,4.003732691834392
26.7,18.935926936204943
38.0,40.701807783702684
14.3,13.008196947499144
2.52,4.692035006448712
10.2,7.145466915300336
60.55,64.94852096554325
57.0,35.501390828350885
90.8,80.35408084089617
24.0,17.63826031946636
19.3,18.907707894016443
118.0,115.37933525892831
8.6,6.884895372365466
8.0,5.921033783233389
28.3,30.068273539449844
4.27,2.4244301869973475
62.0,62.202845664847466
1.18,3.398718305776031
32.0,37.05692661960771
3.74,3.636757536807792
38.0,52.22803619988096
35.9,30.411221425904916
4.77,5.869920038090622
58.0,58.93963476077905
58.0,67.5605010784886
82.9,79.11171061148953
62.0,71.1326113352409
5.59,3.9664608202921263
3.85,4.035240152804478
115.0,112.3452669865183
130.0,127.12993947366935
45.7,51.212528089746066
27.7,51.144331942779935
22.2,23.435193558794353
77.2,73.67558576280466
38.3,34.91896099385115
52.4,79.85183517180097
15.6,18.792599189042573
65.2,72.61822445075924
78.0,73.93984624736534
3.47,3.6149272603301297
13.8,18.75801194408576
19.0,21.15430715471783
9.1,5.7706978320599465
80.5,68.75146631397615
91.0,85.85031982836865
70.0,71.93636768028784
16.0,27.4481457653402
11.8,10.778393910877583
0.77,4.05791239095309
89.6,78.59518043068637
63.0,71.01626604503765
48.6,66.88364689608558
3.67,4.794111004137133
4.5,3.9018828323382033
72.0,75.38502644536182
109.0,100.70403813312566
14.0,18.136094071661162
73.5,58.58810365925851
81.0,78.32179710018674
106.5,88.45349774828688
51.0,58.67303852430345
4.6,4.154303640263286
12.0,51.85956962167121
3.36,3.4887901905501093
37.57,35.00056631204528
67.0,46.91638998844448
42.0,13.141778474137626
85.0,66.19852113712471
1.95,3.3257329526852644
1.22,1.9451945200332539
1.4,5.994073998882068
4.11,4.378110496399384
1.06,2.3966758925876412
92.0,88.48322948668599
10.3,6.739833724497632
16.0,16.305549090953853
15.0,16.646399957974605
84.0,75.33076106255001
19.0,17.54769796561594
93.3,88.28248252097053
34.9,21.950942640283145
20.0,20.178996339047686
90.0,87.5559563157587
13.0,21.392838630112905
81.8,74.5996532376667
13.0,16.607599541071153
80.0,72.62192885392258
20.2,18.393786265135024
0.46,3.763896721977803
35.1,31.194933138213468
50.0,36.08359485395773
37.4,32.491441196338684
52.0,48.35050486463844
58.0,53.233409874018605
15.0,63.945310904544485
62.7,72.70075753400708
24.6,24.672517434653145
87.0,77.67299707141697
18.1,19.36332172590477
67.0,70.40956447871798
8.77,7.070234170418104
90.8,85.25559717498774
18.3,10.599857287302267
96.0,73.0913314931222
10.0,7.379702522073679
9.4,8.150456061181675
10.7,7.355373770276522
3.23,4.554427046522761
7.0,22.928327519885272
35.0,39.306857647627915
5.92,5.843203898983548
63.0,56.01005372109293
38.5,33.8188785494597
10.0,25.498500336359594
9.06,3.490050443430788
4.5,6.787803354429298
70.0,52.79638481553132
36.7,73.89422869359015
3.67,3.5012445252212223
75.0,63.20256645556664
48.9,73.79663485902863
2.9,6.033381725397496
9.0,18.537237072828884
79.2,35.851316310131466
4.5,8.619365229969624
93.0,82.14261577242115
87.8,88.3801042728236
13.0,20.16782132389203
8.8,7.266128409686952
86.8,74.49450144913598
70.0,64.18159307603281
22.0,38.97081293016236
0.93,4.326105107286566
12.4,8.523412433759523
7.69,7.396911311278278
78.1,42.18230973193954
84.0,79.85183517180097
94.0,88.37431395163877
17.7,20.53998668319916
72.2,79.59104067531376
1.21,1.5830499976998305
2.075,4.1799013971013
33.0,30.42302720592092
1.9,3.0049102252804216
85.0,60.367756874046655
0.162,0.1384332822686456
4.7,3.273921441885397
10.1,5.237609164653531
2.6,3.081188884880385
68.6,60.27222576184652
2.39,3.4430223025908884
2.9,13.158050097155378
2.49,3.3777145089498863
3.43,5.082214231540614
29.8,44.83897594230129
28.92,23.586681949558315
4.35,4.64413621749227
2.02,3.3229171654729903
3.54,6.865872168491428
5.47,5.4017746527336366
90.53,84.67691861259543
89.0,79.98209740930515
25.61,22.522784180336817
42.0,37.116604802826515
16.0,16.63425628901102
4.51,14.174744069921559
18.0,17.935707173918946
40.0,61.24367451019043
48.0,43.267050628872326
92.0,121.92964756232439
78.0,70.44060780671617
16.1,14.23997965012453
65.0,64.04184866587258
73.0,68.91083137280486
6.25,5.395561790638055
0.5,3.4875519167401423
86.0,79.09150423456978
13.7,12.409415556650174
80.0,77.70340527074526
3.4,7.283407632428447
57.0,58.02550517091899
88.0,72.20452311719009
7.7,7.086450145964434
12.5,10.569125376827934
40.36,34.91896099385115
12.45,16.30603055285874
1.73,1.9958312918703882
5.02,4.2619279021719585
77.0,62.38133255038127
4.1,4.178233878827046
47.0,48.48526987794595
39.0,30.539824994194202
31.0,30.677876179943866
91.0,88.53689340745606
2.5,4.613007121452879
15.6,15.782958265719465
13.8,10.101606600947425
54.0,69.06745059345384
6.155,9.426921316614305
91.0,87.69234351457241
28.0,23.030750417393193
111.7,119.84585877656377
91.4,88.48322948668599
32.0,24.010215970510252
91.4,88.3801042728236
5.9,6.032963168394495
65.7,77.27657305948608
91.25,87.86155580414481
91.7,88.3801042728236
13.1,9.603067836557209
89.0,79.54195950661556
61.6,69.39012344687285
2.92,3.2657534586837897
9.95,16.03616848281914
6.2,20.165248465782554
10.8,11.570345082171029
9.1,15.053742371828797
87.0,82.21186886903463
41.8,56.224610243822426
7.0,24.471703019547228
28.6,68.83714058870461
9.6,29.482268773509414
20.0,53.08628417694962
16.0,12.942302907594533
16.7,10.111510132524435
91.18,85.00363100640155
7.9,5.850906974344984
2.1,4.164130772567328
26.0,48.79237474270576
40.0,31.446767984247483
5.77,4.127438748805287
84.0,71.93394455645904
64.7,70.02504153216832
78.0,75.93518988559183
71.0,49.17537755509928
5.0,3.760793653174924
15.2,11.818732703069172
30.0,20.54035363346326
92.0,90.51260355014871
2.53,2.811620833752529
91.7,67.9852797340298
39.0,87.69234351457241
8.77,8.173874606973914
93.4,70.06370083843677
13.9,20.53998668319916
9.6,10.327130509983531
24.0,19.769955259303913
15.6,56.470280868118955
1.4,2.050836578297136
71.6,53.048320741563586
7.5,5.755455816981045
87.5,73.56761764582413
38.0,22.408677971439673
7.4,8.084778897182288
3.74,4.719523637447348
9.92,10.714682638287638
3.0,4.322214392850514
35.1,31.420510332688544
20.0,21.552059992066546
62.0,78.59414485603813
64.0,52.193994316700895
128.0,126.05183960486131
9.9,7.327039758613939
28.0,40.421014514128
14.4,18.050719324200298
28.3,30.81068878270888
92.0,102.98491029921325
10.0,51.24448920050553
108.5,106.25114605426928
5.8,5.004664885792446
6.4,4.472715433309606
80.1,77.43351846924655
20.0,31.33621189143136
11.5,11.648287396425795
97.1,101.28216944286038
14.2,13.205531277686557
87.63,85.43613780401891
0.213,0.5832890328659649
18.0,10.041609704918148
74.7,74.64350458762475
21.8,20.160663893580956
72.5,78.10164820384597
3.4,6.586811381180476
1.82,21.2241723444205
5.85,2.839720036567458
62.7,66.07484322489728
0.08,3.622727278193142
38.0,29.086950339823982
66.0,87.49157387503816
16.2,19.719476499028424
28.0,25.663577737804697
73.1,75.8531213375833
66.0,62.53685465132041
21.0,26.828306627906596
51.5,43.00186848502572
29.0,22.607809841140124
39.0,20.03361775457552
0.47,5.486764642576839
1.03,2.71769114368735
0.35,1.7263017441352222
11.97,14.425741735362568
2.8,3.5228125739585647
46.0,46.058756592036985
30.1,29.180053753718038
11.8,8.7053026316592
5.35,4.2698082379932485
31.5,61.162170874899175
21.9,26.763458580469425
4.24,3.534398240229147
83.0,69.52474763842658
1.95,4.833279296185915
25.6,24.49386312061154
0.104,0.7026739979482501
28.0,24.23799813230788
75.2,87.98042693185765
0.018,3.8088077125949913
42.1,78.23707421188779
19.0,22.28861473027285
7.3,6.1750509141171115
128.2,116.8030376925271
25.9,34.644629068402224
31.0,83.22225994956347
100.0,74.98753507476289
84.0,78.89969377394205
18.0,21.250321211988222
22.0,15.196050459889884
14.8,12.66081413241931
84.0,66.65075327520117
3.86,4.009151937299594
4.78,4.3855185263098
78.8,68.01929958336558
12.0,7.522914655134344
2.91,9.116919845448116
3.84,5.240693042975962
22.5,51.33664411815708
8.22,6.483233412351636
5.42,4.7894817818748665
44.2,56.21304066059968
5.6,18.045046209130938
37.2,30.232357854282906
93.0,86.79403384375829
2.27,2.9422345627776942
6.42,5.357473184175114
84.0,66.52285129871993
0.727,3.4895954425778393
18.0,69.41146702572041
89.8,74.86221003470409
25.9,25.0568190555582
10.0,12.617011254023124
64.0,65.47906835607459
14.1,13.484184876825868
3.97,6.012509739284009
23.9,51.65345076789248
107.0,104.52761918520272
89.8,83.39504013615223
3.9,3.714251469257555
80.4,70.69038487062589
5.72,5.540715903021378
70.0,82.80376959516153
5.0,6.645859869855391
2.43,4.5068584889430845
4.8,11.142304480500965
32.9,31.49254085249935
93.9,84.84873485517254
80.0,75.0346281849831
27.0,27.688569110361954
7.6,5.4938502636891835
8.8,7.704724154629657
19.08,21.88251412326752
76.0,72.21640284675637
2.5,6.347457245624416
1.89,1.6949993793643128
21.0,47.76171149764253
26.25,21.962118999598363
115.5,83.00951948717265
27.0,26.334262174855578
29.2,27.523231636542228
12.4,5.723662491179105
99.0,78.19072360919712
1.0,3.5962451421801442
63.0,70.57367636621636
32.0,29.907042132515084
6.8,6.001035792476728
20.5,22.599139229171083
7.0,3.786819578812318
3.766,3.7823939257069474
119.0,101.63809811118982
60.1,55.75085545272402
49.6,60.89773217809762
4.7,5.123050086621154
100.0,71.0479967921617
15.89,15.34082037259704
7.8,9.48087696990656
57.6,63.49219864918562
40.0,38.64100333782537
8.77,14.076180275228532
1.7,6.8121809469917585
8.4,8.293273219361327
25.0,34.94025509947955
50.0,45.16772822354291
27.7,41.101423875683835
70.0,72.7362181390084
4.5,4.791876263791594
33.0,29.399695848595854
73.3,79.70900102219368
86.0,84.57819193472375
3.1,6.694241978123713
15.5,33.6071769448786
88.0,94.06276344424572
65.8,75.88620755891938
1.38,4.479732293004552
58.9,61.682585558543764
3.726,3.7417842790660303
5.1,5.540506453055402
9.6,41.28968169134463
82.9,79.60523559684093
2.6,3.1672570446802615
74.0,72.68976447132513
16.9,15.634387186512157
30.7,27.559006491440968
1.5,2.7604382041516224
6.55,5.30881404135515
0.48,3.398856062089023
49.0,50.25952053310442
7.0,12.28855588023088
12.0,10.299772540410862
5.56,13.008238284237809
0.8,5.161424923756441
57.0,66.38614787270967
21.0,44.2373393877818
8.4,2.6766567594642203
0.56,3.371127543840256
56.5,54.02266015046033
78.0,79.25811852287192
30.0,27.964838795078922
36.0,35.5314043735648
15.0,13.816498704357551
64.0,61.31753830007487
6.05,4.788056921695323
90.2,79.74151801401786
9.8,18.243974430809384
30.0,38.23348020623077
1.23,4.271982230384406
31.6,34.72316440984472
10.0,9.321126873433062
2.01,3.6173229678238035
85.1,79.72389177393413
7.0,6.590882881616217
1.0,2.978388420657681
91.4,87.65516935634145
13.5,8.415526776727859
45.0,35.787945306210744
92.01,82.52185436897125
75.455,74.13691467328518
20.0,20.682558062632513
4.59,6.821887037968179
88.7,76.79133844022054
4.21,4.078910380985277
7.32,6.721301645248131
2.31,3.1049183651811796
5.41,11.324594302637438
16.5,11.338290133783586
16.7,9.524707884338621
25.8,53.57669703296934
90.0,82.38398742590272
3.4,3.2333375247141825
28.9,21.531874700037065
64.0,75.30226812891104
18.0,52.50449240054906
1.083,5.7546395416135105
39.3,35.051962700499814
6.54,6.758154989906855
93.05,95.9915508913515
1.43,2.9322518875000583
4.05,5.537390815807188
35.8,64.56680030929684
2.845,3.757538451042893
83.5,72.15876757650246
1.414,1.9286376417681117
10.3,7.996584130421478
6.3,4.914644658982241
132.9,129.97416975356947
68.0,63.67213900290985
43.0,49.37172850918533
4.24,4.394339766807695
6.43,6.304470225322614
14.9,13.168660932632438
92.2,88.29994404225717
1.52,3.827983063918273
89.0,85.22696453546808
20.4,16.759888808162806
5.9,2.8737706985446705
6.95,4.851902374944771
18.3,17.72687846423935
77.5,78.69837805525057
102.5,100.52296073739689
90.0,43.5215175978781
10.0,14.584603348760993
3.38,4.051263568256528
87.0,88.11746169732821
6.28,4.671888716324969
65.0,69.39919979661809
64.0,55.13257430695735
0.155,2.649555600390787
32.5,32.37566960145679
3.54,9.75288221359015
3.8,3.6299921170808664
4.7,3.842697779070544
10.5,11.260935447995703
58.3,59.05643037649086
2.39,4.986848921393371
30.0,24.22534920988912
11.2,17.83592694347543
2.13,3.491333068443107
86.0,76.67721226800786
92.0,81.69986634656235
9.26,5.529688898233368
128.5,110.50594627312057
2.7,3.2635694463820255
2.89,19.590833853229775
2.0,13.828247569351246
26.0,22.16260960100955
1.15,4.20696977156602
16.3,14.90242057485332
20.2,15.13977388766455
84.6,76.99728216942482
32.5,26.21759376868032
15.5,29.618845061127807
95.5,88.05886524385275
4.9,6.113747767769402
2.98,3.403793955047736
68.3,72.30628261775895
1.35,1.8957432864977852
69.0,50.5083265873542
10.8,10.175052870781478
91.3,83.06787711937993
38.0,53.916789056530206
66.9,73.10725191140234
32.0,27.89572239048623
38.6,57.752349036576355
78.7,79.80607246351609
1.5,3.680725191182894
2.3,4.161931051634267
120.2,112.8919197778883
79.6,74.34558016557453
80.5,58.242994328119714
7.92,6.591174601179445
92.0,111.17298435022728
0.152,7.240717548534491
56.0,69.06364884651336
10.7,10.039300345624515
0.73,5.747218709018372
70.0,80.08945773430898
18.0,10.086727951988962
58.0,58.781240617248706
14.4,13.736983774325207
0.63,0.5152284018864801
26.0,27.44788504535674
7.0,6.433104030020804
93.0,82.91134695569117
88.6,83.63753732747885
18.0,25.77635991021484
14.9,27.816089779473703
6.0,10.327130509983531
0.7,0.3561576332682706
59.1,61.868966335854694
5.02,16.015602175433678
8.7,7.55296188952108
3.51,6.5105861310405215
26.0,24.162568352687963
3.54,7.170984395843935
10.5,9.856251810579696
1.85,16.694761906490093
2.2,4.860956886029438
79.7,79.83012389099531
12.8,11.658869458172326
36.6,64.25265290745533
5.47,5.525321711331419
6.6,5.324510883881732
41.0,53.776168338333186
0.64,4.202378575677129
11.8,14.95721705523517
89.0,84.3005507097141
37.8,35.570560344825815
0.47,3.4500104458414667
23.0,22.707490364499275
21.5,19.631222790794062
2.58,2.8240819761267786
33.2,35.92092996589848
6.7,3.7274457004362125
17.4,12.094047533701923
16.2,11.530953933855292
91.58,85.53293463533272
2.78,4.017110359614463
45.0,26.782221095424354
32.0,25.659339576688847
102.0,104.69557908730249
36.35,33.86271509529969
87.1,82.67146147070217
3.14,2.287816313814964
1.25,3.4433799397845717
7.11,5.140460172659137
33.0,25.802389213964734
79.0,77.1302276659973
40.0,41.201347980858436
40.0,62.9287901328041
38.0,32.805894250040204
78.9,76.8134959975923
44.0,45.214586248399705
1.3,7.067207550477872
30.1,25.19578044514379
59.5,57.899827390874485
2.12,3.7953989648402042
11.7,6.459290714515323
79.0,85.82432071966366
14.2,13.119929706489154
6.1,5.558435900689294
71.0,41.57870755228133
1.47,2.1402630685844937
23.0,18.724307255108897
50.0,54.987029152764755
87.0,79.85183517180097
71.0,54.44532746217326
15.0,17.412181093335178
55.0,45.82776046379047
85.8,79.59104067531376
1.52,7.6111412809551515
16.0,16.320510079363707
10.7,8.036813647322926
42.0,43.81127585786488
95.56,88.06609791518368
7.05,16.912982371903166
24.3,24.74712868136304
80.0,69.00821483486193
58.0,66.30892457177798
90.36,87.87272571859023
11.1,13.269923793887948
26.4,20.831020107646108
85.5,82.69128207772876
36.0,28.017704938714104
1.56,3.5319352678197875
5.7,5.685711819149544
54.0,21.176975601187728
70.0,60.942695020632726
22.0,18.80005987133008
3.4,3.0942772602762867
18.0,18.855167271953654
51.0,41.672689018633065
68.0,61.39306175039764
1.18,2.8366934144577978
2.3,6.674795403974673
8.7,9.02752839886067
9.8,21.044266838625905
105.1,103.17634586094665
115.0,119.77581535253812
83.0,69.5074122383166
1.79,2.697959729681342
3.82,4.002413531782321
2.1,2.668038875292981
89.9,80.86001755691703
85.0,61.587522060216465
2.92,5.570052353853066
67.0,56.215690544204755
9.5,7.140929057943534
5.0,6.019758230644271
85.0,81.40596682805871
84.5,80.06556574509379
16.7,17.532971695361002
17.7,18.162762399333506
8.5,7.9760174519676115
89.0,75.0346281849831
6.3,4.707116527345719
84.0,63.37253611669601
1.9,5.113988592855652
114.3,101.85105563467137
4.33,4.175044839178694
20.0,26.05019511913297
58.0,50.699734615847994
31.0,29.813816716153145
0.66,6.785131898597555
2.0,5.017963669834628
15.8,17.730067384173488
11.0,16.612085611711137
5.8,6.7298799328851295
82.9,78.91700397891265
34.8,61.73280461399811
82.0,74.01672852313072
3.51,3.7867944881397335
11.0,14.829143714020812
17.8,22.17982106218237
82.0,79.43229438555933
0.82,2.5767744988889913
0.94,4.227532911547462
75.0,71.3173738651621
83.0,79.43229438555933
1.4,6.79220714085642
23.3,18.856712338577594
73.0,67.86794157800556
72.6,68.81980347202783
21.1,24.963030501230776
11.7,12.122005586242269
90.2,83.13114706690506
2.9,2.5335563787736497
1.52,2.9997241197622406
18.6,17.718638231385338
8.3,3.7079239789752108
60.0,45.39022651820542
9.1,7.872945562239334
4.6,8.15181815964767
12.9,12.461335724886778
93.0,81.10438641227951
3.7,5.415833083276991
4.19,3.0492613330056026
81.0,79.38189597896594
15.45,13.740237108247037
4.3,7.793352914738625
4.47,4.697157806607937
53.0,53.68235544796422
61.0,69.83186230999411
7.11,5.746481459609896
29.75,32.53959046782836
20.1,34.56315052637091
2.75,2.6470677128672624
7.8,6.460652220797391
91.7,86.72411466424683
7.15,6.369156563314356
6.62,14.186583895504125
57.0,63.25000042512542
13.475,21.867733817571157
1.5,3.11722576676505
59.8,58.55480090765377
29.5,25.124120146607893
6.2,5.301745615099558
3.3,4.944251201002
0.4,4.104673018611269
30.0,19.14457087291323
1.77,1.9757156675861964
29.0,59.190008233473066
6.7,6.1516186460984486
94.5,87.87272571859023
10.1,6.692750589642128
17.6,13.941492338673687
54.1,64.35692349749625
4.2,3.9632999728943474
8.74,8.902042240726002
12.3,8.54983254588031
117.0,111.98812941642196
4.99,6.5054270710969035
90.3,78.57440626218289
15.3,13.740237108247037
100.0,81.92143226434374
6.0,18.507441290843897
5.8,6.123042214419302
7.33,6.633172133808615
1.84,4.594445952923569
76.4,72.73852722367928
20.0,38.969620995881705
58.0,45.63508086673514
0.41,3.3752410429178425
0.37,2.4608880747893966
33.0,74.80815034972971
10.0,14.869960356341075
11.5,19.146454379344288
67.0,101.49145685162732
115.9,94.767326189675
15.5,13.816498704357551
4.17,3.8108143088466404
9.41,10.572780147943783
13.87,13.584879642457166
20.2,24.577641885798077
34.2,46.37012653607
39.1,30.00721866930815
65.0,69.3392085427873
80.0,73.78513631907641
38.6,26.491431897839274
5.45,5.662511697989128
19.0,17.459856131144072
43.9,61.54244286902887
35.5,32.00090004928399
0.5,4.17290844370165
63.2,62.70260939128884
86.2,78.35425376779294
82.0,82.2851139877382
23.0,22.592206181294486
82.2,87.87272571859023
44.0,32.98960500183736
121.0,120.41006527489897
27.0,66.52285129871993
70.0,41.68793641839443
9.77,6.410694595091938
13.8,9.534750748001546
13.8,11.078890516916614
32.4,34.850109252816196
28.1,24.78994157612855
71.5,77.25673348115964
83.0,81.20493637382634
36.0,39.93369295102206
6.86,4.81295859907467
3.95,5.9518496004195365
10.9,7.947760926658356
54.0,75.34259924581137
90.0,78.20790327945481
18.6,9.953908860202802
16.1,12.990991856417086
1.76,2.4104878081268777
0.42,4.175264952174016
8.6,8.508545202509788
0.262,6.460378744001289
0.8,1.858219659839132
29.0,19.604935573272172
56.0,33.35250852924425
2.6,3.0008679991728555
31.4,64.57474354698611
7.53,6.4652153952644165
89.6,65.78802481233676
49.9,59.45076837992531
3.655,3.7388045014372397
11.5,8.22165338707208
6.8,6.399138934515136
5.98,6.395907162756037
20.3,34.97203035341687
1.92,2.1900872957928432
8.15,7.951243158436262
25.1,41.37635595654905
7.49,4.917588448632264
87.0,71.27621020614681
80.0,77.63891297254271
113.0,85.11608670700274
0.671,1.4143300255898474
9.24,5.54975832246587
12.5,26.198150757979267
15.8,15.988504944309756
10.0,47.51811681017694
57.1,39.667520135718135
15.0,10.674467552416063
14.8,19.15162083950297
3.1,3.3602346449324436
82.0,82.86205408034168
93.0,84.84873485517254
5.4,5.183717201295554
14.1,14.023902923856035
4.65,4.379575949536428
38.0,32.575458011128816
104.4,73.68579138927822
1.57,4.054047221550529
93.0,87.19395635040853
0.763,3.069393379846305
8.77,8.266071296219062
2.36,3.3777145089498863
7.83,4.880695354543629
29.1,27.73382933489827
5.97,5.302865096009264
85.8,55.12318800161424
53.5,62.34566851051619
74.0,47.55814659848341
43.5,59.37613402898723
23.5,25.180438463612244
32.0,29.993913583169917
2.8,6.1016282067891785
15.48,13.740237108247037
14.05,7.149189705380355
12.7,9.777380782198984
6.4,4.557938802474381
15.1,12.756470167955058
78.0,66.32162814445923
16.86,13.337383758002511
22.0,52.595289856793386
4.6,15.813891421345438
86.0,87.56672528385954
5.5,6.045107704247105
118.0,120.28155614573774
11.5,9.387318707658652
26.0,24.927826957534094
10.8,8.603972351189864
4.6,6.429444783533452
0.83,2.860115332724881
79.9,73.16688152630807
31.7,21.38478642142307
64.0,64.27749566772086
77.0,51.71756336033621
2.85,7.520699749725105
11.0,18.114806779000748
112.0,102.8763688448166
2.92,6.620289760387593
18.0,14.744993594523294
45.0,64.33242125858924
39.0,33.35577786952892
11.5,40.41811001798102
0.52,3.9879403130764075
1.96,2.180900938651993
3.3,3.4653211202496323
2.26,5.1160864759789435
25.0,44.946267079721544
6.33,4.974905281182213
25.7,28.1560415829338
79.0,66.54854105980827
64.65,90.73326461408062
18.0,48.86554361567083
30.0,23.04103107609784
9.15,11.582731455260708
0.99,4.760762546745241
92.1,86.25501778693295
10.0,5.532666641415217
0.17,2.4765711851951284
1.9,3.3561435755628928
3.45,4.192614619751739
28.2,32.86955464337271
22.0,36.03575053722593
110.0,108.91753263920656
66.0,80.09471451489055
92.0,79.8375877250844
80.0,66.43312464774577
4.43,7.614047837108384
90.0,98.99859659459122
10.4,38.67271407052551
7.7,8.201968441698378
60.0,49.96323914980635
91.6,82.68040852764453
3.2,4.731572526746381
131.0,116.1851083473268
18.0,20.505897203882274
15.0,35.91410146295834
93.0,102.84740485312096
8.25,6.568277251427106
7.11,4.9306688723458585
35.0,72.61046100017381
75.0,73.67558576280466
10.8,8.735722552756476
31.0,29.052695669494444
0.13,0.1128916763766064
6.75,4.962962669474949
10.0,24.306588687744945
0.68,4.103829656505082
44.6,55.70458704138249
87.1,80.77251293297368
30.8,28.20672637532758
74.0,78.746822141252
78.5,71.89949511414247
4.4,2.537853950731048
70.2,55.5672919888508
12.0,40.41811001798102
62.3,65.80186542948258
88.0,78.25490558741316
88.0,76.05916377122033
9.11,8.696355410293526
90.0,80.08262159434952
90.2,87.06691529977623
2.51,3.717566666158939
16.4,11.753608702110144
1.773,2.3087909872973786
12.0,20.482525876642324
27.0,62.781061200121236
24.0,38.903297095666666
9.7,3.63333967662737
50.0,46.02959936653474
30.0,29.16008999932737
11.0,19.8505025771018
54.1,72.34300090491567
0.1,42.05849202639163
53.0,50.582058647009006
76.0,75.51468553404355
83.5,76.03454763482686
7.1,5.969363162096732
44.1,44.048401759678626
1.55,2.4955952277045705
12.1,10.083578622367238
78.0,73.03220760835194
3.3,2.7225889091404856
91.1,76.04656276689205
65.0,48.29328325722512
15.0,13.09201452392402
77.0,70.04464166599266
37.0,28.786038113830347
86.0,63.243450037295254
22.0,24.434929727978663
8.0,28.08963300109004
1.5,15.394320811228813
97.0,79.61549538197353
36.0,35.14113011143809
84.0,72.51607997651217
18.06,15.031501611186018
70.0,68.72947901975091
0.19,3.113370118310483
85.0,73.01782645465978
86.3,78.63102710740073
11.5,9.989468330311404
2.19,3.565626105808202
14.0,12.642962158778158
2.0,1.7610919654446213
12.9,18.79985851495645
1.25,2.2751820057045062
15.0,15.52859906514424
14.0,11.078890516916614
16.1,26.821045444484472
73.3,68.47902612963831
12.2,12.37889822209208
14.4,15.095464508568702
3.9,2.8186635632069454
9.84,8.320783782960987
2.04,4.101976098756494
82.2,76.11547821058194
2.0,8.924361260933221
25.4,23.164049573720405
0.039,4.141010018633287
0.56,0.6462877474589973
5.03,8.173123327577303
27.5,31.890683977324468
41.0,49.80353459814077
58.0,55.651628256051104
96.9,71.40734965998676
8.2,19.681887200046738
18.0,31.28316340291003
11.32,6.725953953057276
1.84,1.8438743132600237
4.88,4.557026062949991
38.0,50.240464506776526
10.2,12.098683675789868
55.0,84.59171092506944
11.0,8.66558116849561
4.08,5.938860459778421
70.0,90.24944952378408
12.0,9.64539553309686
92.3,88.3801042728236
1.6,3.4819535483723376
5.35,4.229865007946059
3.72,3.82768125056051
1.49,3.05551487506301
2.02,2.619889322592676
2.9,3.965536483332517
7.2,9.9718824940874
16.4,12.320881143194866
128.0,124.66465696426835
13.0,7.603634512161134
86.0,81.13195988064768
53.8,31.23595473152649
2.77,2.8348885490298352
87.9,75.66277479503327
6.4,8.351030822349507
90.0,87.65516935634145
106.8,106.12217615678068
30.0,30.42406273971441
4.2,3.9857659038739817
3.6,4.248472045201326
74.3,78.9165195529556
89.2,84.30244370199256
1.35,2.1256597890196205
10.3,9.751962071314772
3.2,7.953570168232784
0.73,2.826023324589368
4.3,5.079032447507607
42.0,33.57968054241949
2.7,3.3513104680786037
88.3,81.3228414201843
88.0,87.07835025929653
10.2,8.496507420108337
54.0,72.39438465594078
17.7,8.267809894223022
3.79,10.012479788155519
80.0,74.62737303461944
5.2,8.277089349537828
1.835,2.24068948530143
3.02,6.411924558145192
7.83,7.984869337316109
6.22,4.396300591119175
3.4,3.5826875803686655
115.0,114.05176844298161
4.0,22.647231518298877
3.66,3.4312353935492714
7.1,22.551189195027927
32.0,30.120534749611867
19.0,19.477801905088697
7.06,6.517024205866479
56.1,71.27487970070257
1.89,2.178993812975876
1.3,4.695190399482593
107.0,90.71622369207275
87.1,80.10035155657077
23.0,17.223168159705185
67.0,49.262691648795396
0.08,1.3644987517504112
12.5,25.0739635185473
23.0,37.81447775307348
33.4,23.61501660783712
106.0,87.38906820901283
4.36,4.321679194688049
103.0,103.00464211345174
31.0,43.592154729170616
56.65,59.18159155325661
3.2,4.69364704910883
0.8,3.1860133083717828
8.1,8.403938789057294
24.0,29.606679707096085
13.5,27.86100483529648
82.0,69.09174207237363
80.0,66.16435155911488
18.1,16.161745208655205
25.6,20.980288089724827
6.4,4.788056921695323
70.0,76.68835248873071
98.0,80.75514788830351
12.0,17.610096074374123
88.6,82.57691075903989
6.8,12.11337308635761
4.2,5.0595662632793355
60.8,71.50795066244852
0.22,0.9930406385379408
2.0,4.763470967741112
77.8,69.41663853349726
6.6,11.253687798810832
78.0,74.56929434114035
11.6,11.151610047818311
81.1,79.85183517180097
17.3,17.871873607679525
5.77,6.0653932990278765
89.5,88.29994404225717
12.2,13.660617759612569
1.4,2.7068040815504553
26.0,73.01782645465978
2.3,3.713808317411508
92.2,88.11746169732821
35.0,32.230942850468026
3.8,6.214687779791364
78.0,66.92075736760471
19.45,21.764710255198544
80.3,80.95822657699237
26.2,21.72234286603186
0.5,6.650912792248633
2.86,4.643061092181898
24.0,40.2760371206639
88.0,79.34760025164856
108.0,105.5199793650844
5.86,4.40333474933274
5.46,6.211203557029658
2.6,2.325853891362408
3.18,3.4279068514109823
6.0,11.049725961795911
7.8,5.125953390081619
63.0,65.06598986963601
6.1,5.869143448119183
74.3,64.53829451129894
106.0,104.35912784082532
30.0,31.72095964394161
92.8,64.82954896678068
41.0,54.385844137861454
16.98,13.795675157118602
12.5,27.297911095848598
47.6,60.34103379975049
16.5,18.50575928895723
64.5,70.27101427491174
48.35,45.53356181528162
3.8,7.213120251257388
85.0,93.01497933880266
8.5,6.609146101018513
114.0,110.13401756942348
29.0,23.35911289867539
4.44,5.7129483544653334
1.42,4.103829656505082
93.2,87.83459796880138
2.0,5.4301180706873335
108.5,96.23945326859051
9.27,6.2428030651539705
105.0,114.94470132435593
1.38,1.9270535630373415
54.0,42.65670593452494
11.62,10.875194133688478
21.0,20.722268800764432
62.0,67.86124131530482
10.8,8.052356146155404
13.0,16.848415897400308
95.4,84.85629604686864
5.21,6.387695006108028
37.5,50.61507345340354
15.5,14.191083396277525
78.21,77.74471349000659
1.1,3.5304608397881667
24.0,63.09568566337462
90.9,83.32159021753226
12.1,17.193665826013618
85.5,78.63102710740073
0.97,3.7170269424266076
22.5,52.43797187511139
2.9,2.8767738697703487
20.9,19.020570745030856
3.2,4.156735364646892
11.9,10.729058783637278
1.51,2.763743654648633
0.6,2.9006731523294507
31.0,26.334262174855578
0.92,5.3933553707795285
2.97,2.4693670538841106
7.97,7.491600746986326
2.56,3.680328590384959
3.0,20.47488263862816
2.4,3.6741915063779134
4.4,5.506923776375144
1.9,1.3760452462088506
50.0,66.49319458905033
29.2,27.658914569419515
12.0,8.227838562915984
10.8,11.295666412182594
3.4,3.751036983004628
95.0,78.87240475911628
2.13,3.460276036808329
80.0,70.07563533937636
0.14,3.4195674935515807
80.0,66.95383527566557
60.0,51.12265681197093
18.0,30.573246197616967
4.75,4.141146018452857
24.6,25.070128272499066
56.25,46.34913810587309
64.8,57.32448836858618
2.2,2.024395375726534
83.35,73.73940869740633
32.6,31.06859380391464
57.8,56.69783395388694
2.65,3.67799441703692
18.7,16.19354049564691
89.0,79.81495072822415
16.9,8.508746443416351
17.4,18.112391291162847
3.7,3.907094873522562
4.69,3.281825881952579
67.0,60.14754880144546
92.4,85.22696453546808
96.5,108.98680848901655
7.0,15.995458161625397
1.79,1.7034866325313163
60.0,80.88853867929892
18.1,9.056115206001389
2.5,7.9835040122504815
80.0,87.26490421270613
0.12,0.523626812384203
25.0,45.922935419267446
4.5,3.889528377699151
0.9,3.801580788735175
17.1,17.427083712446414
2.75,5.040190753505274
18.1,14.573819440072112
7.92,4.931755736969772
37.3,22.911486650253803
10.0,10.57571938976341
0.133,2.7331486886844427
1.89,4.122494747944208
40.0,95.46155943096115
14.0,15.909086964207667
3.2,3.5933415499866808
11.8,8.792635242149872
64.5,61.05457820132583
35.6,14.170837944536665
18.7,17.60711070488976
50.0,42.31082973006093
85.65,82.46788649596719
78.0,80.19852784854423
38.0,34.72792978511008
80.0,75.07563567602843
29.1,24.95025344992729
3.2,11.39667842053526
60.5,70.20809346760595
3.35,3.668139529454929
89.0,61.17257561760071
90.5,79.55278937916316
0.0376,5.067316641307045
85.6,78.24206508557802
30.0,37.05361733673951
86.1,78.15960578801761
91.0,88.3801042728236
2.92,4.244699376980783
52.0,54.657002703517016
13.3,11.224087467209365
1.39,5.9746010773372
5.43,5.064405712105119
1.6,5.905565691914309
7.0,5.830161609893334
2.1,3.881209536303938
88.0,72.5704302862956
5.63,5.703153079249209
63.6,87.16988968216943
20.0,21.921372474481895
10.58,5.477861273922386
91.05,79.49538036928092
23.2,34.00034091570288
8.6,9.867324913425284
55.0,45.27906507227802
0.175,3.4937419100343825
17.0,18.81101765942346
79.5,78.89151928708951
89.8,82.05958915584002
4.3,39.495357649798045
71.5,63.028651394121596
11.0,9.463861633264129
42.6,29.457189111426217
10.1,6.944619228412485
1.78,2.0158285628234855
9.1,8.045577720244353
15.4,13.960596792566797
7.4,5.623259233565706
26.0,30.154458781324372
1.57,1.7437131722550143
87.0,76.23318677950178
60.0,59.957584415548766
45.0,46.562940776131775
29.75,21.458259812115294
2.33,3.4944777763522565
1.6,4.1619545489036565
78.2,76.84836444456184
83.3,50.71309876707089
23.5,43.75486491179057
73.0,71.0766614309698
75.0,72.83967099781705
1.15,2.5517396132460575
0.58,2.399481481420084
3.5,2.007613411218395
98.5,97.88481321105441
87.0,61.971108675475584
85.1,67.3089328582222
91.5,40.58654697856816
7.75,10.21146625526187
29.5,24.337885362310733
91.3,82.75100975784622
81.0,78.40750119568995
2.14,1.8962660563676752
96.8,90.00673451281311
30.6,31.520087782347712
4.0,5.432969804240179
28.0,30.27141460027426
1.86,4.0254408147532414
35.0,42.96219430335986
0.33,0.20812318054906365
1.63,5.2877910525871235
1.043,1.8316469834931441
5.57,5.8498286660906205
15.6,11.987128421692555
17.53,14.639988560113244
2.8,2.6712385985159983
7.6,7.022152082977945
93.3,78.1303865618659
4.0,6.02775733889784
2.7,2.586065753855675
113.0,105.37677336254393
3.98,7.017406346392105
9.5,9.303072329330577
47.6,40.59501404698422
5.1,9.07725945402256
0.13,3.6767321385069613
3.02,3.1458908270478863
6.42,5.936058754846966
90.3,83.10570354629733
134.0,117.87977281661304
56.0,53.81410142982851
18.8,17.838430300657386
62.0,78.91700397891265
37.6,26.02069809333287
80.5,63.53161752908702
4.2,4.162740370924762
17.0,69.1312518652369
93.0,76.35874710455367
61.3,73.13796992604595
2.3,4.543734679011019
11.5,10.4260116328405
8.0,12.01113863963914
28.5,22.612470227182992
57.0,66.0719642350014
9.0,18.487413481901616
93.0,88.30511818292736
9.2,18.172900182903945
3.37,3.5450512889663526
4.4,5.2019302500541995
82.1,63.852077154193914
89.2,81.81075219772482
51.1,43.00186848502572
23.45,22.04662070296745
28.0,41.42959240259229
13.2,9.662533492457621
1.52,4.279791160942014
74.0,67.21274817475489
58.9,67.43366846240211
5.6,4.620065739070349
23.5,30.01992080431979
2.6,7.349502474651919
22.7,19.117589387611126
2.3,3.5250232324531083
119.6,83.9149252219903
44.4,85.22323078217656
20.3,18.741385913526766
30.0,59.88065604336261
40.7,67.61879048324653
64.1,47.13949228296108
78.0,77.35627562286957
107.1,70.08658774722203
4.68,3.808296320804656
11.6,44.28487011048959
1.3,4.1444125449550295
47.6,51.8476940248954
7.5,24.57182020536477
1.57,3.8154419726763713
28.0,17.922997860652192
13.0,19.603042563888295
93.0,79.83078310916824
80.0,75.68916509508021
40.0,38.16310612581484
0.87,8.293244513082186
49.8,52.96660104673993
84.0,81.15854567894472
41.0,49.96662304116685
80.0,81.55411707377934
12.5,11.905326520345515
98.0,105.47651506998142
9.0,7.515478703000413
9.58,9.267639216869869
22.0,43.280728962770105
2.0,6.380246928630592
8.9,3.509837767805742
4.48,3.8216763933154207
6.6,3.4838298623036734
2.69,3.0537924401001812
7.8,11.172412333215963
40.0,58.72678992256447
91.5,75.38094129574813
76.0,65.38355699217044
78.8,79.21920729126523
13.5,8.959967549444773
84.5,67.33863922484414
2.0,3.720788391830476
55.0,51.35630801843184
59.0,58.242994328119714
38.9,28.85269765605293
106.0,97.19589864209814
124.0,125.56253572929239
12.0,9.99075051769154
18.0,18.08681208958475
24.0,19.097472140466493
3.58,2.007613411218395
3.2,7.827825670466888
72.2,86.57309976508941
89.2,83.18452748988155
30.4,28.52298797856084
6.13,6.539394177827964
11.4,10.155586406830349
18.4,15.848464410895868
83.0,74.01979984903762
105.0,102.78429632441511
91.2,81.35402960054357
3.5,45.469194317222026
18.45,14.573819440072112
21.0,9.282029470821215
67.4,92.80739664025658
113.3,114.22305638530527
11.0,14.055301039317133
23.1,35.380194058065065
72.3,67.22747166666777
15.5,4.888704527246997
92.0,73.19132350113675
84.8,99.60822056106467
84.0,88.0720312242136
2.5,5.475698475076776
22.6,18.057901592517933
100.0,104.6211812440786
80.5,73.50936901379923
47.0,36.19650787941891
3.9,5.240693042975962
42.0,85.22696453546808
89.1,73.39091205097911
18.1,12.879625113271139
0.116,0.16297157122489378
78.0,75.15285145321326
125.0,114.94470132435593
3.3,7.3012186004966075
51.4,42.67146498493497
85.0,56.26095877776505
4.52,7.128354245987295
108.7,90.22269322621108
26.0,24.50185189829104
65.0,80.07404957747106
78.6,77.7890342665629
76.4,79.33264578456598
109.0,116.21318721768932
2.55,3.204026478158832
46.2,65.42572206736287
58.0,50.43199613204465
34.1,25.544414406120342
8.76,11.768813049804631
88.0,80.53246608691093
30.0,22.664055555184284
3.52,3.0560609422093785
5.0,6.886446370366883
2.94,3.7552619837886505
3.959,3.3472245461895334
81.0,63.900100323744695
87.0,81.39656801077784
9.34,7.938903135194132
25.3,15.63615010693248
0.37,3.1860133083717828
32.0,55.93406331683034
17.0,16.000075782192862
23.0,18.88106767734161
75.0,74.91711469577754
25.8,24.730446525652596
49.0,47.896630830501174
3.05,2.9760823599135633
3.04,3.674188852371925
6.8,5.153190363160307
45.0,46.750863150560996
90.0,88.23275155941023
0.174,0.7026739979482501
10.6,10.361424234148805
9.275,5.188459362352165
3.34,3.6133511133667886
33.5,24.013245008400705
3.8,3.468905026185007
6.8,4.557938802474381
124.5,116.27451427270118
50.8,51.220778812288366
4.65,4.176722266401169
57.1,69.40045190769749
8.85,8.097395027994049
27.0,51.087281325882756
116.0,107.88466820575461
16.8,22.572546300728256
91.1,43.94900639085092
42.2,27.309370331696094
87.0,80.03747065049068
91.3,82.78135931793166
7.7,6.672871945979854
5.99,6.235953817529416
52.1,55.01041400595958
102.98,73.18150791485586
0.25,1.2555770541027524
36.0,58.05819812456013
2.14,19.498492585805913
94.3,87.69234351457241
4.0,6.3765464081699275
36.0,34.76510026535535
123.6,116.85842851902132
32.5,38.01448016151749
6.4,7.663734575206308
8.7,6.022500786722544
15.9,24.68481052963359
1.47,4.68256538613382
0.78,2.0760063574040806
110.4,125.65047106503033
75.1,46.76958647215987
58.0,72.09241451499267
2.13,0.6699176095528102
88.0,78.68943202877024
2.3,3.7868156134290833
28.0,60.2056935012257
35.0,45.62206308141906
20.0,28.578494141907075
2.82,5.01278893496304
44.55,26.867566946268994
5.9,6.196325862547551
80.0,63.75493963879316
102.0,100.15921070610919
22.36,36.57868520217705
14.6,13.64969670872373
2.0,3.643998000563354
3.44,7.530112075761318
13.7,14.631407209643584
81.2,80.56933178550645
35.0,41.11898803087401
5.11,4.822521292102542
11.0,19.043875991014552
24.0,20.076483864242032
9.33,8.072839477017384
1.58,3.666026848930582
9.3,11.460889252530935
40.0,25.438647780281432
23.0,12.289395530872763
1.23,2.9069342010122234
1.9,1.741386824272254
27.0,24.221994111378017
7.1,5.316044667052271
27.0,43.11996710364793
7.2,5.454612971139055
41.8,28.725933213725632
55.2,70.12356572323279
68.0,82.00854526264015
18.2,16.49746106429684
25.0,22.563698101419632
79.2,74.57057253944264
19.5,22.729338841347474
37.7,35.00524103805597
0.27,2.3806490527133692
3.0,6.256978278010276
45.2,54.82665417705928
23.0,29.347182851296278
3.24,4.695034278898045
127.8,125.27189939665823
32.5,22.903074593726217
4.37,6.326724094893951
10.0,30.76626567133951
4.12,5.532389790166763
0.0164,0.10481673952255303
28.7,32.104398899987096
5.7,3.926628469207444
93.0,86.53055338116981
3.67,3.6672574191006837
30.0,24.727203603119072
41.1,40.821397004542014
9.0,21.624056455709674
5.4,6.672367818241111
64.0,59.538890364516064
31.0,48.04716228981583
25.6,24.929662319775773
32.9,30.280133908753587
91.0,81.39932495631798
22.3,43.636525499461655
21.0,19.631222790794062
81.0,75.61115924167659
9.0,9.545917602866568
3.2755,3.9410594399463834
74.7,68.67425183097174
91.8,79.52654898744561
16.4,15.131571255387623
49.0,49.78596087210277
6.9,6.284430050766133
22.0,18.041245905211742
7.2,6.330591182407658
2.7,3.499043162125695
48.8,49.07330674134737
92.4,88.3801042728236
2.28,2.6513394769788423
2.8,6.16665757262444
7.0,10.390703040358934
43.0,48.879146561768394
84.0,74.72997321081174
100.0,111.97570750094317
89.7,81.170425256663
45.0,63.37176356707598
82.6,81.85219798035244
2.78,4.606846605286279
34.3,31.890683977324468
7.02,13.817713150730317
10.5,9.260082694851151
87.56,74.85567736277284
10.5,9.609390596502505
109.0,100.66290753116667
93.0,88.3801042728236
37.0,30.056375985627987
2.4,4.841729775796818
6.6,5.1643104035726575
50.0,50.92173640205431
17.5,7.935436439968327
1.96,5.5281820617630615
2.48,4.113841207615891
8.5,10.673799548450468
95.0,88.99477343018005
9.97,8.65140781848228
82.0,58.138311154371365
35.0,32.32977508616273
15.14,22.107503941774972
36.3,49.65965408724707
20.0,24.214684837803713
4.23,3.239149001908441
13.8,11.981835798049229
47.3,36.375954712455
84.0,88.92224185917077
30.0,31.548661340056437
5.27,6.263427187724194
73.2,70.09994893674717
71.0,52.58524712762857
92.2,83.93721444954237
21.8,24.79489342529456
20.0,34.704192812157764
52.0,74.39758124462296
24.0,22.293767185832376
100.0,96.41057288102438
8.0,8.477046974477604
78.0,97.57236536779152
6.8,8.135857846920855
2.8,24.317714870616363
79.5,72.43606613553978
3.1,6.348740524821025
7.7,5.293764505641048
96.0,78.56960496567756
11.1,14.144293883590798
83.0,58.73666460222804
22.0,16.404544791182943
18.7,13.720994477704892
90.0,88.1562325716915
26.0,23.847653457850964
50.0,73.01782645465978
3.51,5.435785907917335
0.81,2.0775125797955383
68.0,82.31554280567374
53.0,74.61387974518215
4.3,45.489116642616096
35.0,42.004422904159625
27.1,24.083250923646947
5.62,6.118417321527401
1.44,3.4656453756866177
50.0,50.16255626365001
1.13,29.71907710813492
82.0,74.23552082019509
76.7,78.1716167745493
3.7,6.890573890012464
6.2,6.848218655054499
4.7,7.5606943341168025
88.1,87.86155580414481
12.5,44.778739047030164
94.0,88.11609328174892
6.72,5.127085079446543
30.6,31.586663394349976
72.0,46.55814361416961
89.0,88.29994404225717
86.0,64.94020402354799
26.8,15.73059485739769
83.0,85.89253856232158
5.18,5.598933954489965
27.5,22.129352366704364
2.59,14.195727342887146
0.095,1.3523662921090405
0.87,2.260422255582221
3.5,5.718835047308113
86.4,79.37140615665359
6.61,5.217914711858386
92.0,80.44424392778049
90.0,84.2770002874404
88.1,88.09388170214866
2.2,3.4404706849955122
89.7,88.28248252097053
1.9,3.461328220701266
37.0,36.17491730604148
38.7,37.10736698684829
12.1,17.788733095558634
83.6,75.46839529143948
12.34,6.7109680564825664
22.5,19.161013451034478
21.1,43.441453841055576
90.0,74.21846275860999
3.73,3.758176682998631
43.0,61.97767459189737
22.6,35.051962700499814
9.6,6.9914940031905255
109.0,91.54902148880583
5.64,6.747264275145261
69.0,58.99269172399988
95.0,40.83646803151977
84.5,76.01561855224864
72.0,64.18232980300122
7.12,6.708143184330722
86.2,82.2454893422458
60.2,62.430071972734005
31.1,30.045796361963298
3.0,5.46470997890939
3.93,4.325804828520817
10.0,4.029325226397309
77.9,58.85221819230613
65.9,70.89975225664189
2.46,4.932724011624526
85.0,87.40143145645901
6.15,5.830559728122839
64.75,64.01252303636095
84.9,79.59104067531376
74.5,67.27632744935363
74.0,77.00843716818854
35.0,59.53380902756356
37.2,31.729704082717188
91.5,79.5660209939083
56.1,51.80617186268687
3.98,7.174713148190064
0.0423,0.11639054946987092
2.16,2.728746329668208
4.2,5.8611668151608045
30.1,26.607403951900235
14.0,11.533015280131124
34.0,17.006817396275217
39.0,34.913265810399714
28.0,15.919589317961172
12.3,12.611661503144632
18.1,22.591536964297703
109.0,109.48179964749951
3.7,3.7633369295121155
3.9,5.474283717408022
2.1,5.865095931730785
85.0,92.59725983724607
65.3,67.45743777841625
67.0,78.65476496796302
88.0,88.17319360231903
10.16,7.21300834185806
79.2,39.93468979824917
48.0,50.495705796253205
9.25,5.296777457801653
5.54,5.211193892355776
30.0,44.329667060373666
20.0,15.62024462406516
46.0,56.982737003440924
56.0,63.626951453687845
4.57,4.028876967496482
72.0,60.074840884411714
34.0,43.01368758346426
90.0,67.45803549489376
4.8,7.274310526062327
44.62,38.01293385487881
25.1,30.085390810231438
35.0,26.63529054198178
2.6,2.857863975712332
30.3,88.17319360231903
96.0,104.51215403326744
81.0,60.11016816311914
1.7,2.5530035217165565
5.0,8.173123327577303
6.5,15.853238376185079
1.07,2.9099883206190578
91.1,81.66173411150785
53.5,62.40108588218676
9.5,16.09975687541745
8.2,9.825184622420084
18.05,14.512667577326628
4.54,6.959366221248559
76.0,85.89367588806824
4.36,7.302933409308744
4.16,3.77933037902439
53.0,51.72480688361903
0.22,1.4367634562214668
3.77,4.205692623034153
81.0,80.44424392778049
80.0,81.31656628601579
12.0,55.74007490536649
55.0,53.38664738491371
10.3,11.085844879147164
30.5,32.35220145245205
2.72,2.9915172379058745
63.7,71.04662249658541
78.0,45.58711700615915
33.0,55.29006681432528
2.0,4.955040816231361
67.0,59.54351653322705
63.6,55.85827480449126
29.0,19.749105493819577
0.132,7.132307500550983
0.55,3.559638456574465
49.0,41.979658767399236
1.165,1.7693735310627334
55.0,63.29664930392167
70.8,73.17059659350623
67.7,85.02721369044883
62.5,69.5074122383166
0.00021,1.4615052537931732
6.57,5.3439456373137055
60.6,62.41661294275915
52.9,57.47739573706709
56.5,61.27600061968351
55.5,58.297476231756384
21.9,29.78069810390774
88.9,61.971108675475584
43.1,42.78140730996413
6.0,6.8069614383415
36.1,34.94025509947955
89.8,67.88913339073387
13.0,8.161304061946236
89.7,74.89391043302734
4.7,5.448086794293987
10.0,7.524501372900913
1.645,1.9286376417681117
11.0,39.06799160969233
78.0,79.43229438555933
58.4,88.17319360231903
35.0,36.9880971576929
63.0,84.72432273297142
20.7,32.30982544629244
80.6,68.67551753662815
92.0,78.82968643727935
93.8,87.6035442545448
0.65,2.965024746652844
52.2,57.20844582323047
4.11,6.182569395754087
70.0,76.24636627150866
84.5,59.26922664762409
60.5,75.05576909316792
4.8,7.0265694030388035
0.87,2.3769075203751533
74.0,50.94409599903911
27.1,23.424428934465617
40.0,70.72571817767655
8.86,6.637066884883942
0.2,3.047429081293355
30.0,35.391695321456865
13.7,11.994273992378405
40.0,45.334083042989676
6.3,5.565028126461636
37.7,28.26713273436642
0.69,1.9621201633124667
73.5,72.96074481723905
1.7,4.983283328307039
0.84,5.508035510602563
33.9,68.89065053704628
12.2,14.653322623842305
4.58,5.053598526082107
2.61,3.40383729218925
1.48,2.8244632726603602
19.5,14.569508262470729
78.0,67.64266346875873
4.2,5.409500701247635
52.5,48.47162979881984
3.6,3.5277360677050456
1.37,2.971095733383519
92.0,85.47380599787061
20.0,27.7885557921973
28.0,26.420692285333477
4.7,4.323191886658445
90.4,82.49952065486298
10.6,10.467983595625801
46.18,37.81040514236173
16.2,19.926798626639602
75.7,76.56771064856983
79.45,74.45500477412106
88.0,60.56728392422121
32.5,25.436513143233213
0.72,34.08171112920415
86.0,80.62541480143935
6.9,9.007541378468614
28.8,28.11735066514351
8.2,5.032484593604705
93.0,80.7218867869778
1.1,3.8133654051366306
68.0,59.892074652637
50.0,64.5144833437761
69.0,66.8685813158183
6.84,5.735002480227739
2.9,3.0883917122883875
128.0,124.31042462524641
0.61,1.203545527007229
1.6,3.5374486236998135
21.8,18.28772037526811
8.35,4.472715433309606
46.0,45.334083042989676
95.0,79.7197733808528
0.763,6.906882372969302
22.0,19.200057350698543
71.0,69.00791853281956
84.4,87.6035442545448
93.6,73.62381538797781
82.0,84.78542378886287
4.39,5.981775361205515
72.2,61.353172371977735
68.3,70.66221861904279
5.0,8.86579760315143
23.5,30.222387215154747
0.311,2.2406677247761455
4.9,8.398103684288294
21.9,20.20741885151379
59.0,56.58076251170018
89.0,75.05173620052484
8.4,5.125390355361814
3.33,5.857498815488715
1.75,3.077764443711194
86.3,73.38141688233708
3.26,5.2395304229181665
53.2,68.47828652872471
27.2,25.674181724549058
58.9,59.358920868817215
4.49,7.0198009342593215
35.0,38.34707207207971
3.7,5.964498453451474
7.25,5.685711819149544
8.0,5.918529625046134
77.6,78.93402383615566
3.5,2.579374572137219
14.7,12.751661809617415
4.75,11.42644767535323
62.0,70.83212233085716
14.8,16.048331090852123
12.0,11.732547182015772
84.0,67.7928302302084
17.2,18.757687080070887
90.9,84.31035535662568
4.0,11.944021083337885
75.0,77.16973681062294
5.72,4.6309396082221
12.1,10.822465644237399
2.87,4.101502362771781
16.0,31.271717798279315
133.0,115.39968653976943
4.6,13.059526829570157
22.0,16.759888808162806
48.0,58.522949360111326
2.35,3.199392066306988
1.65,3.312822343681329
25.7,29.563642169474498
80.2,53.913986698580935
57.0,52.86112318197525
127.4,126.66495850631088
44.0,60.98196095299412
2.5,4.3026439254229425
2.5,4.572331706271659
27.3,25.11331625778873
90.35,82.79730948617683
10.0,11.26699339393338
2.8,3.8685915586983897
7.6,7.654918223439968
10.0,12.902741130370456
93.0,69.5074122383166
5.6,12.315655527826703
30.1,38.15179576386278
9.2,7.6317401558335
3.8,6.686734694988845
1.58,3.8253176817942443
45.0,65.71786252713075
118.0,128.7724664214336
22.5,19.252939177325864
4.5,3.85235095115941
1.0,3.515347562425744
73.0,79.21959498374433
1.4,5.144174778985869
81.5,78.4015961959286
84.82,78.0538008873661
0.05,0.12010518193140819
13.56,16.484612815740995
6.46,6.414404126106884
38.0,35.897324489603996
60.5,55.34642773047272
3.5,3.611748457119548
43.1,40.955706534678114
2.65,16.56348292500652
6.58,6.14031600466827
17.2,17.108196766491723
4.62,3.9835845462831334
84.0,88.95757651531372
22.0,28.33119920722628
2.5,2.6536329022660814
0.22,3.4915465729237223
2.97,3.3697100476476884
23.0,35.05285324305084
30.0,17.989737834496378
132.0,111.59689705404445
106.6,77.74996273440713
33.0,41.949319269649294
9.62,4.166644785125749
92.0,76.46634307213981
9.4,7.926051354155123
71.0,55.26315856594737
71.4,79.59104067531376
21.5,54.17245687306974
15.4,15.546492517584523
4.8,4.386666504990027
84.3,75.29275285261777
37.5,48.490059352973404
73.2,68.11397525627102
76.1,60.805792428136996
4.51,7.353164225391034
3.3,4.724336760079013
65.0,56.701153520209665
0.9,2.978388420657681
27.84,23.60168331450716
0.048,1.8118756665849793
0.15,1.990946794709206
67.04,66.19870160391552
60.0,68.39846662282554
35.0,26.8763313843419
50.33,79.72389177393413
5.03,3.869216383629985
73.0,79.6993973625289
16.6,10.491516171981333
4.5,4.754257175801071
121.3,109.54740456756147
36.95,35.89506678728361
4.3,3.541932671622226
35.0,35.94703610604483
3.07,3.794408698951285
6.4,6.286899693537429
116.0,116.68102266773943
31.0,19.80904462359038
5.6,5.638400720218758
73.0,76.49059303649652
16.0,14.881139162054938
1.5,30.95335189887825
24.0,26.238562770403828
1.18,4.58546947922876
15.8,18.635580056838183
86.0,72.54545858841034
58.0,67.82953661278279
32.0,28.981668657177796
4.0,12.38153562002401
32.0,24.391351299682924
25.0,22.04662070296745
36.0,36.697290812171914
56.5,48.127453903152464
84.2,78.42127079641924
90.0,85.68968212850707
4.345,6.566805225738084
23.0,33.155318047416564
82.9,74.68586375407911
112.0,100.89896434446767
83.0,61.7118041952159
4.2,5.130016579961031
79.0,69.77378845588444
0.96,3.1106157194898096
63.0,54.72600294465447
5.1,13.142670989491753
2.0,5.470261585963694
56.0,41.816785397175245
89.1,76.68261447267568
75.0,72.86497583702653
7.1,5.875452045226294
32.0,66.00210651066644
35.0,71.5362715508684
0.35,3.0689758954171134
5.15,4.050991305233521
3.85,2.6450206905996745
1.92,4.512831878072382
4.57,4.226459730460454
8.8,18.94883176989571
6.5,7.057956521072191
19.0,42.18344716149113
33.6,30.761730761500854
5.1,21.832065050202946
26.5,38.27859413710045
110.0,78.02187370990758
14.0,35.26995664046516
15.0,15.251666132678524
22.3,19.404363135255778
21.0,29.357765049210798
11.4,18.856712338577594
52.0,65.152102409122
66.6,66.89187735084322
27.0,22.72956841611391
0.53,3.289361717051836
5.18,3.955729209423051
64.0,69.26917478998845
32.3,71.85534397777951
73.5,70.40615318952781
74.1,73.08272359152605
48.7,46.92702448738595
81.4,77.89308648720534
81.4,76.93162742876214
3.7,4.9693430341841
75.0,71.7215860046493
6.0,13.68647497058078
0.09,3.107550951879673
110.3,126.9637188698151
3.6,4.160006050558199
37.4,57.384002884929664
85.0,80.16462823708667
1.696,3.092138511985981
39.87,39.32980598826029
15.1,13.548593518507694
4.6,6.193838227978341
7.68,5.711003009238133
2.49,3.186561727451925
3.4,4.015244491267785
40.0,29.885618406434283
33.4,28.330578283219054
1.82,2.050570328659333
15.75,15.76295195165969
4.37,5.2614652626648315
93.0,87.86155580414481
69.0,53.295427044501174
26.0,25.064226003237636
1.86,2.814642450423215
79.0,80.68861293625774
4.65,4.177158510652984
11.2,27.848648280366977
4.7,4.958851987223345
113.5,99.8482744626278
6.32,3.480768399769031
9.0,7.21300834185806
78.0,49.46260457524607
92.65,88.00343411202736
0.92,4.228216185931412
87.5,79.16890539816231
85.49,87.86155580414481
30.0,28.048417702908825
1.85,4.256607093764049
4.75,5.01056156723561
20.0,28.264154749302875
16.9,21.382925503759786
35.0,23.019860817081177
1.35,4.02426139685141
3.06,3.5822079246832224
128.4,93.91985204103483
20.0,18.65672439337002
2.97,3.7764650873122325
27.11,24.253271405204508
49.0,67.87620148104395
76.2,77.93218755259304
29.8,24.02282093377417
3.56,3.9429558111914975
21.1,15.768846805474286
0.98,3.7170269424266076
0.17,3.3313287985590745
18.2,23.87361104841799
27.0,21.646543829345013
1.95,4.782782964647593
12.2,9.8559659906117
3.88,2.9455702801878965
1.44,2.9427384661707503
91.0,81.06592559072044
89.8,72.71197731959015
2.2,4.178598502217268
0.75,2.067419853499374
7.33,6.227774388626628
110.0,103.25949936057
39.2,34.913265810399714
67.2,79.98209740930515
85.5,79.47726249154061
12.9,7.519974635553662
6.7,16.360655519582586
24.5,21.813791547559983
11.1,8.84999129653277
11.0,27.27305151838755
0.6,2.2618076638704046
19.0,29.8500765956988
40.0,48.15401992263712
22.9,19.462003116712076
0.25,1.1164470100487036
38.25,35.98739086637236
2.35,2.8505741878381294
11.3,9.504437375720492
60.0,71.89840516264906
6.1,36.424409538281665
68.75,71.04662249658541
80.0,66.03787488488375
9.22,9.53342208665083
110.0,113.19761866437138
4.0,4.666383448893094
120.0,113.9945089187089
88.5,64.05544386072556
2.4,12.495898283622761
78.0,80.42748516524969
52.0,87.86155580414481
24.1,30.022391132962095
44.8,36.32875965990111
104.4,104.22988757992243
84.5,82.55554113162184
2.2,1.830379862262499
93.5,79.60444981572132
91.1,85.53293463533272
105.0,99.47553027274628
3.1,14.511904555013237
8.0,5.481254476841428
30.6,30.79085682613352
52.0,63.881557631852196
50.0,52.02617377820195
1.88,2.0156361690542215
44.0,63.60518319227042
86.0,70.58619077430806
134.0,125.65047106503033
77.7,79.21920729126523
22.8,22.342351306986806
73.0,63.40687654435828
2.24,3.1124740594848723
69.0,71.67664731592274
31.0,47.887707589868675
54.5,67.42466940860147
10.4,10.770786598939608
134.7,123.87803580815783
85.5,73.32064709328219
16.0,11.446161747901938
7.9,4.926276122345189
12.9,8.036813647322926
70.6,68.40853032687518
2.2,3.727962113044773
5.35,3.4341109566773027
1.25,3.5963138136555477
17.98,15.755960349120866
73.0,72.12757597290492
29.5,24.52698922683409
25.6,53.55142456978827
17.5,12.239951100567263
42.0,60.48911487990426
7.03,5.677034613543471
2.21,2.2682820236406016
115.0,108.01619320874354
19.5,36.97922514799456
79.6,78.4015961959286
38.0,30.763479714572384
83.0,66.87864264243673
89.5,81.2145318035296
90.0,87.7247703541926
79.24,71.93247734811693
34.0,20.17880743585589
93.0,105.39862963077249
44.0,44.3660473387334
131.5,125.9647142264823
73.2,77.79691627364915
41.0,39.169723956598915
1.694,3.3913695519979483
2.23,1.806484017543189
32.5,24.95804426215269
38.8,42.286766788191414
24.0,23.62429846957501
10.23,8.950950636543883
10.2,10.260725368708096
37.0,32.45268197746546
3.0,3.732235316002561
77.0,85.25235715595142
102.0,97.79081946436385
38.4,36.275230577646425
102.0,106.44414676803437
38.4,36.10407020274156
31.0,30.12138002280037
3.0,4.417636427429397
4.42,9.896737556961357
0.16,0.18025537185985405
0.03,2.416402663396666
91.3,88.3801042728236
15.0,15.333195005307566
35.7,32.04126461635175
1.8,4.6216028717328435
94.0,79.64806870318253
90.5,74.58921855597883
7.45,4.691004582434273
2.86,3.3539897591611534
68.0,79.25811852287192
61.0,65.67882990257846
2.7,4.731521983767041
11.5,10.475185677836214
58.0,46.48603525187695
70.0,73.23065139084699
12.5,12.427465916364952
47.0,42.95940923721402
67.6,74.92040812184074
32.6,28.642606520288428
5.71,5.35704778243079
4.2,3.1820739485704013
27.0,55.8955257177326
108.0,102.5526578885271
25.5,18.06089025793421
77.0,74.93390661776755
18.0,20.751624509562003
1.0,4.191616916300602
5.0,7.393445874949749
8.5,8.172021036439146
18.0,23.41256576634359
0.034,0.11857353230588222
72.9,67.90165464393067
84.0,85.53293463533272
8.2,6.093022281627959
8.0,5.759413778901318
28.5,17.931727408051124
41.0,67.07398049664329
4.8,12.508654657631016
6.35,5.589700952125692
6.95,4.479943541120975
9.4,6.1867347533412795
3.39,3.3482772555549243
16.6,27.616148426041946
20.7,18.037337399333506
83.0,92.57081146193603
26.5,30.99275510506252
3.01,4.651062931915688
5.9,6.853949602374696
109.0,77.65188779773233
2.8,3.066353152761053
42.0,36.60558050986002
1.8,1.9958312918703882
22.0,25.612366785396016
31.0,27.885841118628
5.8,4.197957871514964
69.4,57.45358052498957
110.0,117.09939905051188
35.1,29.600927798407923
68.8,76.2651877127558
90.0,82.89703963995565
32.0,25.54259887566408
78.6,79.21920729126523
11.3,11.346165781043574
117.2,101.99693493536222
56.0,55.394725212919866
34.0,34.314553102216934
3.41,2.7694659581157386
2.3,7.2860412576023
2.7,2.4732853483743362
2.58,7.092398070970376
1.3,3.0929605818147023
9.8,7.087242939145651
63.0,61.551997992449444
8.87,7.04622586725279
4.7,11.768813049804631
87.6,76.9205426799035
80.5,78.0848540797364
3.64,6.270146617188351
62.2,68.00407526717152
60.0,45.199680169571394
19.0,61.70296218561783
92.0,75.4566124018598
35.0,27.428970949790873
1.64,2.2006613656427914
77.7,76.11274323445292
53.0,80.54542360689382
4.0,24.90503735762326
73.6,79.57921033086849
38.0,24.52698922683409
10.3,8.217667689059825
62.0,66.66589271524589
80.0,79.56475618738882
4.0,3.327993099620312
85.1,76.26726595116412
16.0,19.045729157403393
75.0,71.6972013849886
3.67,4.628645426578455
13.0,19.951797620318864
38.4,26.104527055068733
24.2,19.081039717888338
3.14,6.29827601832415
22.0,18.57706640984378
28.0,29.389877952316628
88.9,88.17319360231903
4.49,5.498484049565343
18.2,9.74537141051744
20.0,33.35481330861028
34.4,39.71735723385229
97.0,85.8225965407298
4.3,4.324072217093399
1.35,2.737854209676619
15.1,8.943566561191211
1.78,3.235832414932688
5.1,5.763787277387602
9.41,5.844576838286517
2.09,2.1402630685844937
11.25,7.080179279424998
78.0,69.37442465078408
17.9,16.496079894063808
0.13,3.859483791087569
11.9,12.29369431699043
45.0,56.23966535541934
5.61,5.703289703380702
93.4,85.87330464482307
0.64,3.503988754440468
5.28,4.523207748091688
0.11,0.31858900699477644
25.2,18.32625447669737
4.41,6.2409163650662975
47.4,57.97744323004387
40.0,35.82350711718387
12.0,9.625573471790625
17.0,9.323825601213453
7.055,6.5077085937768935
41.0,45.421545152140894
17.4,17.16573835054878
11.0,33.86518205515573
93.8,80.88036981438552
4.08,7.0454186987695175
12.6,11.448488531245179
2.5,8.681955365593138
41.9,43.410183946088075
0.57,3.3206461492548165
0.93,15.078457045886918
19.7,20.517921294119276
0.97,3.8938106247465893
43.8,38.28838486141663
5.0,35.194380381475725
0.76,4.521465993741448
9.6,9.520415764064062
75.0,80.21738797051857
36.9,33.9479136538965
30.0,26.931359493515796
36.35,31.079285306123204
16.2,13.640680351329326
119.0,102.89125652847453
15.0,9.511570323884149
22.0,34.334041185806676
85.0,69.39258795595215
2.16,1.899873934050715
3.5,5.400041726438547
2.82,3.3775417864660775
107.0,103.55511696237711
2.42,4.050154388833402
92.0,60.31548683739145
92.0,82.38398742590272
6.6,8.509567654803337
1.73,1.899873934050715
105.0,90.08350413387515
9.1,18.185093881197112
2.75,6.009923716945622
35.5,36.490936554209654
7.75,5.846911768970712
68.0,76.59851350360546
4.1,4.053232785919394
2.23,2.0962965261797155
6.7,8.123984394064586
24.0,31.47848246080849
20.0,27.004565579730937
6.64,6.782290855439072
2.6,2.9038857536984826
63.0,77.72865873652266
66.0,67.7927173986123
2.5,4.165963031258986
12.4,10.092307918187956
0.7,4.560415716484453
114.0,113.64200079940767
81.8,70.57367636621636
28.0,26.697811633125397
3.65,13.38000747233582
7.213,5.6810774843006575
7.0,9.146239689702739
47.5,39.991526727523194
74.3,79.37140615665359
115.7,106.46107300626662
10.0,14.986158193859628
72.6,79.37140615665359
4.05,5.557749872552707
70.0,68.7280910547118
7.9,7.253167187759436
2.11,3.2952808716531083
110.0,79.37178179497617
7.1,5.7114843304837155
46.3,60.426575042665206
2.47,5.642116915642167
29.5,27.826216346036624
6.0,4.451766551872828
5.3,2.7423157939853144
133.6,107.9563545998337
13.9,14.21240365783459
103.0,103.07425408607715
25.0,17.9176162870917
10.1,15.738774553069474
3.7,4.325577183400319
130.9,116.43395267512774
1.0,3.400473018835137
1.99,4.119988403177272
73.5,85.50716274845477
6.44,7.366488377033874
21.7,20.180932609822765
12.1,10.431623114478116
36.5,34.81376123324104
14.5,12.220521389498101
31.0,33.09451519929987
78.0,74.66751626035176
1.88,4.003371046524288
15.2,22.367620592181922
2.3,3.0735457203824192
10.0,16.13496253691721
50.0,49.842361543341596
6.28,10.853003847998982
0.127,0.12384012254883058
74.5,20.221397420075714
6.93,6.6572807914511225
73.0,62.89371953906707
1.1,3.6256195988611895
67.5,70.13845405254857
29.0,46.978398071097345
8.5,11.091793769786912
18.2,21.61158871456125
45.0,43.133388812610356
105.0,101.34320930754818
102.0,98.43810561214171
37.0,32.32703904429442
4.5,8.125109154790449
2.9,7.6649292200602535
68.8,75.75155624991659
35.8,27.708671607738413
12.0,10.81704428260526
30.0,40.050691505136086
4.0,7.368483706705143
14.1,12.019835474343244
3.0,7.843413451687424
6.69,5.604222595980937
6.1,4.308023402469832
32.0,36.284250313312214
104.0,100.43513618251262
4.7,4.751600475883776
51.8,68.70370600361925
6.5,15.06212522386063
42.0,31.89962424154289
127.0,119.41111035122351
23.5,10.943368502939867
30.1,20.507197292756718
81.0,79.74791889121084
9.2,8.680212620848744
22.4,6.536100865636379
3.09,3.6209194666374014
0.0641,0.22860173628080158
32.0,31.777491475526922
73.0,64.34177936073061
93.5,82.48690880258025
31.0,31.591135420728733
25.0,18.688015030374675
94.5,102.5332433331978
1.7,6.467574012655828
5.24,6.277994701522403
6.0,8.480884300078927
65.9,71.34838751488635
7.8,11.261412248568645
34.0,27.473912192690925
13.6,13.191649584234948
41.0,39.65352098130909
3.52,6.4335177395918715
84.0,72.15691626354861
5.96,6.395907162756037
2.7,5.230284302464989
2.5,5.778884086844554
108.0,114.18953774391332
51.4,38.01645454329716
1.59,4.205127860016192
68.7,55.29753811396058
5.67,6.650162616426236
84.1,72.57772769515537
91.4,85.7695305988565
2.05,8.093889365646112
3.8,8.361323343897642
67.2,77.86814921924464
16.45,4.600190088837751
19.85,25.748236488873268
4.46,7.625286832247344
1.12,3.423651280363144
3.2,4.739202146527981
6.25,3.657207268232197
105.0,116.5353139665807
82.0,76.2651877127558
14.0,10.72455684404234
77.0,79.59104067531376
17.2,8.525882134286238
18.2,18.91721706050367
8.0,3.460276036808329
45.5,42.37502007054067
0.77,2.864425975150423
2.9,11.988337750977673
5.0,4.797142894385046
84.5,72.50458247513103
0.75,5.677627732110115
16.2,8.520842686317609
3.722,3.8630396210641846
6.38,6.5086342746598165
18.3,15.760785576268539
32.0,23.887672290412496
45.0,43.54314066423062
21.0,36.73540061518232
73.7,64.00071166059016
131.5,130.0287575464995
17.3,21.95889044305253
24.0,16.444598251890792
49.0,45.667928959870444
13.6,15.879124052002773
77.6,66.95367537664781
28.0,44.00803636286145
75.6,79.06856921946988
36.1,30.177842244699555
90.0,58.19104593541846
3.2,7.138394705160967
96.6,85.8225965407298
13.0,14.829540747656203
5.0,14.164100564422391
55.55,53.74321510313952
2.58,4.473698068983086
14.2,32.53518631445955
70.7,67.35840549690786
49.0,88.53689340745606
2.5,6.274889732340037
49.0,47.401713655992644
94.7,87.64326815726487
71.0,71.95959998482714
6.62,14.765975811308063
64.0,87.58443257544826
13.7,18.706777606369727
36.0,21.91857369792095
5.1,4.874808744460126
59.0,63.098738470350426
1.25,2.0306381930251263
9.7,7.355214487255031
40.2,60.494778819353414
92.0,71.35041829216743
1.98,4.185938448287778
30.0,43.662503764725905
28.0,37.57201338925038
32.4,30.841938409439624
10.8,9.816830318838734
31.0,35.83938652129326
6.55,5.262755188115445
78.0,69.01876695539306
4.0,6.243491596198234
2.1,4.493484139196957
5.0,12.420604802397214
90.4,80.57610823413965
79.8,79.21920729126523
92.0,83.56957037906642
2.4,2.7713180604807492
84.5,85.53293463533272
5.8,14.352148180318201
9.5,11.390586049823623
5.95,6.475679239468595
19.5,25.322548103072048
2.3,2.9806662822731695
59.0,58.72180360904703
28.9,26.886233744274637
10.0,9.463861633264129
13.0,13.3086628272402
10.0,7.34949590508597
0.7,5.409731989146392
31.1,27.563995060398188
3.0,2.8024624914113705
13.3,9.525211069405684
0.3,7.422290467423236
1.53,4.463477574238125
7.4,5.77279068088048
33.0,34.26195167896858
21.5,22.689312031151097
6.5,5.503834602068126
17.2,17.28842792954359
80.0,79.43229438555933
2.8,22.29188100406965
96.2,86.56103122067131
65.0,40.70603277630001
6.61,4.500759314725046
0.584,1.6160557167909007
87.05,87.24289308688572
11.6,10.875194133688478
18.0,16.895679090087775
61.0,72.7362181390084
31.5,40.41429600530588
33.0,41.09087251677109
17.6,19.875998321482772
93.5,76.00044564652372
19.9,17.72382928129928
7.5,7.160366027301254
34.6,48.996042313478526
25.0,39.331917182106366
6.88,5.918529625046134
48.5,38.196517826479635
90.8,84.75783864018373
5.39,9.895453522895368
4.53,5.469593383072953
0.35,5.634572373019621
9.3,9.751962071314772
5.6,6.530842536708083
4.4,3.374216024015615
80.2,81.15854567894472
3.1,4.303904647789463
21.3,19.251727941053396
10.0,5.5976179724752475
19.3,49.45076184249531
1.78,3.6874474881172765
71.0,79.85183517180097
5.0,4.15827747709793
51.0,63.64028692703844
13.0,37.615753952864026
1.9,7.85489126957953
58.7,54.12338932858175
4.94,5.513242667431193
9.53,4.166644785125749
3.6,4.038452971791425
3.6,5.513877619793316
90.1,88.38552684598316
84.0,79.27492021920811
5.2,3.4462198318732495
24.2,19.020570745030856
45.3,61.2408152423533
2.32,5.024904017366344
16.5,22.903074593726217
55.9,63.23368618796804
11.2,10.714616958663129
106.0,92.10317367180714
64.6,65.69192679064538
23.3,29.861469177665068
82.0,68.14574567844286
0.68,1.1891485815524407
13.4,12.36160515084915
92.0,85.48085414618903
29.5,31.30558856766818
79.0,70.40615318952781
9.19,8.711586946602177
14.0,26.182196099310435
8.5,7.954644909165202
105.1,93.64019449887965
14.0,12.22578119001128
6.12,5.990353160000982
16.75,17.598778692215532
13.56,31.409336012172844
26.0,23.506061045227792
14.4,8.109213667696585
54.0,47.932484266846075
1.48,1.636381204025744
1.647,3.890975672020733
11.73,9.656945296868123
2.57,2.4692235765480355
92.0,76.35874710455367
91.6,81.28549467738736
82.0,80.3744150517233
80.0,44.07663134383724
35.0,29.114895466880817
90.36,82.1797262666277
2.2,16.694761906490093
3.5,5.0576735383603815
2.49,6.745222064297328
6.4,16.03616848281914
0.115,0.18972403447489125
38.1,35.00056631204528
36.9,42.1841812583352
18.0,27.392493281972108
63.38,48.01813011960235
38.0,29.500401528279248
14.1,23.968454784752478
32.4,30.57021089233883
13.28,10.253359863811337
15.5,16.89910830458872
126.0,116.64667868066273
19.5,17.8591715156575
18.5,17.490257073997032
29.0,29.88001666534721
132.72,119.47646753033821
1.95,19.838405580009557
14.0,27.868465922736675
7.135,6.664730522324452
80.5,88.00043722342096
9.0,5.562224242103065
53.0,57.6123911055568
40.0,64.19101563207693
97.4,76.71265382006578
21.0,23.478753329042704
81.8,73.81303420524208
2.77,2.4636970950832993
4.156,3.9286715050069936
9.0,5.949303904114111
6.78,4.323332253208933
1.6,4.60776167487416
4.2,5.6744640154171675
38.4,35.7455253386797
56.0,55.943761899358414
33.3,51.48213451492449
16.0,15.80943818294054
65.8,64.89587017264317
30.7,25.185821713462136
3.2,6.473656774377702
26.0,9.201596238770936
96.0,83.9890382434199
4.82,5.454840011191212
5.6,23.316613090511467
0.545,0.8397441049910448
21.6,20.182717210471903
2.5,5.356174122675619
9.2,10.046786361432277
5.4,5.440560442666357
1.21,5.610044303815986
44.0,49.254599460698806
94.0,77.79355356851302
74.0,66.13332407590241
6.4,6.059299011068111
30.2,23.423425164042353
3.4,2.9757962928950166
71.0,71.39525285978993
20.0,72.26247956007336
4.7,5.496844056120773
78.0,79.22014603084673
30.0,37.67141422948451
72.2,70.23118697691568
3.2,4.010032170344694
83.2,77.83048575625874
88.9,76.1685523993807
17.8,9.208402860173885
7.7,7.971988094742084
4.2,4.617772220154177
17.9,18.369202442493993
10.6,18.362919367059565
108.0,71.4412867871545
1.26,4.424392544244907
0.05,3.2340309060988064
84.0,76.85158018541017
6.8,10.620395670150895
6.0,4.5857826260513495
2.74,4.407027989572075
72.0,58.226133933381725
69.2,70.78280155896249
48.4,79.84459174090586
58.5,49.11142099194895
41.0,49.323746963825045
1.62,1.9463911193515726
18.3,12.580881489436097
82.6,73.91204024176476
47.9,64.1425227420082
70.0,64.71994896025956
35.9,18.574762938330657
2.3,6.967840408615648
3.5,3.220386669795543
75.0,64.5085273380391
11.1,6.710254155188259
2.3,4.073159115496261
6.0,4.519885068672867
1.53,1.9373542768116512
38.4,35.00056631204528
90.85,87.65516935634145
5.5,8.128077414386473
35.7,25.837060443275526
4.25,6.146595042685575
18.8,16.79347008859866
66.0,77.15147736018193
27.0,27.497243484468548
11.0,7.006140435628273
24.0,37.9339749546278
83.0,85.22696453546808
82.5,74.09656084290175
32.0,21.037488913894293
72.9,57.70780823215373
92.0,88.5075976044259
3.809,3.925421517453372
54.0,72.77275354325354
48.0,45.83688230340593
18.4,18.787978473986623
19.3,16.19354049564691
89.0,87.06691529977623
17.5,21.530715760151754
118.0,121.89321324314052
41.0,29.442616981652655
109.0,87.63130847687417
22.8,24.74712868136304
21.1,18.61487378891358
9.85,5.651518921361928
113.4,110.26972997484489
2.75,4.362050738565246
94.5,88.18066980735986
79.0,54.02265257654494
43.0,37.68615308250833
3.1,4.1625831149617465
31.1,47.546513033867306
47.0,63.64028692703844
91.2,77.64681117366766
3.4,4.7393885613348425
1.83,2.7527220392751643
102.3,80.99886802217493
13.4,20.98944268171158
78.0,46.99488899109162
34.9,50.16049351347844
14.6,13.098941652423484
12.0,21.178758846268092
9.91,42.25207620382467
2.7,6.003541159266016
89.0,90.84055099205214
95.0,80.68866416386794
39.4,34.913265810399714
11.0,13.020462769700856
4.54,5.033531384256009
9.5,20.987724818491326
9.4,9.505449864970082
4.0,5.4592111902043925
37.0,34.913265810399714
2.28,8.382726831972604
15.0,43.77879137854411
4.9,4.028410411846274
2.9,3.2872304300487687
122.0,111.42680613906776
11.3,11.584821103904401
80.0,70.17079216656768
3.275,3.7756769510850225
8.1,14.201833844852866
19.0,21.42015082014491
0.000325,2.012253054695466
4.1,7.499001687166916
3.3,12.813023738703507
6.95,5.670133286449111
67.8,62.170534962951514
76.1,83.50978172399496
91.5,83.7816852860288
1.95,3.860063616876328
2.295,4.295616780105316
22.0,19.92012895471033
10.3,8.644396082284098
71.0,71.47987898620813
3.38,5.299094495928527
2.1,6.068972921491009
46.0,56.74018328323536
33.0,32.032756117508576
2.61,3.2814220773486116
20.0,18.274564619774583
91.0,87.3075942292262
9.4,11.308788440548959
84.0,69.59872894386476
23.4,23.399883780550326
4.6,4.658433995636608
9.0,19.544547867924507
57.0,74.25660667067186
31.0,40.23139514671462
52.8,48.17437225298652
87.3,86.72411466424683
1.1,3.319544067569523
7.32,6.2403637435060455
10.0,6.124891173323651
3.59,6.358368582407996
3.2,4.243232686882381
92.0,85.08131758686747
6.21,5.738125624437207
5.05,6.724400367088792
1.2,8.907754756345495
4.46,3.2556381526334413
4.3,3.192565928710983
1.0,2.732138415385776
0.092,0.161666190597603
35.2,33.79680912433655
7.4,6.490040046415363
35.0,33.57265097193174
87.0,78.1692862041947
6.5,6.841380887437654
107.3,101.74332626849726
49.3,52.96660104673993
23.0,19.505768373130383
80.0,73.01782645465978
10.0,68.8628529180988
2.2,4.850969517731065
19.4,19.390993872900097
72.5,75.10126697888721
60.0,77.87165554545034
76.0,71.19680828025953
91.35,74.62525886917172
4.51,5.671109578646356
3.2,2.0635903365648343
88.0,41.22325512252765
28.6,35.14113011143809
50.3,38.811333091476385
80.6,66.51733838202277
2.5,2.7197348923046354
107.75,105.5835191365613
14.5,22.669619835071302
2.79,3.92996478471757
2.72,4.2067509619416015
4.173,3.8437340394781385
76.0,86.56893250351068
92.9,88.13448321647233
2.35,3.2154051805068264
59.9,57.42119078291878
0.84,1.387854948909212
34.0,16.109171000205787
20.0,17.92354507643266
85.0,79.44827224601501
2.62,3.178366734110584
71.8,61.06176636891161
3.1,3.4906355254169905
3.68,4.3038164090994435
86.0,79.73912112252714
6.5,7.017626020025587
91.0,81.9767230807563
0.84,12.839190520746742
38.0,35.42343102132511
5.0,3.51753355185938
15.0,11.736270076286575
11.1,10.036634650791342
45.8,33.3676479527214
11.8,9.352843598643206
78.0,75.14529639407588
8.6,17.20898470065898
4.2,20.929321696629085
30.1,26.862797140155457
40.0,48.55653969748502
2.0,2.6209184714706835
1.72,3.8030524871199876
28.2,24.272313016360535
9.2,41.52517903558829
46.0,29.44915363219795
1.49,2.44730501604344
24.0,54.17543811713939
14.2,10.1029197104329
3.49,21.293429432680714
22.1,44.29209076927676
53.0,70.5304263761963
54.0,68.30244789864742
28.4,24.33539296000869
4.16,3.0492613330056026
90.1,62.982510940499004
6.5,6.289116301976927
5.1,5.004664885792446
6.41,5.371675682903505
9.8,8.22387477921405
2.5,3.3126491609225805
17.0,17.691399856914664
102.7,105.31398666689545
3.05,3.959865828393081
38.0,31.986051650017494
1.8,6.436428154096616
8.5,7.254991584982802
41.0,34.62168495669651
8.95,5.766940284827554
13.3,11.007213621455163
95.8,87.61311128531439
70.0,94.9619048347251
3.0,3.654551506612777
9.7,12.030261949924904
63.0,63.010145062350645
15.6,21.542763861057878
2.9,3.247586918116537
23.1,22.25639018187457
55.0,80.3744150517233
5.4,5.934144750050004
8.31,5.372092016668625
82.2,69.27137630123063
1.0,56.30809122848256
59.7,47.314811127940736
7.21,6.7438400922994415
37.0,31.300638929975907
85.0,80.95408863945822
92.0,84.0825146650724
11.1,8.034224723624845
45.7,62.74788365193747
0.54,1.4668186260485003
29.6,24.29192531949315
2.16,4.315696291612389
0.62,1.0351841122702132
22.1,54.5841134740141
72.0,70.79530365911418
0.91,2.4680456942651827
32.0,37.90174021068701
42.0,38.59687319063995
16.5,19.631222790794062
9.95,6.285793434992128
2.0,5.329459932160585
11.0,7.122809703777372
9.45,25.19995998006599
90.7,83.52759045230366
7.37,5.371675682903505
29.5,31.640545361744866
87.9,88.05811311218453
4.33,3.417429675920541
72.0,54.810955321350306
38.0,24.63476257715382
18.0,18.248872041693833
49.3,46.44763851789599
16.0,15.632550991361434
91.9,87.74688962392706
6.628,4.491777247387946
1.34,3.915185615698561
27.5,59.037155974830924
0.39,2.9305899323196662
63.0,63.70328296537659
2.0,3.7845351856345415
4.83,4.126613977024621
0.1,0.1633933884145117
5.6,7.7186338970849855
37.0,51.741485754424495
105.0,84.63103378757991
80.0,73.56761764582413
1.4,4.806468054930693
21.0,29.444382835641928
59.1,40.297919580901265
6.2,5.303855638005684
35.0,22.835069642099196
28.0,39.31490811044163
64.4,71.47090389168129
87.6,79.44827224601501
70.8,79.37140615665359
6.6,4.681008446658654
26.0,33.294467856204896
15.2,10.285834834040498
1.2,10.929240501231398
38.6,52.596892199138175
35.0,59.30266946054057
70.0,67.77928945303604
133.0,124.79593842333497
14.125,12.762682791362865
40.0,27.661117639131053
0.3,3.4937419100343825
6.57,4.544194443983182
0.86,1.8608589112772682
3.0,6.0060295249597955
26.0,50.51157455303513
7.2,3.5390197671923325
6.7,30.871592422560433
85.4,69.50300641240314
103.03,110.18161649974603
6.3,5.659427045303143
0.074,4.284119974334364
67.4,67.26984691829932
2.35,3.563864213996035
92.0,88.00343411202736
21.0,19.569360188171842
1.51,1.971211542492124
18.9,16.05079836486933
13.6,12.945060733070227
88.0,64.69804714390062
40.0,25.349827862399486
0.035,0.1638891149894637
9.2,22.764639829380258
6.7,5.7114843304837155
18.5,20.507743957173254
4.8,6.566805225738084
50.0,7.835136662808576
16.0,15.584345615193024
4.8,8.95677493553362
68.0,52.04794445316285
2.1,6.556293192692108
7.95,4.762006593893414
90.0,81.70307148823451
92.0,87.65516935634145
4.017,3.875120550351437
79.0,75.85821232953336
66.0,53.9371834900562
15.7,15.830886073054014
80.0,70.98972202169786
77.5,78.05352216437208
9.4,11.923107686178746
38.0,51.78590769087216
78.0,73.31398319561477
26.0,24.963030501230776
0.0065,25.893260188166252
20.0,40.34532199220091
52.3,61.990104461272246
3.02,2.3829826798328133
8.99,7.886955032323929
1.6,2.583249657286596
5.86,6.242125084187289
94.0,86.72411466424683
13.0,40.89149207341558
3.29,4.598308562154515
20.0,53.70290902530437
97.0,78.92420286892109
30.5,24.461847502157987
88.2,71.5585855544001
92.1,88.33881060758328
17.88,18.562013642308557
2.86,3.4620942125365692
87.5,78.88209512202467
11.6,21.55528253582072
2.13,2.04450108254923
55.0,57.20413109367067
60.9,70.72249472153607
39.0,20.987724818491326
36.9,28.561125485256685
5.9,4.02381520450097
14.4,11.108768836119825
89.3,79.72389177393413
11.2,7.127777963806065
30.0,25.977459845531524
5.34,7.293146775140262
4.3,5.799240889686337
22.0,33.60051041466355
11.56,8.0296141723798
4.47,4.05380114012284
122.5,98.37829543727553
73.0,90.14118902836987
61.0,45.84877293583813
42.0,52.23659481716911
37.0,34.75351900091556
20.6,22.122236881774363
95.0,84.40778163891783
93.6,88.06609791518368
7.66,12.483935081374591
8.6,8.345363220435921
8.5,8.759125167851174
12.5,16.09975687541745
9.273,7.821373377301345
2.56,2.5866223254731957
84.2,74.60987653470838
85.0,70.33884550969285
56.0,65.3332248137473
27.0,30.806447943755174
25.2,22.59328346065624
31.35,27.70775591587273
3.58,3.4906355254169905
13.9,15.33050488374715
45.3,34.94025509947955
84.0,73.00335621678208
2.8,4.586438552121121
34.2,54.62716636239093
2.77,3.5176562534232847
78.0,74.24815226476943
26.0,16.893800756407252
25.5,27.079359240029106
32.5,35.315473598904084
29.0,37.063367118101816
32.0,31.673521588939924
65.0,47.38446042362975
27.0,37.24148313036236
15.7,15.697193618326358
90.8,88.48460369867894
0.91,4.209264796894464
6.09,5.303855638005684
17.1,39.86808886131747
2.58,3.8857464038989686
18.0,74.22746123397786
1.25,7.095009026445764
31.0,23.91464918979067
91.6,85.22696453546808
14.79,26.86642814754067
97.0,64.17162230341876
6.2,6.533057201322197
36.5,45.627579421429466
89.1,87.06691529977623
33.7,34.95992490021025
1.3,9.110468785173246
7.85,10.326085152472395
110.0,59.76107651775656
9.18,8.531533467420594
46.6,55.875690472581155
1.6,7.343292520603803
8.3,8.101227213003957
3.79,3.77933037902439
81.0,64.5898916340065
2.9,3.827485452996729
7.0,17.74081590143138
83.8,71.14001633035859
12.5,6.381852880476039
10.2,23.26909023907638
0.4,0.5940906016024108
19.4,62.36914204569362
7.06,6.723432539315473
30.2,31.20271808801888
5.1,3.729305315911538
97.0,42.59148111688236
66.0,58.32289855089358
39.4,42.37473567925934
23.5,20.963387656699197
7.2,19.700553442562413
0.6,5.409731989146392
70.0,67.07752048265446
1.73,2.8689544451538196
20.0,22.076877501099595
132.5,125.65047106503033
47.0,80.38558555432236
10.8,6.108914305319237
59.0,54.814211036876294
0.095,0.9197992724330352
62.6,60.807291577079134
7.0,5.727051053284149
24.5,18.217328233735916
2.4,2.290720647186732
57.2,58.77450213214582
1.5,29.349491983391758
45.0,43.340635950959154
0.48,3.00830289822136
1.85,3.0081105937256973
11.69,8.12754383338304
10.56,6.460099464793116
0.6,2.9283071271081913
18.6,15.018845839734183
36.7,33.6527858860285
110.0,89.57361085970119
91.23,87.20421800735348
4.5,6.409291109578947
0.21,3.1298985070597456
92.8,86.83039628103957
41.0,36.526694952023476
83.5,79.85183517180097
113.0,78.12910539426632
80.0,88.3801042728236
24.0,17.536433551136973
88.85,87.26758306320968
3.3,4.905496381139457
53.1,72.09111228802804
1.54,5.741677497199977
93.6,88.00343411202736
31.6,27.704980023505655
89.2,77.00663750539948
2.66,5.483493285412293
1.6,2.9352329634275183
0.067,1.8701321015688805
41.5,31.838164170035945
0.65,2.307723338280883
28.0,28.1997879205074
16.1,18.927875272530592
27.0,21.11752030772138
52.1,62.98695767886898
28.0,44.356576185683885
35.8,35.68992041616331
2.32,5.393931473323085
3.1,3.9309007650146763
84.0,76.72114913078737
6.76,6.567053530300164
39.0,29.43554579094236
65.0,50.45542053729013
41.9,41.11820723209888
0.6,2.749026309530174
3.18,2.9214352661174847
4.4,4.98178263090692
89.0,76.97943819978028
48.0,50.71612925078455
8.04,6.3460296166275505
37.0,28.890632194124734
10.35,7.193307398342925
41.0,26.79832760014906
15.0,13.953032073818735
37.0,43.85533638520647
1.41,9.96052403931156
38.0,45.83059306298669
120.0,94.75597959362128
19.9,18.582866506390967
87.9,78.31093442752378
33.0,53.16362088221021
5.3,3.905242514999891
80.0,77.01842618469193
63.0,74.03925476629378
65.0,50.05401594038255
75.1,73.6368411773913
134.0,116.5353139665807
14.1,14.230061903926075
3.2,5.504689087302416
8.05,6.771731387580547
0.1,4.54679650343353
3.12,3.8654089727074896
1.3,2.932009688090091
3.3,3.6423146940641744
0.15,2.6366778574271046
70.0,80.18047928868847
1.9,3.1065952416013967
84.11,80.6836498720656
33.0,34.86770349622544
1.398,6.003541159266016
14.9,18.551748573828146
10.0,5.963924489747089
86.8,82.67146147070217
2.14,1.8707871292022684
77.5,76.80676105495911
70.5,65.45944217130028
88.3,68.37551386371055
58.0,55.26031655185343
30.0,26.256746286063574
3.49,3.4465559678259856
1.49,6.473656774377702
3.9,5.564726376937008
14.1,12.429491597669884
84.0,65.60778651698216
1.82,2.0873243615873687
22.6,19.268714790830735
0.74,2.404315062137166
76.8,74.45363944154803
14.0,10.441110851235921
3.5,3.326403929136937
44.0,32.74388372639609
11.0,5.752972800031779
29.0,33.19587967003005
1.94,5.448159571760605
92.0,80.1577742767118
32.3,27.58686138783727
5.51,4.844313070556565
94.77,88.37884261493568
78.0,75.13163084603877
14.5,15.136432628268878
1.4,3.653620124590676
15.8,11.807406742133256
27.2,21.025015362575072
2.3861,3.434410523724718
35.0,43.9201025391078
72.5,78.9165195529556
25.0,35.49397314784452
2.1,2.6650968009544345
11.0,6.805647439805766
20.0,21.572853552919945
79.6,78.0912673076045
1.92,3.8595415684781313
52.6,50.73651261024267
3.25,4.884054235190231
9.7,11.312192894822443
17.6,23.295241708096242
22.7,18.218012682449658
78.0,84.30353308872947
30.9,27.16506665364455
35.7,40.34432127421875
86.1,62.145011175800754
46.4,50.16366493771121
104.0,103.84133078414106
3.0,2.8971720925732187
43.5,47.93566734974914
6.7,4.431769290098458
6.61,8.489227783503544
114.1,115.10879604708441
76.5,73.8102535642602
21.1,19.21978948928154
7.17,5.140460172659137
70.0,62.643031275453275
5.6,5.995418668360907
5.07,6.299425643202783
6.7,6.229743386995114
128.4,123.6601612860727
28.5,37.72495444959378
75.0,64.23674149761148
40.9,59.91555113277312
3.46,6.580533710937942
89.0,53.74321510313952
52.2,52.59666706934147
3.9,7.083145867962339
6.0,6.125880440318549
84.8,59.42494279861719
9.05,7.229633834665446
5.74,9.558995385163467
10.56,9.575543022903418
4.0,6.036264317743771
87.8,74.76901726488143
53.1,56.70887841169915
4.62,3.940069287533389
25.2,23.53153136703028
13.8,8.110375218493452
18.0,3.394150939357889
4.71,6.588598207702533
21.0,19.740162766860436
4.9,4.131943800851844
45.0,59.253866509906864
44.1,41.77574056681718
0.92,4.543764466903678
19.0,17.58353519337341
2.15,3.3139865285118524
5.28,5.8071624728011715
93.0,105.79411705465463
2.1,2.856149924423447
24.5,19.30852859642103
2.82,2.5189628897035035
71.2,68.48158481133282
18.5,17.718638231385338
42.8,36.43432426248667
7.8,7.40101102245932
61.0,56.30209915376201
34.0,53.255733601367695
87.0,106.12217615678068
5.9,4.590206451946544
3.2,3.2340998934661003
95.0,118.1402690470389
1.9,21.469174546377015
9.71,7.821373377301345
0.085,2.0924752503379596
52.0,48.58253655881238
87.5,81.40107481279207
22.0,33.138896219971386
108.65,109.0148783579843
1.08,6.473656774377702
34.41,28.59087752390776
39.22,36.728421273742086
12.0,9.971766746124297
104.0,104.86602834193336
7.0,10.134151082486936
62.0,66.55824788662787
55.3,50.06711021538953
28.5,55.613228193839255
34.3,71.79919076576674
0.59,2.2591598375460826
26.0,21.872108857535583
55.0,67.45928443726096
88.0,62.502043124305445
88.7,86.69683593749998
71.8,79.72389177393413
63.1,60.92360173321606
7.0,6.344518078162963
3.4,9.489135884375639
1.09,3.866427053464569
78.0,62.56130579335083
11.5,11.48413003004614
18.0,42.25624720989298
54.6,61.43756305418496
61.5,59.358920868817215
26.4,24.64591138320762
21.0,13.663947938881838
28.6,27.009742143228653
15.2,16.310225857018683
23.0,22.0811326310084
39.3,34.81376123324104
25.0,26.878956715474896
12.9,9.84702788729067
6.7,8.723487700123803
83.5,66.52474236954413
3.04,2.9794167139872685
41.0,32.781936393191735
1.85,3.8042733136481957
11.6,16.314978385874383
10.58,9.964628624509007
44.0,36.94056821329051
5.54,10.261699603796261
2.86,2.844012172752052
5.2,25.873566615974376
2.39,3.8533702033833372
3.78,9.009771806580972
7.95,4.059364995891045
81.3,79.6580845549661
71.1,60.00705314319612
85.0,74.48245464314081
13.8,14.430282996817509
79.8,78.58537571230534
2.13,3.7025666877714882
6.0,4.568755471472699
57.6,56.58076251170018
133.9,125.56253572929239
82.0,83.98471307652382
19.2,18.299929001821468
5.7,4.174428706680596
50.0,55.65670126808796
69.2,85.01816725317397
40.0,42.429059845087636
88.5,82.68427830326758
89.0,75.12822791072998
40.0,36.550529843269615
44.0,25.60098717775647
19.0,57.00252292221792
5.7,4.6068294477650475
86.0,76.41757939174806
14.8,13.368475659336974
44.0,64.57941815732607
4.65,5.311075534067023
5.7,5.616232389683618
5.65,5.602205064113969
31.0,25.71485599330115
14.45,9.326113191593105
1.0,2.067419853499374
5.766,4.266642969177956
0.0763,0.18926052666971743
105.0,101.90939074458684
52.6,54.60435871746075
9.35,8.385328218908375
52.0,77.27112564318493
5.8,4.685550096988404
3.669,3.5783699259531434
0.345,3.7532631193162347
11.2,6.399233998044054
22.0,19.01379986098727
34.0,35.14113011143809
5.4,10.002002495033377
4.9,5.669656296301634
1.48,5.355182831869377
58.7,55.01563098951547
1.95,1.8519464787324913
90.6,77.55655258934513
11.8,13.409504480500965
13.7,12.540753009682279
103.0,78.19128814744177
2.19,2.7913261622387493
14.3,12.85758731833032
0.066,0.9703917188139807
6.26,4.493799959890493
0.569,2.7638798967662
29.4,27.92779504733345
5.58,4.885787614282014
9.6,14.970639336620716
10.8,6.296328157440368
14.9,12.760072868878284
19.0,14.847533027256565
9.61,5.659437252719082
82.34,56.999850564313945
1.57,1.730877665274921
5.38,3.9729170221254346
13.8,10.48455051836104
14.2,16.43480836272636
29.9,20.740498440785895
4.9,4.635217174672976
36.0,34.726269753125564
92.9,87.16988968216943
1.4,5.680757377395255
61.0,63.64028692703844
74.0,72.13961681223088
1.02,2.5705017426669867
21.4,20.891710251995608
0.96,3.1704762185414888
39.0,34.729201224492
30.0,41.44077501749443
110.0,71.34275268004228
6.0,8.321585730434427
22.2,20.60585001098112
51.4,55.70066664107246
44.0,45.246038521178804
75.8,78.16774544930144
15.0,22.00907903586795
17.5,14.573819440072112
47.0,65.13713613216451
3.48,5.9362355203495625
120.0,91.43099560065367
3.0,13.10400899224521
46.0,66.51057907954167
55.87,57.205076356754475
31.3,23.375392361614136
6.85,4.448507364332238
26.0,23.504491425896347
1.5,4.108315982293588
13.3,15.3061145141221
3.04,3.289818875346662
38.0,61.81910658796567
3.52,4.2619279021719585
87.1,80.65490271018626
1.79,3.3535665111593445
75.1,88.24977307855436
77.9,78.69837805525057
72.5,75.44793378316591
10.1,7.266007882846233
3.9,3.192565928710983
80.0,35.37757938580756
54.8,60.43903534193697
10.1,7.171471188465438
48.9,57.38564711940384
82.1,80.48617530165947
8.2,9.17749562789018
7.0,7.14080000928995
4.2,4.458583820021386
5.4,6.639996960929985
1.5,4.96489986863116
1.2,2.2869318526444147
13.0,11.667051186641585
17.8,16.0248304695112
80.0,75.49701607461164
27.6,33.97032125872537
81.27,81.41661791691143
2.9,2.8669725077681125
6.2,5.505067249574649
0.0256,0.10093245302632119
4.7,5.471951470966579
9.25,7.651474531104712
7.0,3.7887473751578162
33.0,31.950050769394206
73.8,68.20380679360717
3.91,10.009480020991196
16.3,2.5639045593086935
91.0,79.6580845549661
15.0,13.851978947631116
29.3,27.559190749735187
35.0,13.458272153869625
81.5,60.72733748523956
22.7,19.266921593929062
7.77,8.471216113414743
29.0,27.64414653758626
0.7,3.9105788620826027
77.5,68.20433298458225
4.0,17.742220100036366
14.7,12.27395235118113
29.4,32.85943893224084
85.0,87.06691529977623
82.0,49.363521697548876
20.0,18.856712338577594
2.0,4.647030852180562
10.96,4.931755736969772
1.01,4.02786123347923
31.0,52.29568325324989
94.0,73.50876015256567
66.0,62.28678474728036
18.4,16.499010000499897
0.69,8.62395623140479
5.88,4.345645108625586
90.7,89.81490185764504
91.4,87.86155580414481
33.1,30.1548006591247
4.9,5.69274430001005
81.0,67.91228751226201
4.5,7.196742013580913
6.4,5.2449287841167775
4.5,16.236174052081086
88.3,83.14883972462572
1.13,6.469756778484414
85.0,60.19506678153901
39.8,35.194380381475725
10.5,9.861996579791333
13.82,17.366118177343914
7.55,7.042748550656643
29.0,24.520014689136435
4.49,5.495714594376205
20.2,29.741579431284713
21.8,18.04362124258924
72.0,67.96487848533945
17.6,10.388886863058412
10.0,62.464099461826606
72.5,56.4245233746988
0.055,0.1810092647923097
0.64,3.6955340193087234
1.97,4.918086442782112
83.79,74.01778340060876
14.25,13.816498704357551
7.85,6.8298393787815606
60.0,54.475962237749975
2.58,4.051263568256528
31.3,20.72380617260976
3.34,2.834297541277347
11.85,11.861716097000274
23.0,21.687951599996033
15.8,15.140337323929295
8.2,18.590722220523602
86.0,79.98209740930515
2.38,3.449618444866683
2.3,4.3079220489675984
76.8,63.98312989559522
82.4,68.43083245879167
22.0,29.996360245301336
5.5,5.709674792848194
24.0,18.965144049003236
32.5,17.248648570702308
9.7,12.059614755599606
22.0,44.781353247918716
3.2,3.3626663445775797
1.2,1.4199423656119274
10.2,6.092591138576229
33.1,54.27498442492946
5.1,5.696229019268129
2.43,3.429245819831173
16.5,18.681298049128404
4.6,5.467248391621169
1.92,3.1280913476667025
48.0,48.91089069408253
54.1,58.471591693019874
4.3,7.879978047913555
7.28,6.26171312690745
2.17,3.1064707280140365
89.9,87.06691529977623
7.92,10.549053722707217
1.65,2.2515075209315913
30.0,25.846750177746944
23.7,23.153645559257015
11.3,11.730827783065164
12.2,10.693768288119212
0.195,8.973695235400552
3.8,6.5116950954015795
44.0,43.50955471796601
89.2,77.03462052112505
32.0,31.512409523371325
29.6,28.129701972176456
10.67,9.034544575858433
44.1,58.78404995374901
11.0,8.689421379255064
0.172,0.18233602014563657
94.0,82.49952065486298
1.64,3.1003405298399738
83.0,71.13376302007501
69.0,61.045221545537046
45.3,37.117926070724316
13.9,10.170297663143938
26.5,21.661611180840442
83.3,77.66378071651808
67.0,80.44424392778049
2.5,7.046413896276416
20.0,46.65902069603127
15.5,17.56311536643386
0.115,0.12455540262619201
74.7,75.55737659919022
109.0,108.18564059724055
17.9,20.385986538146547
5.8,7.2324903708579775
17.0,18.977953499701815
83.0,84.81736049266502
2.42,4.81295859907467
25.0,64.68298992666205
4.3,6.979685282163973
26.8,29.555230472313237
30.5,24.05673909344497
82.4,71.92213500668186
12.5,11.473371948847824
100.0,109.12895578807002
8.9,7.636149057572031
0.00138,0.34776886395468043
103.0,75.47856741299596
6.91,6.957280651175054
6.29,5.007107725883508
16.1,10.23184956182138
27.0,20.178733455425817
91.4,87.52929289533198
28.6,31.360422859851884
1.93,4.141194286516411
38.0,42.65269006114116
12.0,31.67792708325372
78.0,101.33336407188544
17.8,15.482729284960934
83.0,75.75502746348384
20.9,22.347839844075526
81.0,77.67055515873778
2.1,5.597972183832756
10.5,12.31669995754453
86.0,66.72341747694786
8.174,7.338917896672022
8.1,2.6237075874034033
45.0,36.65669926745275
49.0,48.98169030760938
2.4,8.818025672977713
91.0,83.26780883340221
72.0,52.79753851690471
91.85,87.69234351457241
13.05,15.771708562237999
30.0,36.21343296886895
82.0,63.3067570420984
3.3,2.9247259526460105
19.2,20.592913872449767
2.75,3.4897093698402153
84.6,70.81605135344947
1.697,5.453831587699952
50.0,56.31509642789393
13.6,4.281150900877147
10.7,11.378543315532067
6.94,5.375975312288235
126.0,126.9637188698151
3.965,3.8049172049970754
4.42,3.496893164553655
79.0,68.0031008412423
10.7,9.738745741075759
37.5,39.46968450499272
116.4,95.25151860659203
30.0,33.551664703448715
3.8,3.6878646841846767
4.42,5.6966664247025625
8.3,7.941469232893424
90.0,80.13344561015955
16.2,12.990991856417086
1.26,3.2976571016783014
2.13,1.6728682350076876
89.5,87.86155580414481
88.2,87.69234351457241
1.54,2.7233635036646904
45.7,61.06741592372294
8.7,7.57461011419294
74.2,83.2548205899329
35.4,45.98846990866359
6.95,5.239010442249919
79.5,76.68062492917616
0.77,2.6391133135889473
0.025,0.8707376930934326
54.0,40.67783329790362
5.31,6.852678373419165
25.0,72.84986625087026
27.85,35.77797651347368
78.5,65.42324176676726
7.86,3.9511498343530485
3.51,4.857469979216894
20.0,16.40731748475655
55.0,59.912963727606666
2.6,2.6326898663824077
0.44,2.1738109755832813
77.0,74.64034950061473
34.7,35.14113011143809
3.09,5.004798087239049
6.03,5.63940239303963
38.4,62.57758816118496
7.03,6.896513126110952
12.8,46.15309415417767
12.0,5.882988005138637
2.0,4.081683037264244
28.0,44.06280359349426
3.61,6.130030130018984
5.55,4.72874225168423
0.9,1.5595674234760484
9.3,6.107306851884854
3.0,3.1384019173312105
72.5,75.57125042041204
86.0,83.32895125915293
3.85,5.070215241487371
2.7,3.7311091500753055
20.0,18.178855592829784
4.0,5.2805198210094995
90.4,7.184757475044112
14.4,10.674467552416063
12.9,28.30676630106629
9.23,7.370003592879517
10.1,6.139198516891715
15.89,16.517791814960542
4.1,7.071343556158629
72.0,64.1935393551447
56.0,53.89270509727079
1.61,4.478694523163078
6.8,7.141399860185256
80.0,77.59662589335996
94.2,88.53689340745606
6.3,5.78072080109033
75.0,69.34566322711441
42.7,27.425822001080586
0.65,3.6041288156399567
122.1,112.04048438017013
86.5,80.58187032061191
110.0,97.34916766007865
18.2,18.78398212504825
2.09,4.219874801359833
32.0,31.101844030975055
18.0,13.983356292062114
78.0,78.91657377835159
17.0,53.516800323355916
88.8,83.24551672583152
1.42,1.7437131722550143
16.4,31.20271808801888
13.3,20.057500318596848
78.0,69.35571766377811
13.9,20.024500663271017
34.0,28.4164069553935
29.0,27.964838795078922
6.7,5.092492707621031
90.0,72.71005179249394
84.3,74.33860593957434
60.0,49.4408455825191
4.42,4.113619225661711
11.1,12.482400839804527
63.3,66.75541843149722
93.0,87.3075942292262
22.0,31.07596505940841
26.5,47.88396511591029
61.9,69.15666097963457
51.5,56.959009655163094
126.0,116.53569851933288
10.4,11.238305831244649
10.6,13.602976399554311
64.6,69.72569068577917
11.0,27.71159531355616
1.587,2.5485818140290193
33.1,26.72630918917357
9.1,16.06472505513357
8.53,8.373283531897844
8.0,16.386599138392466
120.0,123.15266587906203
4.24,5.24565792774978
8.4,7.223040864414869
80.4,79.97080374319366
8.58,8.853509618262956
12.3,9.914152884468482
89.4,88.25613293030786
34.0,39.080105610984546
115.0,107.2044718014054
5.4,22.702054244199893
21.2,17.61314114844497
9.86,6.4616108379058765
16.3,27.918627588222087
2.87,3.6286814069052165
0.97,1.2503335011625187
34.6,26.58347244323325
43.9,50.768135456561374
4.4,9.168630311566849
20.0,30.643071508661194
71.25,65.75594534028102
2.66,2.9074211335481905
13.0,9.804150022830214
88.8,79.11227594482115
25.8,29.860707688809317
7.13,6.0869259574758905
2.27,3.1961638195242172
26.1,66.03532968984479
14.2,10.649321566835322
27.0,40.76864258292837
26.0,47.830525078434256
7.83,12.935835325018925
1.63,2.9256109168683238
6.6,11.074233411276827
31.8,25.616235075737638
4.46,5.163315292995827
3.38,3.7736675903291106
89.9,79.72389177393413
5.93,4.7270478020351785
49.5,79.59104067531376
3.01,4.651062931915688
10.6,6.390839824577595
8.5,15.136683054492805
34.1,59.73453038583147
60.3,49.1530736843045
28.0,79.68759893416363
83.0,66.75652495630737
64.6,60.28818954608921
110.0,100.23534889575005
10.6,11.571544757827837
89.0,74.3028628439128
4.3,8.77261448341063
63.5,75.7700229633073
26.0,27.41572018570829
4.8,33.17749530310732
75.0,76.6170397276834
78.0,64.13479817057893
86.0,87.06691529977623
17.9,14.148907150055177
3.5,4.832638657252864
85.0,75.09174625603028
91.0,88.43774821618992
34.0,33.72674226082163
32.0,30.73583110988421
96.0,82.53695345190489
0.85,3.9758600877322134
3.17,4.794111004137133
34.0,35.475799088163924
75.2,73.71488511481787
13.5,38.88779003653005
21.4,17.66570150676215
25.0,22.543172357492907
0.42,18.267010949744336
74.0,74.35285747619993
32.0,51.44247693691544
62.0,79.59104067531376
90.0,44.625596494705896
79.0,68.52049516793538
106.5,101.79018494691753
36.0,39.59788128830639
16.35,12.990991856417086
54.8,61.30573585464425
16.5,15.73059485739769
2.1,4.277341997066183
2.96,2.955556402890969
8.56,7.225820894952922
90.0,63.49917679067308
78.0,77.96519804415085
0.21,3.234217922469742
4.0,2.299386431858923
83.0,78.59414485603813
64.0,42.40249830646557
1.25,4.508697579542175
68.0,77.87165554545034
86.0,82.3996557180291
78.4,71.27809040454527
77.5,66.04514814457585
58.0,44.31313146343718
86.35,91.38244030844216
58.0,52.175587528983705
4.1,5.598933954489965
23.4,20.60585001098112
20.6,22.637417802199636
3.6,6.867084068802517
55.0,55.64922601897351
3.0,7.213120251257388
25.6,41.04168168812408
78.4,76.6415529519404
10.7,22.878266782724445
1.32,2.3095190535144194
10.0,12.265814103714785
2.2,3.354614701550539
41.5,45.011469747734566
88.5,75.6057210982681
78.5,105.10656897368051
87.1,79.44827224601501
25.5,27.73382933489827
109.8,105.66712568326129
9.76,8.915585753350797
26.6,22.791877293907554
36.9,32.263567256032665
35.0,52.543645382122044
20.2,52.66683128571379
89.3,74.9976158652407
79.0,75.48098856078397
19.7,18.6048753245521
28.0,26.3072204059445
4.1,7.288923904692111
62.5,78.25580560935167
6.0,10.898989685527981
73.0,63.83399869520232
37.9,31.195328607546713
86.0,79.12372173015474
9.8,10.99821017008216
18.05,16.937000870164848
10.3,7.798214630729758
0.43,2.543872691062051
13.9,10.491293641077585
31.6,26.199174373685107
20.0,22.767120762508565
70.4,64.43399424308176
37.3,29.525155173195778
1.89,4.986848921393371
13.0,46.95110657058014
33.6,60.81571796268986
54.7,50.21872190879441
6.43,4.107463132584966
48.0,85.98521808211744
0.81,1.643603479991062
0.58,4.08694582104335
2.82,3.667241394082973
16.12,11.396110693456528
3.64,3.959073066970508
0.22,3.7469123144518526
35.0,63.24878481743939
5.5,5.95853113993376
6.9,7.488781008153291
93.35,83.8399885806283
38.8,41.63961083918415
4.0,2.3445239571418246
4.81,3.15620226562425
23.0,56.45406152520674
11.18,11.642089499465156
16.0,25.575845667697234
1.4,2.3362734087051487
130.1,125.42763339199864
86.0,79.98804034136434
18.0,20.57240724331936
9.0,16.03616848281914
29.5,24.371191259993857
86.6,76.13728337444046
1.07,3.6960140082816584
22.0,18.506161202243888
9.4,11.292028875117042
2.376,3.4865658641598474
88.1,82.86205408034168
96.3,83.40604130105393
2.3,3.140753424768342
33.0,39.71735723385229
14.0,9.260082694851151
81.5,73.47058216562758
7.2,3.605730531635618
77.0,74.8883413500325
27.1,15.07142443486629
0.57,2.9348264588089386
63.8,60.152975833688004
94.4,77.34439672233934
24.0,18.309320470060587
61.38,59.421408723558926
2.76,2.673785856975079
14.4,15.394780256621805
39.3,39.61593529940898
9.95,17.95709044461049
5.5,4.409695735454266
5.03,6.298535893963139
33.2,38.733570103920556
62.0,61.32543626258705
10.2,5.424962389571181
12.44,12.111896996713842
1.98,2.6510327660973516
18.0,46.52111888234259
14.9,12.483707494203792
3.21,4.76934647526892
31.6,33.54349583080426
60.0,61.81910658796567
5.0,2.0548381356251513
10.87,14.447562121454194
30.4,27.43559381986119
27.9,21.84459348882972
10.0,11.01700871128608
2.4,2.9512616448610633
5.4,5.0084051358708805
52.0,48.28543388003728
3.409,3.6938498848869155
0.575,8.220607620293038
95.0,70.79530365911418
54.0,54.779371731129054
29.9,37.56343565038583
5.5,21.90095191360295
83.5,82.21099880945357
0.34,3.6714937992603525
80.0,75.69955272727593
97.0,79.85496916476373
22.0,42.40315546675526
31.3,56.444945627921236
1.71,2.378474082774302
68.3,68.49374043245817
3.9,2.5487193138350928
94.0,80.32571317245232
12.0,10.265187027946288
11.1,10.16821972213258
4.3,6.582804960533874
89.1,80.47595196552008
106.0,88.58811538965995
8.18,6.2679073484796035
8.13,35.31813775872104
4.8,15.557148424934992
35.8,35.00056631204528
79.0,72.05752260741824
81.0,74.30847009813301
62.0,72.60064309664227
71.9,76.58825691429755
13.9,13.443730767543181
86.7,76.69179456777556
1.27,2.680572014204276
17.8,14.065476434246222
15.3,11.652686181595534
61.0,48.14381700927211
2.47,9.802981450469618
2.25,2.010533211467325
60.4,60.3501769701771
94.0,67.77859935969812
4.8,5.548625123273775
5.1,34.37098591957011
3.5,4.70252561510548
2.33,4.848782832888297
84.0,74.26450676364627
3.52,6.586046392218456
83.5,80.59982888314916
5.9,15.693986816843966
25.9,26.139201428537035
8.04,8.017253738090588
22.3,15.703700523721942
41.0,32.57085957137241
15.2,14.587522019818927
2.85,2.5167050942624623
3.4,3.3168819342680225
18.0,41.02991885571252
79.1,68.78138088296188
80.5,79.81813197707477
35.0,33.79215490694286
2.1,2.140463266711422
5.5,8.292697523582694
0.74,2.7310363399413426
79.0,59.17679484113395
9.82,8.852834292447426
75.0,69.42889262667397
25.3,20.13904532285923
15.0,51.83206537853813
4.0,13.70359268161967
89.5,81.55787030241105
88.7,87.6622784366333
8.1,6.181983758500812
14.6,12.009051770782895
10.3,8.37520737715436
3.5,3.892982906585658
2.95,3.141078694844032
86.7,76.17107765363858
81.0,75.35958624646375
10.5,10.576996999209207
42.0,29.796070920157593
88.0,87.64513167404724
23.76,25.766597514100397
17.0,16.910308628456704
20.0,17.718638231385338
4.5,6.1918147926930835
89.0,82.51523459049771
37.5,44.160729082558795
3.2,4.026187096747214
98.4,88.0100627615344
6.8,5.424619227093258
22.0,27.17670534171806
4.37,3.7786227448346423
1.275,3.5345395959411023
6.3,4.95721942279814
62.0,61.674493892912245
57.0,53.79565840610051
3.26,1.7161809472096485
16.0,13.579198679952055
4.92,6.047423561392147
94.1,88.35344579969849
1.57,2.6356412391535207
4.46,3.604894600563086
5.05,4.141115742679735
71.5,57.212689649925004
6.3,6.538628841702017
17.9,12.871182245539043
8.9,8.180740555398893
3.4,4.873267579082238
97.6,75.94123643536048
7.4,8.713635832559932
10.6,12.467923698481236
0.13,1.650954343045975
2.06,3.3098215034111105
101.0,87.7890100680097
13.6,9.361652762399043
83.0,68.26995249047806
1.6,5.967435581436986
2.95,3.24860899212957
33.0,88.31005618093478
84.0,79.35015556800117
94.0,84.59171092506944
25.0,17.70993548212683
2.5,4.704177995937153
6.7,11.030787673145117
21.0,18.568052945308892
36.4,33.6527858860285
3.0,3.394368934138074
0.7,1.9741319700938007
70.0,77.87919091780515
4.2,4.940492462043701
10.2,4.7382245330446215
7.5,14.547946933402253
57.0,60.307253435940105
97.0,85.45379310159502
41.3,58.959192087693495
31.5,23.847653457850964
30.0,29.52176388345827
60.0,50.71729929689969
12.5,7.565021280183756
5.34,5.958779354166584
2.4,3.758703729530056
0.748,0.7119184000284848
3.8,3.8781575827495307
18.5,15.297831952563191
21.5,22.52160641673586
21.2,18.551610287533002
30.0,29.28132860614392
3.3,5.0820866463888
14.7,12.401591028733835
2.2,3.60488559049182
21.2,20.955356737206056
50.3,55.578583318691074
21.4,37.993279230162095
0.054,2.3355401509032996
40.0,38.196517826479635
29.0,26.14439796204628
1.74,4.016099167334777
13.3,10.919873835479136
93.0,92.79258251160967
2.99,15.047832065385153
1.53,1.6368517334000068
11.76,7.052967973842895
15.5,7.467211780753968
95.1,88.00343411202736
11.9,12.35625365554582
73.0,61.09089986031791
66.5,45.07603429843799
13.5,13.927354438048292
4.2,4.6386707940329135
3.3,3.5751898819819377
28.3,31.45940372500444
14.0,8.436284076510445
12.7,25.230369521835996
27.4,34.73179742979888
15.0,43.52133695586766
3.92,3.2973251572905276
27.4,30.305350287482625
38.0,18.896733832577826
90.6,88.29320845942648
1.85,2.2333961069909027
15.0,19.75728958946439
2.15,2.511938901806614
118.0,89.40511779379554
37.0,59.91398533812601
72.9,79.95443279047788
19.0,22.49554757709763
133.12,130.07709467163255
26.0,10.438650718519927
25.0,25.981964289651348
71.9,22.73239406156692
0.9,5.37139717341475
2.4,3.368004222074672
2.6,7.487514772402483
5.0,9.747302456340138
2.71,3.8263399671568945
40.0,41.11942451040021
6.05,6.05902305788755
3.02,3.1114673515408167
98.5,66.06654116778734
80.0,64.09113968348863
50.7,49.25610692346952
70.0,75.48300107294891
21.0,27.860905206814532
32.0,34.29113120053829
93.3,99.78760602529601
58.3,53.67839607232566
1.65,3.0271181097639532
26.9,27.452890685703114
4.97,5.412921789403108
88.0,80.70857477077348
60.0,87.86155580414481
24.6,32.33072151661924
16.0,29.81756595231834
30.0,16.1464196354137
41.5,54.76564041818135
101.0,99.62601760801591
105.1,95.02560963929481
72.9,72.32796435022027
11.8,12.075895004903398
2.5,28.196836779404798
0.65,3.586359779708403
58.7,55.46107734672593
3.31,5.0654598741628085
1.6,6.589381887827634
9.96,5.964501531232904
60.0,75.13623535307705
59.0,79.85183517180097
6.92,6.041993622098597
31.1,23.835495828507792
58.4,60.89773217809762
2.81,2.936805003772595
94.1,81.55316734475399
17.3,13.074053176608281
79.0,85.83190081853286
3.7,6.747150479533131
80.0,71.31859674125755
7.0,5.670133286449111
25.7,38.305205712974
9.6,49.578086114746554
11.2,8.480884300078927
1.43,1.446700966516845
18.4,19.77974880432467
125.0,130.23266970005952
1.75,2.568826015799985
12.0,8.0296141723798
6.3,5.830781335631094
7.3,5.6430646561894555
91.0,83.64186068696
93.6,85.12721710995139
95.5,87.64326815726487
2.98,6.266976383902963
25.8,38.40857275754888
92.5,56.65153388899998
26.0,53.46367105745431
67.3,71.30621370355618
89.8,88.29320845942648
4.76,14.017206911820596
58.7,47.972495709776645
29.6,69.6013283014822
36.4,27.93763377057453
15.3,13.25311811423443
0.3,6.783440542614319
2.06,3.840484466216461
115.0,18.064170106416046
89.0,75.51965814554755
16.1,18.63493576842676
8.0,16.53068799622818
2.43,4.22845469215297
96.0,73.15357646027964
17.0,17.64965284639274
64.0,63.30672363690354
6.41,7.8518584561493165
9.1,3.490050443430788
20.1,15.576050806559048
15.6,26.615776252070738
6.4,5.324510883881732
83.0,83.17052009427606
1.54,1.7577955725040224
72.5,79.85183517180097
6.7,5.309548949399096
11.0,15.924098864576045
35.3,35.625523970649986
80.5,66.93827091758997
2.7,17.351101647126452
2.6,6.460652220797391
7.0,14.573819440072112
2.42,4.814740493836086
0.68,1.9927299957340636
35.0,34.643448993827086
8.5,35.55139060866343
76.0,71.33342332567392
15.0,22.294367814995375
16.18,14.430282996817509
16.5,14.94479852999663
51.0,69.2098281044736
68.0,71.27809040454527
2.73,6.4839700713664365
90.0,79.6993973625289
91.0,88.3801042728236
48.0,44.44577388194521
88.0,80.99342057067227
43.8,46.2947043496936
10.6,9.598176374573494
93.5,88.29994404225717
0.75,1.9018273699899024
32.5,24.40418362257009
26.4,36.64222295688426
74.0,64.13337613565679
3.72,3.8251301602102026
6.05,6.469549179450806
31.5,26.21759376868032
58.5,64.0653668833857
79.5,75.70759070145843
37.6,33.228050016960346
91.8,88.43805488901616
27.9,24.963030501230776
1.2,3.152757398375157
7.1,10.682058780291268
5.65,4.444873005761176
1.8,2.743297886813205
1.46,3.198237855114836
54.3,74.18221545499294
90.0,82.3996557180291
12.9,19.39165221223736
2.6,3.1193927133565835
13.4,29.44915363219795
3.96,3.4542982938377302
3.02,3.8111628763735617
52.0,66.52285129871993
66.6,63.29538222684536
88.5,69.51236557538174
27.0,27.709574526745453
60.0,58.99269172399988
5.69,5.671713554398112
11.1,24.52138371332379
5.2,6.7262789461919725
8.9,29.5837993862271
5.4,12.740262496747205
53.0,47.53384324479559
1.4,2.0190340440971317
4.63,6.746439056672749
89.9,68.82300202480722
5.6,4.776559462787448
37.0,24.81345863036488
82.0,79.1239783240338
90.53,73.01655942945601
29.0,27.73382933489827
2.6,4.812299431899083
13.0,17.548164969200453
87.8,73.62206255496876
91.8,90.60653831978674
118.0,104.48689071385432
11.6,6.694415240711936
43.2,39.48257494356028
5.8,18.43066041486089
56.0,69.5074122383166
5.2,5.346542855105205
33.0,26.889119834482763
11.25,6.429849061673596
107.0,95.84801673435825
14.38,10.767748064419115
85.4,78.16557165297567
3.06,3.2573891628488556
3.38,3.8136398499796025
21.0,47.55506700402658
33.0,72.82048173235943
100.0,101.14280644792449
79.0,76.38377593791432
3.55,5.3579791200908
17.4,9.8728432782873
16.0,15.91364786152658
75.0,67.69591819045803
28.8,25.232507079098053
120.0,127.62229980987625
28.7,26.542285837694088
7.1,4.941463504134051
10.35,9.40034988305356
0.6,5.7796226336892165
8.0,5.7114843304837155
4.3,4.582194463091466
91.0,82.15804659801199
33.0,32.934097790370465
8.8,7.764245495429914
34.0,36.23110759968042
3.8082,3.925421517453372
4.3,5.955504478445957
11.4,10.083578622367238
5.23,4.936044726519013
3.16,4.162111414926323
7.3,7.140474819161735
16.9,15.283409514045164
116.0,104.5165277611783
75.0,76.42818744377627
83.6,67.1757837295954
6.2,8.066811788653615
4.6,2.59475061697079
61.25,58.356648426119115
30.9,29.845048452255558
10.88,11.570345082171029
13.8,8.499906033178167
6.23,5.12404859908308
1.28,4.436187291738734
6.0,11.719255065853096
20.2,50.69379335496496
107.0,85.81884307746603
52.7,50.13455295791302
10.5,15.703593407103861
6.49,6.068541738493674
85.0,106.00816306802598
38.0,37.04512462449283
85.0,87.86155580414481
88.6,83.9661501069489
7.7,4.944168048903995
16.0,23.953496473821016
3.7,8.095297584756358
13.9,7.669916476614311
79.4,55.905001779611936
92.4,87.24008213853764
13.0,16.01366013628846
10.3,6.260394813129733
63.0,60.531165380685714
33.0,22.62109052739012
3.7,4.775845609824085
16.0,20.230287397071436
15.0,16.91293952467009
0.8,1.203545527007229
1.6,2.137618086104737
2.84,7.091015025471016
106.6,104.1164987379655
62.0,52.772376298780806
3.0,3.6044375676971514
16.0,19.288618962487476
27.9,25.175875089148565
54.0,70.81418775150459
7.1,10.314821741910192
91.0,78.8143385795411
4.4,10.14531913769406
20.9,18.630712344291506
18.52,14.682550070542812
1.74,4.359545850686412
5.55,3.810900993544845
17.0,10.230473006069232
34.2,31.729704082717188
32.3,28.272037907435156
30.0,40.00362505673564
3.77,4.699193134882242
5.0,64.87900516595356
89.4,76.38223974902408
91.24,82.04219786213058
5.1,5.693442341168126
55.4,60.85394791912346
88.5,87.86155580414481
2.3,4.561293550207959
2.0,23.827323135713854
106.5,83.79918483834413
78.8,76.35874710455367
32.0,31.49436343488059
3.76,8.33478795734409
5.8,3.6682936224377802
3.88,3.533386707421692
1.0,3.116852265410398
0.0019,0.34776886395468043
33.3,38.30596277557264
92.6,87.84353360578051
3.76,3.2113399217860366
5.8,8.373283531897844
36.0,43.56417357377597
30.0,32.55769177213658
9.45,8.187225382591407
2.22,5.52486055304789
23.0,41.72380551139644
110.7,125.8810273971004
24.4,22.377505474524877
8.3,17.011208549857894
4.33,2.7797498218105283
34.0,59.137689807633954
5.3,2.6156385989045554
65.4,70.88001902429326
25.0,22.381875586797317
85.0,69.17418356574211
16.5,9.569938993971125
117.0,94.96991062435069
5.18,3.688333344099324
38.0,32.53356867115003
0.49,5.152972041465045
31.4,21.21565124980331
40.0,45.7906538741848
66.5,79.59104067531376
20.05,17.718638231385338
23.0,18.975740020034536
18.0,20.846636274584064
88.0,80.62541480143935
4.8,5.706392753815033
89.7,75.78182555137293
20.5,14.481223788552768
1.21,1.510964941419419
16.4,26.57679644538189
2.11,4.773843960752125
5.86,4.119700055778112
3.127,3.3018737171370787
29.0,24.84104116708487
2.25,5.225236874390685
4.2,3.7747180355913152
0.58,5.509262154844914
20.65,21.107668058827993
10.3,7.87518649780701
132.0,105.93446962583886
2.0,2.8174945568205785
24.9,31.956442932531232
32.0,33.84314995461107
13.0,58.82125854737119
1.0,6.273473957135303
72.5,67.09126081214242
5.0,3.2734982167555806
89.66,87.69234351457241
7.21,7.9388747913301785
92.3,74.48490420968301
4.7,2.2023478002603403
20.3,16.63425628901102
2.8,8.032483126481234
24.0,25.530167508257453
12.4,33.66344343055606
0.61,2.114383734967883
14.048,10.081068110757013
5.0,20.674350418399772
33.6,17.635445156052985
11.05,5.110051151882956
92.4,80.44769196256735
61.0,54.91541624065942
80.0,78.99065453587819
85.05,78.88017765250486
70.0,71.32317187478954
30.0,22.718526623510453
1.62,2.140463266711422
75.0,77.57148892415626
2.6,3.6884793576022243
3.01,4.637553046408474
5.3,6.261954225778216
2.15,2.5539461132735006
33.1,39.15688982509894
31.6,30.56157170626983
1.85,2.383548925051331
3.9,3.3834947013432686
13.9,15.557904871046782
1.45,6.637746615354977
7.46,7.934075213693458
20.0,27.079660551822883
85.7,79.85183517180097
46.0,39.87992814931865
17.2,21.572853552919945
0.3,4.517639549989307
51.3,49.19959156006075
25.6,26.26580327793353
25.2,36.26712052071613
24.5,10.044152923797714
14.2,19.457771969727904
6.3,5.39856183831183
110.0,125.02655179584592
19.0,18.24542782618731
0.76,4.137054798827816
16.5,17.557641502082202
9.7,20.230287397071436
60.0,54.09653383048735
2.13,2.178993812975876
2.45,3.3218920097460467
4.4,2.801147675511867
10.75,8.274041345483218
1.1,4.984638995481313
0.39,37.79878816462302
8.3,7.283429243472138
26.1,29.50592095191175
86.0,61.971108675475584
4.22,3.7660142035455926
3.73,2.9680088167016567
7.6,7.513455747389774
4.87,21.764102238301852
2.26,1.8595697053564466
8.9,8.614964687517656
100.0,114.07557161054739
53.75,64.70265593610486
12.2,3.9806560255313213
0.9,12.670604299883909
19.0,18.99375365235697
65.36,58.07248647903296
45.0,46.70937010714421
39.1,37.33359433379108
22.9,28.877741283440308
13.5,10.540480080738687
74.3,70.36851629294479
82.0,79.02019377278549
86.7,78.9427223757051
0.012,0.23157142691222923
8.11,6.558867219052271
80.7,65.46990704491175
12.0,66.52285129871993
0.83,2.626618007150715
31.5,27.545226289184157
94.0,118.95114961735148
53.6,40.860951590003474
6.2,7.361843440102316
60.0,78.43162473979761
93.0,87.24289308688572
6.0,3.657207268232197
91.6,80.977638058911
17.4,19.73801543499622
29.0,53.15906784977209
13.0,45.601094418987614
83.7,80.19852784854423
6.0,4.197957871514964
30.4,23.05812010637322
11.4,9.090719745720959
7.91,7.254991584982802
79.3,60.999255261212376
40.3,29.43530960634943
10.9,6.949592584745912
82.0,75.99162665365637
2.05,1.8962660563676752
18.3,18.78398212504825
54.0,53.73398691517813
72.0,81.84723207978946
11.3,6.108862362013398
7.3,3.6166376104319404
14.7,14.555228743821395
45.0,37.23943514841251
0.94,2.07686836081665
129.0,116.15784180914466
76.3,64.2039694738496
30.0,87.66752022158975
0.1,37.933349277267546
103.0,106.12217615678068
76.0,62.771853999456326
70.5,48.38198322188448
4.8,4.748226126352182
48.0,56.64078333213694
39.0,31.284871588207476
93.5,88.3801042728236
11.2,10.316848057782213
2.97,5.161135423454982
20.4,17.005588379828996
90.4,79.59104067531376
91.2,88.3801042728236
2.1,12.856154205623747
6.25,4.894467634964019
56.6,47.1762800140424
82.7,70.24614966910055
4.73,3.319864063419379
1.4,6.91927453623461
84.0,79.44827224601501
17.8,14.613218404704218
76.0,72.96074481723905
102.0,63.49441301954626
6.59,5.828826044412065
12.0,17.66570150676215
16.9,18.854816273973274
36.2,46.027447693447776
13.2,16.141765588784036
4.0,13.970715521744996
21.0,25.833457173889833
0.29,6.580792415917571
9.96,8.571674714731783
1.7,2.727386644539587
17.1,34.913265810399714
20.0,19.462003116712076
4.16,3.534398240229147
100.1,73.41034920974333
0.0111,0.10481673952255303
5.1,4.967504616936493
2.4,4.68006516250391
63.0,70.00158889920102
3.4,3.2745461992850893
70.34,74.9174025717245
72.7,67.29889738078047
5.96,5.070170739999103
96.0,104.22043307790508
18.0,40.563139237855566
88.5,81.33772492625155
18.5,7.372963047261462
2.5,6.106786310470627
5.11,2.7932686620883636
5.9,6.4412102977532015
86.1,77.63252643403625
90.4,74.18615788546735
82.2,85.01955194292447
75.75,77.04237709253444
3.1,4.752270182578456
47.0,42.137730373728026
6.4,10.532962038036823
70.0,67.72205637311846
36.8,35.33704161053685
16.01,13.740237108247037
16.3,12.006107840662878
0.105,9.568664735235433
81.7,79.37140615665359
90.0,88.11746169732821
32.0,26.21759376868032
7.225,20.08818113804544
17.0,20.260857033396555
63.5,61.79902216286342
3.0,2.9715867443847004
2.12,5.480303057364178
11.8,10.649321566835322
2.4,6.411087193800793
92.3,79.46785921894556
6.33,6.497246605832548
18.1,38.11484339714746
90.0,89.53860603391558
70.3,90.05593773971009
29.1,32.557821076678316
0.7,4.370610516984586
84.3,78.2215856834564
0.0524,56.96622212431673
75.0,77.53510826266752
92.6,88.29994404225717
21.2,10.518230713854562
17.5,32.01335357560025
117.5,30.717662030858428
62.1,75.6768865778938
1.98,5.069113934069225
55.0,54.47026666825118
22.0,57.89954702267015
70.0,70.696446720987
15.0,20.36074256061352
6.6,6.501903940667166
8.1,10.287398571618667
4.3,6.0887997463974495
4.7,4.714930042426811
22.0,36.9125583134304
6.5,8.390533384654374
92.0,112.5089243255389
91.7,56.18378214317724
4.45,3.9477154714984177
9.8,8.3259056441412
90.5,77.83041221606138
28.0,49.98866629464287
15.9,12.845199361415014
7.9,6.8750957992438915
6.95,1.4492388215384142
5.4,7.347049170603634
53.6,54.284259674200804
52.0,42.12958477287723
12.0,18.362919367059565
81.8,82.92993983567597
46.5,55.88325250593031
76.0,73.65971903473286
19.4,18.619770710193034
1.86,3.6584336367031955
34.0,38.66815554561497
2.27,10.227708996989607
13.1,13.545340716696636
5.82,6.125880440318549
10.5,16.464747966692002
8.5,5.742763216311488
29.3,26.66610307495574
10.8,8.262856760870221
12.7,10.083578622367238
30.45,44.28823359234528
2.0,10.428504152861029
15.76,13.816498704357551
3.9,2.62087848184519
4.6,7.734749597237408
3.35,3.9194073997312016
117.0,61.81910658796567
2.44,2.9585019256869374
51.0,60.73032168569255
6.05,10.220065453018147
2.08,15.87346904645865
6.0,10.21368599206997
3.65,3.837812530263725
77.1,71.74864537084851
15.1,13.484184876825868
46.0,45.82993195833338
17.7,14.98570126939739
14.8,7.710586131435206
6.03,3.8120995460876568
10.6,10.735931919818443
77.0,75.26369085518958
18.0,16.44925332720825
6.1,6.930857392216334
26.4,37.043577302140996
5.11,25.314931604805533
7.28,8.564899652002934
2.1,2.720396399865561
0.86,4.503329437703797
108.0,104.03571121306497
58.8,48.80808273143434
3.1,4.802809692053548
11.0,16.881454287648925
1.29,6.947043900377553
1.88,6.450446757604927
93.0,81.40428471988513
80.0,105.89541101751733
87.6,78.80778971134303
71.0,66.64604774230686
2.1,2.087877585504298
78.2,75.05576909316792
40.0,54.474764689540265
103.0,113.47627057834968
56.0,57.73393581367535
21.0,20.48349389350228
6.6,11.557118317827788
132.0,130.07709467163255
82.4,75.86799519527874
11.2,12.497957397746793
3.86,4.57571922083699
15.3,13.029105348954847
20.0,36.72899774364135
40.0,42.029138301039865
21.1,21.494347940362726
18.1,17.011623870211157
6.8,7.140111665518877
78.4,86.44774173880955
68.6,76.47897772986258
60.0,74.34767968295544
2.3,5.629871508083738
9.97,11.083814830379376
2.5,5.100529205090443
27.05,38.44433194249172
0.1,1.7393020527207272
6.6,15.696827580115542
58.4,65.42213462359115
3.23,4.7550823769991775
1.51,3.4134008586920053
27.8,27.523231636542228
6.13,7.517680199468206
80.0,83.69296573506075
106.2,106.26076316162057
8.2,4.808120115598854
80.0,79.44179875706139
12.5,11.705287854929251
0.001,14.555180716830474
29.0,22.453035773216826
38.0,37.850510461972426
48.5,62.873370158179654
83.5,82.51523459049771
0.493,1.5850139856168737
30.57,28.791056428204175
29.5,26.544981731149104
9.5,6.128549914463416
17.91,7.935436439968327
2.26,6.255742514511253
81.6,47.22241809824848
38.0,48.93136740407103
0.25,5.87131488290807
76.1,67.56841529234487
82.0,77.6820106667738
4.463,3.8256295830915517
37.5,34.913265810399714
35.0,34.94025509947955
5.6,7.118626195762503
21.5,20.6678839429949
1.0,3.3209514705317233
10.0,12.12211635328811
1.97,2.1402630685844937
17.11,13.720994477704892
29.1,20.826814034342846
13.3,8.172711121345456
7.7,15.251522166150718
7.95,7.370003592879517
69.0,81.28725468225144
13.2,40.31055359755632
120.5,113.47536545627729
8.3,8.322535185444005
77.3,70.40615318952781
30.9,20.231150658834604
4.8,4.81550651446914
31.0,27.352796646237913
15.2,12.504479299140074
60.0,53.86400485658198
37.0,22.55067091479503
86.0,53.80383721802637
103.7,97.23959809387638
60.0,62.19220358491072
16.0,28.12602505691967
8.43,6.272592910172713
80.0,61.81910658796567
2.47,5.835380634139869
5.0,4.404235076058694
30.0,64.03667202806136
69.4,71.47167668688614
0.41,0.146858309698168
21.0,20.389381224198953
11.0,10.92984561760883
8.0,6.474318015250616
30.4,31.48002453331983
6.3,3.2734982167555806
0.058,5.364609083326822
17.6,25.444964723570767
32.0,20.765059157619557
70.0,73.00384568646639
12.5,11.217209148953922
3.07,5.288195962189636
18.0,12.841873173147848
16.0,15.546966029019087
76.1,70.85777006594464
89.1,75.75155624991659
3.3,3.0680954410809935
30.0,65.28816141070749
0.825,1.8796228374856527
91.5,88.3801042728236
85.0,67.25537246358083
41.2,32.44394889611383
80.0,78.58241605555453
2.4,2.827665882225609
88.0,79.44827224601501
94.0,82.98153725015975
12.0,39.55025648130895
90.0,87.02367081967388
5.84,5.7891677496687235
29.0,36.3906128617103
70.0,65.92681291277711
2.27,8.511682763014285
0.21,2.4501909759332805
21.4,17.613633780943132
7.05,4.9430875072503815
73.0,49.6375680167202
0.47,2.7331486886844427
1.35,3.9129114913680847
10.0,7.22672088991911
8.72,8.948121983762643
10.0,9.049249082587862
27.9,26.18745808785842
2.95,3.141078694844032
13.6,4.029626315018878
0.095,3.4248037841955825
2.62,2.413475004384646
95.3,86.30462526195011
7.0,14.02577060245384
25.8,64.57474354698611
18.7,28.59436516303846
123.0,113.15786184916529
65.6,71.02370267806835
20.0,18.53067537163749
1.07,2.0103764752453723
2.05,3.124915393754492
4.91,5.778472747214271
34.6,32.263567256032665
84.2,76.49245373859274
86.4,87.06691529977623
76.3,72.60064309664227
19.6,16.90778463080834
15.2,13.5728645603026
1.0,5.2322246442929305
51.0,39.85612243466288
92.87,82.49952065486298
62.25,60.495026504969665
30.5,24.12315516679268
39.0,70.78468096366602
53.1,60.0858437125846
25.5,17.91828927793275
69.4,71.28273627269502
52.4,49.07179634467633
0.86,5.181357796688597
62.7,55.59158979154076
13.5,18.107709412867525
45.1,58.40866671668643
13.1,14.468742049056903
10.1,23.959150886429455
70.8,75.93758234792352
116.3,101.15655870906448
36.0,38.59687319063995
57.0,71.10382260908526
38.0,24.60908019630718
51.4,65.59844334241015
5.0,3.7003963026207503
6.03,9.970283696781866
34.3,27.05612935253522
5.44,5.932428661918022
44.0,52.10179799247179
1.6,4.884399320577552
20.0,19.77488747813713
52.4,59.5293135505128
8.3,3.9348751271475026
92.83,87.69234351457241
77.5,78.04745114656735
98.0,73.29810040127846
60.0,68.76580360506439
6.8,4.563918552961463
25.5,28.890632194124734
87.3,83.04707091859173
24.6,17.356437389145206
11.6,11.091443190961574
47.0,59.08274614565297
16.4,17.81940755323852
13.5,15.95106254069477
64.6,70.06370083843677
86.2,79.69721348856964
1.1,2.1301321332583867
30.0,55.08022251594733
120.0,105.57553681246824
69.0,63.02322338577372
30.1,21.28206470051504
18.3,14.138453130454486
17.5,17.19449507034291
4.74,5.06440700958413
13.2,11.060510963942214
67.7,63.40687654435828
41.0,34.36166892927508
64.6,62.77900186477001
93.6,87.39987120794086
30.0,42.18877244593193
16.0,8.176194695909818
6.9,18.445474109582385
85.0,79.25378697726306
26.2,28.048417702908825
5.6,5.850906974344984
1.26,3.355420825509845
25.0,26.97019841471866
6.0,7.343255862267309
37.0,35.73261696921678
87.0,66.14076594734802
31.5,30.03665528482784
20.3,18.61144167211031
1.04,2.1309559496078463
4.1,2.897545120435876
85.6,60.995431312503975
8.6,9.74537141051744
83.3,79.24427542677684
24.0,21.9177279192545
11.0,14.044246762962883
10.8,16.741583223689027
8.52,13.223885855243157
6.25,6.5754121660998415
117.0,102.86994950122987
85.5,84.71175239101007
10.8,10.78394441357987
7.3,14.761578205836624
5.26,5.7129483544653334
7.19,6.778347314963634
1.89,1.809987053747433
3.628,3.8805066441501124
25.0,37.34830850383164
110.0,88.92224185917077
7.5,6.367489517311614
19.9,17.04439180260923
7.0,8.402832599617708
17.65,14.98570126939739
3.77,4.815201234413291
39.8,34.287870968951616
8.0,6.048956668456422
36.5,30.857248645943997
62.1,57.160232187980576
65.0,43.78166354079538
73.6,75.22176450300776
41.5,7.28706343934788
14.0,61.41592087488053
7.0,26.58892220695612
0.73,1.1389324168106991
7.95,6.830564161005993
13.5,11.007213621455163
60.0,84.5274734103012
2.52,3.050889033779796
31.8,27.75135484981434
18.0,17.883214369991073
35.0,39.121466252358466
0.86,2.683366107960755
24.24,17.63826031946636
90.0,75.21459975738995
6.38,5.519470239740379
130.0,130.59267349314223
4.66,5.036213322619552
7.9,23.0590231168889
106.0,90.64770547278208
66.0,66.77668362683845
1.5,4.094961989350494
4.2,5.3579791200908
1.19,2.3912972710107923
0.76,2.6876513016142405
8.78,14.800110098845217
27.0,32.86383451095723
35.0,77.84900108738142
38.0,35.26529554393736
72.0,48.36274371494966
3.7,4.495792787448042
91.65,96.97637679999498
18.2,15.018845839734183
122.5,115.67376530233257
36.0,39.481179120612275
4.93,4.312019258788886
87.4,88.15917386231641
82.0,77.20439379296981
82.5,67.82969603233957
9.2,8.324027514195963
83.0,78.00637575450389
19.7,25.028821891044306
30.0,29.719617915326516
1.4,2.2200005609489892
35.9,34.74532840994641
40.4,80.267838742457
10.5,7.73301859896262
15.0,16.972157504196325
1.98,3.012000298369066
93.7,85.79407946370142
35.0,34.11558112077321
0.68,0.6902840888740056
18.8,15.197692786750517
18.6,18.409946859874733
4.09,3.6495186081759474
9.26,8.149317131927829
5.2,18.219795335589765
18.01,15.98829225175009
3.8,4.477199258894038
64.0,64.52740972248836
48.3,60.68503071830563
50.1,37.6707513811234
30.0,28.12531266139684
0.37,2.3905742582557306
3.15,6.2293446502292795
2.82,5.54142276698489
3.89,7.022152082977945
12.0,15.80943818294054
113.0,115.21777911227532
63.5,58.159842435365775
1.67,1.675110542611738
4.27,4.1840491856573765
85.0,75.55161804909784
7.33,7.869742295271373
2.76,5.112690354652432
4.61,2.920975113513966
1.5,29.587054246077223
37.0,36.9960621444309
58.0,52.24829697892058
35.0,33.85718096929807
17.5,9.545917602866568
3.2,3.6179702308402435
2.1,3.7540923705371854
23.5,20.469595960067604
10.02,9.189533148354277
89.9,85.47277386045795
7.8,5.190735227381857
14.7,11.835346828115055
2.2,5.423520448316781
47.0,30.498027764689482
89.9,87.65516935634145
11.5,9.7137907424567
7.5,9.260082694851151
2.6,5.569059039833409
75.0,81.31656628601579
46.0,61.92839813959193
124.0,118.16267261800394
18.24,10.673609290635055
6.0,4.053179968522239
6.2,4.7296318956133225
9.0,8.0296141723798
1.48,2.4493251858009044
1.73,2.9201493741066296
84.0,111.78493696065739
40.0,55.74454968939056
13.2,57.98057691364963
11.5,9.488913858004805
6.0,24.725114216369914
2.75,5.565351648377481
82.0,71.67539393102874
7.49,6.115299858547188
25.1,20.813640115468893
41.3,75.28791696792827
25.6,26.80394055529253
62.0,63.631033095059905
74.0,64.9567554391165
62.0,45.22291983222074
85.7,74.38199499135754
72.0,75.35588333150096
11.7,8.52984811243874
91.6,83.60097185814703
20.0,53.13643347978988
17.64,18.90550489930107
1.84,3.675540290216617
88.0,80.19787875283379
3.97,5.941709283789186
78.0,71.04662249658541
11.0,37.45767944199938
5.75,5.341220415947766
83.1,77.09291848747843
39.0,53.67161701051639
35.4,36.14698249232042
17.0,50.16049351347844
41.0,54.20187578832585
4.0,3.999505686845377
13.3,14.02125278602886
90.3,87.06691529977623
4.22,8.325874546450681
2.19,2.5975019928407743
2.0,2.1527138413313613
21.0,17.526351595301342
2.5,3.748745697550848
92.5,88.53689340745606
6.87,6.5453356160114184
0.95,5.983505686109921
38.14,34.89081195216513
80.0,68.46629480495673
1.528,1.9286376417681117
30.0,42.82620208923795
12.0,10.860416278762461
16.0,90.47683234984689
89.5,85.47380599787061
3.7,5.349684218947377
63.0,78.89348484844818
12.7,13.493663812228887
81.0,76.29101965011472
12.0,12.845536126468412
60.0,57.15249360109755
62.0,68.52197442360227
24.7,25.39759248774198
24.8,20.591947734769473
22.0,21.330093550338802
70.0,48.30112751426405
104.0,120.3788128858627
81.0,78.99735396610802
17.7,16.404544791182943
94.2,77.21964022060568
29.0,27.484795900347926
0.1,2.2614948331934106
3.9,5.575559594802345
36.0,31.14874453308225
4.5,4.918106059203941
9.34,15.544223252987823
83.7,76.80676105495911
20.0,53.407969481623184
58.0,47.90250622003214
1.415,6.783686191986156
2.3,2.436381012495599
58.0,42.29886297422871
2.15,3.9402845536076643
7.4,7.796398901675459
90.6,87.69234351457241
30.0,24.4166809434969
83.0,62.21875740543359
65.3,71.07887236198272
50.0,53.842406039133245
3.72,5.6744640154171675
10.9,5.9212076742674125
27.9,26.013404088508512
50.8,64.09165954094814
51.8,88.11746169732821
35.2,25.2484262743776
21.02,24.07914623129783
24.9,24.15991532267009
80.0,78.26281980721802
23.0,20.68142042557749
14.0,20.327876886653623
95.1,88.10606259450861
114.0,117.24075720254258
9.0,9.003665498769418
5.0,6.991013327691089
2.1,1.8712768908487294
54.9,54.16693205555926
0.147,0.14652038954242624
62.2,61.682585558543764
25.0,34.11640381285461
52.0,47.97820115364108
71.0,84.63597105805799
0.066,16.540705863961
6.0,5.022277329358761
0.46,3.9346641723997777
4.3,2.587710706858172
4.64,4.998001105781608
90.4,72.47707493997694
2.5,5.4737447079584225
46.0,47.26589521438274
83.0,78.13514801075331
91.0,82.82466645959651
56.5,58.242994328119714
10.0,6.047935651297947
121.0,113.05703893186963
0.88,3.3039685746189185
58.8,50.053821449061
110.0,113.0807773055414
0.2,2.0988777566882737
28.0,21.26939544290602
66.9,57.18692745516771
1.95,5.680451071831766
3.51,5.24565792774978
11.4,6.015572075767206
78.2,78.18944130056954
101.0,97.40620964885133
88.4,86.4566065379017
6.35,4.918259915391548
5.4,21.772997589424442
2.83,6.872604344991953
0.46,4.216145249771853
81.0,70.97681509867442
8.0,86.89523832726846
25.4,21.64264495001925
110.0,105.93446962583886
2.91,7.712024639677043
70.0,73.20645925450206
1.15,2.4100882980686444
106.5,91.54902148880583
81.0,55.07253522886716
14.6,14.122734742237379
23.9,19.115333767926174
5.87,4.620065739070349
73.0,72.84180681363777
82.0,76.76464159538858
22.1,29.529799254830138
73.6,71.7251482505882
88.0,79.61404113067
87.9,82.88556022440423
4.4,7.24213877339573
20.6,31.53365909880337
0.65,5.533117997886563
30.0,30.39368710296054
96.5,110.52159399373022
2.1,5.424779717119484
0.66,3.033679068358505
31.5,30.505024632613456
59.0,69.4468302144582
5.8,6.120768122052418
52.2,42.53475408104063
6.9,4.017137143513167
6.1,19.15899130608909
12.14,9.30629896913733
7.96,6.227412999727851
68.0,54.97072574811795
45.0,70.2352785445669
76.0,73.67371269686025
37.0,37.01458307811014
43.5,43.61255216413051
2.6,2.7264267026587974
3.3,4.016337980741728
93.2,81.16976613185815
36.0,35.844374109179725
0.47,3.9618950900103465
123.0,116.85842851902132
86.0,58.61959818137013
5.38,4.249335296087522
58.2,73.05033813817603
33.0,72.43616745524164
4.9,4.190074966540395
1.2,2.514183886572825
7.2,13.518823894255895
17.0,15.705719173070865
91.5,78.98489142646274
1.6,5.835380634139869
10.4,21.545687478291022
13.0,9.00289706617323
31.0,28.914793522861114
106.01,110.09270200281387
25.0,25.69558014228251
26.1,21.054825035206793
8.7,3.919573160430663
36.0,32.76807170099271
88.5,88.29994404225717
37.0,19.070090082915808
3.8,7.353680660804342
69.0,70.98082446166016
6.02,3.8784518395241414
57.3,70.36279538864885
39.6,46.59933021214729
4.0,4.809720375702884
21.6,43.615148027582556
28.0,27.985626394742837
13.6,13.171010659006134
86.0,88.13448321647233
14.2,13.56009982495081
74.0,64.78055990783118
21.4,22.640704917235798
93.0,81.46474112136522
90.25,87.69234351457241
35.5,36.53414225287803
82.4,63.78361788943225
6.0,11.12992731880295
31.0,38.16405548994395
66.5,76.44248927198007
8.0,19.357722195056805
75.6,72.43606613553978
8.3,15.814845352626014
19.7,18.313203532545103
17.8,13.617049109171088
1.95,3.6707845828582335
31.0,58.84389684104925
12.7,13.562909874318954
6.2,5.183351220485195
5.6,5.325371630553395
3.58,3.1944439206348627
2.775,3.4948307863361445
0.78,0.17462473104656054
66.0,75.92473362198577
3.5,4.554133228567138
60.0,56.14860678245172
27.5,34.11558112077321
86.0,65.5611113023418
4.5,4.244699376980783
2.84,4.00023472803671
55.0,25.19995998006599
92.33,82.4397376707635
25.0,36.35396583582799
6.4,6.876075343422881
73.0,69.64059865636808
21.4,23.29382917424056
114.0,111.3250593904874
5.2,14.9322503399105
14.5,16.767891506720648
0.05,5.6820793949275386
11.0,8.31618683155108
2.9,11.42644767535323
1.85,3.1652485746287797
1.52,4.569927683495772
2.75,3.6359354060233326
42.0,76.86106312713592
2.3,4.303906630616682
37.4,58.30656005502295
86.0,81.63072287567812
86.0,77.28219727950868
135.0,125.61866263261399
35.0,80.30868942776773
5.3,9.5989060628542
29.7,59.03482777188365
7.2,6.921050477704884
30.0,20.786390232972355
38.5,36.673286533824644
8.0,55.04379398067275
52.0,71.33337928078062
1.5,3.116852265410398
15.0,18.618880318137474
0.016,5.4392388049706675
10.6,9.264021611004571
29.0,25.083810865609415
2.35,9.77834798416002
76.0,78.21285838072667
16.1,8.587108404113465
3.5,14.584603348760993
9.96,5.8131648473796425
20.0,26.778731756138107
63.0,59.82091221549605
76.9,78.69837805525057
67.0,63.436793817730745
91.47,83.14857891701261
88.0,72.92582238564788
43.0,48.86583110981186
2.56,4.072312367445843
41.0,37.157270169600125
1.7,3.9249066109323314
30.6,21.014571954682456
35.0,55.507059515994456
50.1,40.74444224024371
70.0,44.06280359349426
13.7,9.759044167658104
5.19,4.956591616819249
34.0,56.35047324195073
91.1,71.90313887256733
6.17,4.635217174672976
5.1,5.17693050995299
92.0,76.23814331485762
3.6,6.107506649227416
0.6,1.0906164918575243
1.6,3.8149612977644254
5.94,8.986858177158652
0.18,0.6496950760798686
9.1,12.835536282710903
113.0,98.65093682280008
4.3,4.98178263090692
59.1,69.5074122383166
2.56,4.731521983767041
1.12,5.735115570387921
36.7,40.72462866154686
21.0,25.708808446096548
27.0,45.83059306298669
81.2,73.82404365927366
7.9,3.79704959245259
1.8,1.554274653214985
1.27,6.408777802215857
23.5,23.91464918979067
17.6,16.41888249472208
46.8,26.57017764771098
9.9,14.573819440072112
16.0,23.09921128371283
60.0,79.85183517180097
92.5,84.51467345734684
91.5,80.66130114270825
6.11,5.737105756480295
11.0,9.702876250574038
40.0,38.78097582316297
2.8,6.5103240593149865
88.1,86.72411466424683
0.025,1.658804576060554
24.2,30.18288784496413
68.6,56.22466783021918
27.0,27.68080416328149
2.6,8.330529339146956
15.8,5.882988005138637
4.2,3.6954973068650503
24.0,22.907246729304163
3.0,11.72849941477302
69.0,67.13103978144834
9.9,9.120346893703509
30.0,26.08541653673322
30.7,28.31354330704397
0.43,2.7948000062750036
9.4,26.24058806766359
8.2,16.718851365724063
13.4,13.766041463849152
107.0,101.28954085685015
68.6,62.38529872934355
78.8,68.10437230937364
86.0,85.08131758686747
7.0,3.3188891662774065
40.4,41.43249767804172
0.21,1.700517538420218
59.0,58.57962182822752
85.0,67.29681643823749
93.0,82.08262793874638
51.5,87.84353360578051
57.5,68.41861700172007
50.4,59.421408723558926
3.0,2.516262408268363
30.9,29.05720937881562
8.95,21.647740577819416
36.6,45.846362365028476
77.1,75.16418554171668
28.26,23.420375645724032
1.15,2.292747634752726
71.8,79.42964469605879
3.19,3.5113332746818795
36.5,34.89081195216513
95.5,79.66265465455268
29.0,21.895066154442233
85.0,72.92288804346104
3.57,4.518784502348753
80.0,68.63169115705857
10.96,9.159241925715499
43.1,49.954614008987605
9.51,15.534088532715636
55.5,56.05628824690253
51.0,65.68229162543595
78.7,73.21630227934835
11.5,14.381004706565962
93.1,67.4549226120147
11.9,8.101227213003957
5.83,6.136294786691055
2.11,5.218783321827513
23.0,25.3141114042739
3.69,7.500532535705894
10.8,9.020814536903396
82.1,71.46511114764522
0.75,3.01095216451814
28.0,38.29734183304552
83.0,78.08647073314103
3.02,4.4530619949453785
71.3,78.73807480124783
12.0,12.921383439824803
3.25,6.070971977431672
41.0,41.612223153888614
40.0,41.816785397175245
10.7,9.738745741075759
32.0,29.728072116215593
2.79,3.7194557523870677
8.9,9.327048528404742
2.7,3.859485651371465
14.4,11.648054220461132
25.2,17.180455358686277
34.0,31.920908967467664
9.2,8.411213632470034
0.72,4.129846246015293
13.5,12.742863610560303
13.0,8.832537258483265
1.11,3.5468075974615854
32.5,32.04511946907669
9.9,8.473855180207561
37.9,55.35818974783055
2.25,3.972019397141298
27.0,40.67828481361722
92.0,76.85796906914358
56.0,69.75863363911657
83.0,80.92935915054774
0.4,1.5379864184975056
68.0,65.46325720550625
4.85,8.467646638559815
120.0,114.50781454895721
12.6,10.004262960705201
70.0,72.69104764995119
42.0,49.73388694386148
3.8,3.1248250999490184
112.0,110.95825954669513
75.0,56.93925957185384
1.17,5.682625077172548
25.4,31.012291042869876
33.0,16.310225857018683
2.61,3.935413820600716
26.0,58.46316882482802
10.2,6.996849164577352
91.1,88.43805488901616
5.92,4.7529877641318174
2.545,4.302994749242541
7.2,11.250786661304295
16.9,9.021421299224196
79.4,79.73938855634866
1.18,2.568992922157665
4.13,3.8111628763735617
2.8,7.432994713606319
8.9,4.784226355841988
111.0,101.61414918578258
4.79,5.475321766694249
19.1,17.584528581888982
80.0,80.30840062871525
42.8,38.17109421307566
3.0,5.070849617402254
47.0,57.71683813829784
89.43,85.9199675120589
25.5,31.234271154265844
82.9,66.74885297043264
13.5,10.649412914733503
4.17,4.355092558510294
8.12,10.17112382104305
1.7,4.003038779422131
63.1,85.08131758686747
0.184,1.4319714527836649
2.5,8.430282332166831
47.4,56.30018071515832
78.5,48.95163612282429
90.52,86.02718046643807
89.8,87.69234351457241
128.0,117.18339762070799
108.5,105.38060611623618
8.3,33.26140343242652
6.23,4.504875864399168
87.8,75.6019089169519
17.7,21.069925646469073
26.0,33.927638984306114
39.0,23.595809524568413
9.3,21.847965062025335
10.0,9.077053955290168
2.4,5.024904017366344
4.54,4.979198364513226
95.0,76.34423056762232
36.0,29.548558283520826
7.2,6.861776147874819
31.7,27.60500731064756
91.6,88.29978187892841
11.8,13.717691660889983
2.9,5.263745650800631
3.795,2.8799605543579103
13.0,20.789706037923697
53.0,53.606606487278775
8.67,8.698472762076817
9.54,8.169631857173515
50.4,54.5841134740141
14.8,14.111303995191529
7.9,33.45315207738662
88.1,81.17759205010911
108.4,104.97641732737293
68.6,60.02896751994413
90.0,101.82664617637008
1.35,0.8035771707499697
14.0,32.82280083514485
10.4,4.512386901281567
56.0,70.98653689309533
82.2,81.39656801077784
1.8,5.787604300947383
11.6,9.864156661749801
1.25,4.899128415762564
5.1,8.054979595422342
51.3,71.57909269141658
67.0,65.3332248137473
80.0,83.1261725837564
33.0,69.32582959892402
2.54,3.968184656363307
86.2,78.9524586195723
16.5,22.495063477931367
4.425,3.857739448093799
2.6,4.7852180210516515
76.0,52.945723285216616
94.0,87.73445160018973
77.0,78.74395731215577
29.2,33.34611237417884
1.844,2.783563759164635
4.05,3.3334864650350817
2.9,4.900071460236043
0.53,1.8821582748848344
16.0,20.32611957604541
19.8,17.53182027746805
11.0,8.05139921053962
93.0,82.05469596292077
88.7,79.12506732488434
29.5,30.28952099376877
62.0,7.174190245148576
8.2,6.557017942443273
7.88,6.116153955173385
69.1,70.18048426733006
1.3,4.9515111700542285
12.0,10.103107912218434
8.7,5.0403493504983095
4.59,4.995267327381275
74.5,79.21920729126523
37.3,35.66970637653425
86.5,61.971108675475584
8.86,8.423758643535418
3.43,5.599880658101732
4.26,4.052534702653367
3.478,4.204201425374336
57.0,72.57756337501192
18.9,16.511514165645252
43.5,39.48257494356028
12.0,17.07640816346916
10.0,10.557787270166926
18.0,18.619770710193034
8.7,8.403320501966606
64.3,62.22114952951268
29.4,31.602961501415344
69.0,53.31514437740699
77.0,87.53278697071218
10.7,9.658998699181687
5.68,4.998157579929559
30.82,28.87508796649601
1.34,4.293990773233743
35.3,37.79791374159968
0.023,10.80042102222796
25.0,40.299390047851894
80.0,69.50920464244463
32.5,21.750872645139516
48.0,39.781086254136845
3.0,8.56378748567897
110.0,79.89506920921758
4.227,4.456799930312378
29.0,28.20672637532758
1.06,3.2921616765049984
5.15,4.6699237657514745
9.0,26.252399833651495
47.0,30.635111913417468
30.0,61.696264864029246
24.0,18.985477610910788
1.43,1.9958312918703882
24.6,22.485195639080555
90.0,81.4316356278813
52.0,56.96174569426168
7.7,7.156332022499184
4.35,3.2872304300487687
1.4,4.712045913931174
30.3,20.287533593544428
32.85,27.49424500233723
10.2,9.682985219538361
34.1,27.523231636542228
44.0,45.34990269431069
46.0,58.03122945076346
9.58,6.894842737657501
89.6,84.50849570016457
2.94,4.811714920866631
3.28,7.4434626015453595
90.3,87.52929289533198
2.2,38.951487463653876
107.0,109.58387435880498
8.85,9.694969572401831
5.53,9.536651196530942
96.0,80.22557686780368
35.1,43.73884684691327
55.0,50.10801944770557
47.0,43.059210048886634
0.98,2.785642834776156
27.9,27.523231636542228
3.9,8.127920153194362
5.7,2.9800384314409785
30.0,27.658914569419515
21.7,21.0126125421878
19.2,19.981625687229823
87.7,72.88477428001865
2.09,2.5431983534177993
86.0,79.85183517180097
12.0,31.880559509532308
1.27,2.4122287911176015
20.0,34.15388259383144
50.0,61.05457820132583
90.9,87.65516935634145
5.7,4.954080448932871
60.0,73.09143926601283
19.5,12.740435959905765
34.0,21.4711290833043
1.58,2.6601341688342917
2.3,8.95177244522465
35.6,25.17188434727841
41.8,40.127897583480575
21.1,18.55993463308236
4.13,2.9935755316699963
4.35,9.239675423220698
8.7,11.949455260404166
32.4,31.59852434395009
4.4,2.2162722782140314
13.4,13.415734534442821
9.8,3.49360151497454
3.396,3.88817751295776
1.6,3.4025546331073717
15.8,17.4328540439528
73.0,72.64345904906621
40.0,43.13455905121681
45.0,75.53560088595675
58.0,49.10171177197627
130.0,126.35983276671854
23.9,21.46484302612942
13.0,24.520014689136435
4.69,3.2802583027666605
13.2,10.19987696408928
10.0,19.252288799065745
5.3,12.682066240543882
36.7,35.315473598904084
13.2,10.954785895472556
7.0,7.294287944067613
36.3,32.49100647832287
17.98,14.846966404153727
94.0,83.99230269678444
27.5,44.80908273262126
15.0,32.9229497192327
93.3,76.56905752591585
2.88,5.473597388250537
80.2,58.61803121702412
16.5,9.557325097398037
38.4,11.743111720658124
31.0,28.220176847544295
29.0,20.985380085577496
12.2,5.682524690182906
1.85,2.935467660616966
77.0,71.77200369706486
6.7,10.014869788092648
11.0,16.85150885188946
78.0,67.79887653714849
30.5,21.218828609358823
25.0,28.877741283440308
7.3,5.850906974344984
12.1,50.01330776539763
1.92,2.3058098106900933
91.95,86.72411466424683
48.0,72.18015352446878
21.96,47.26319028877008
87.5,86.72411466424683
45.0,36.93474175369906
78.6,79.20298296711056
5.93,4.365229134765117
12.0,44.98639169961726
2.38,3.065451164837535
11.0,9.374531670215376
7.54,4.069263483970671
52.5,75.01743801543371
2.15,5.292047802161035
21.0,35.816638373465565
25.0,40.60747439491569
3.85,6.302369046758388
23.5,40.434827605881516
7.2,9.30833077572842
40.0,41.00975870388517
47.0,47.82596754904965
36.55,60.79106352916817
1.0,3.8109261990247885
32.8,40.531731046078704
19.0,26.34888872410541
35.2,28.00262449149353
93.1,71.14396821364295
80.0,80.31232730744314
4.52,3.9128763842335843
7.8,7.280473033689702
4.25,5.3225558643582875
28.0,36.96551869246508
35.0,24.103251881936337
1.62,2.055913611801168
50.0,49.4289771871288
36.6,56.51356166661848
6.45,5.0002549973583195
1.49,4.06381953182932
109.0,103.84133078414106
95.8,62.03096148460322
10.0,55.95157967885449
25.0,45.22874830156661
20.0,17.92354507643266
14.6,13.695085625276292
94.5,90.1898083663059
35.0,35.85288037961396
0.76,3.446308970477541
27.9,26.929798335108636
89.6,73.29627554793908
50.0,51.578673228705206
63.0,88.17319360231903
77.8,79.44827224601501
35.8,56.20306563896504
1.3,3.6374698330057718
65.0,57.67006492788774
5.3,9.553361223240096
82.8,81.55197632653726
41.7,44.60810755548969
45.0,45.08489726610746
0.76,4.498634863224304
5.67,12.65584253659924
36.4,34.515267342625805
106.0,94.84916590102566
19.0,40.0873867816201
18.3,24.02577574039064
0.14,2.6974031008616994
66.0,75.863042456339
0.038,0.5841898030498958
3.51,3.82451789533537
11.7,10.720519379021878
1.52,3.9179425771514995
15.8,23.20006213877787
3.722,3.925421517453372
95.5,88.34290701144812
1.54,3.490882944544075
95.0,81.16609266678614
66.0,56.50834059198137
33.5,29.08342284456007
11.6,13.114567535806065
95.0,82.05974838356804
47.5,45.892751643574435
15.9,15.131291798070453
11.55,13.472331012356575
66.0,69.95389220385225
82.0,75.0346281849831
2.4,3.376790021572107
74.0,74.21799616969825
36.6,33.79548987763566
105.0,106.12217615678068
20.0,53.62128268946291
10.5,7.483634519513875
2.2,2.1888999448106814
1.78,5.268543315053287
19.1,18.27481403117568
1.36,3.6476545397962403
3.752,4.21898958854935
90.0,87.90739022737854
67.0,67.20761890095653
1.45,1.1466312826833454
1.11,2.6058384692612533
3.7,7.151327355509488
65.0,50.700510482924976
1.355,2.3211460298339275
76.0,75.61128744362712
84.1,75.90554776156867
1.3,4.038521912702199
3.3,3.85025793560836
21.5,35.23073276700538
3.06,3.394368934138074
124.0,107.54710059556697
31.0,69.95618155003312
9.0,6.787684322519458
18.6,18.372945945062966
21.7,20.632922789913593
3.2,10.540480080738687
91.0,72.80516858048304
75.0,78.13864142488114
40.0,45.58765359480584
2.6,4.868304932061183
90.4,76.0140109968406
14.6,15.785220783805876
65.0,62.22293602666546
27.0,24.730446525652596
83.71,78.25637348700921
8.9,8.060955467239497
20.0,32.0637075754968
7.05,9.765483176815628
7.091,4.923345683431357
0.74,3.3697100476476884
5.52,6.779287771419896
5.8,7.14080000928995
40.21,35.194380381475725
1.34,4.052993495309714
32.5,33.483130085904946
45.0,37.13573833124521
88.9,87.65516935634145
58.8,47.8594759049174
25.0,39.20743170935224
88.1,84.23486362517731
87.6,41.851369236194614
4.6,3.4802150139355
17.8,17.268592412166008
2.8,3.1808980667211095
21.3,19.764753282977697
53.1,51.51513479935275
17.3,11.954838231154797
5.1,12.420604802397214
93.0,88.29994404225717
53.0,63.25000042512542
71.85,77.11628218973685
67.04,63.40687654435828
3.95,3.57423125475559
92.0,72.5206363211093
1.86,3.2142931240108954
39.9,42.753239777414336
0.517,2.4683978893274356
55.0,26.593693237712984
3.0,5.587529588995611
56.0,62.31765753804742
9.38,23.91464918979067
15.2,14.12771234592758
0.533,5.171876103020474
6.1,5.850906974344984
1.78,4.074564058471876
77.6,80.14023998234552
2.7,4.980246869974608
17.0,33.17483436336116
71.5,77.22981131222276
30.0,25.24809969013534
4.8,21.01203891326627
13.42,16.271139493648835
53.0,43.133388812610356
78.0,72.72489770722392
11.36,6.215781867161689
3.616,3.3466953214910906
19.4,18.935926936204943
8.7,5.098513803328861
80.2,78.69837805525057
4.1596,4.058516921822161
1.48,3.4747856415824185
0.072,1.650954343045975
77.5,61.290728632169454
11.2,8.439118967488383
5.2,3.925421517453372
78.0,82.25720552229818
0.03,0.4518533970417412
22.0,27.650433026024256
79.0,58.61967626102978
24.0,28.38723251667121
20.0,9.323825601213453
80.8,64.34122345712316
1.5,2.9538001819390742
30.0,42.15490575243559
78.0,80.7956813835189
32.0,33.35712646001015
9.9,9.19103345605992
3.15,5.824092741264695
1.8,2.0092514247047824
7.4,5.963661963307949
2.3,4.831390264489502
7.1,5.670133286449111
18.0,17.27041168190381
26.0,64.19257155522378
19.0,49.80249976820675
75.0,76.20989277196614
17.8,15.778063420539949
25.2,28.048417702908825
4.8,6.654085017783447
72.0,75.18265302477107
3.0,6.849572701495027
43.5,60.273384946461675
33.9,51.79892520783151
1.25,3.9631868659726095
3.72,3.8525282632112794
92.7,82.32654508637307
0.57,7.482415700038059
3.2,3.618485055216307
23.0,18.041245905211742
11.7,6.379501954782501
23.2,19.121518744634248
3.1,4.425250486813841
3.7,6.099806271224614
29.35,25.66158019874816
5.8,3.6695726136280844
92.3,88.11052155591513
9.99,5.477861273922386
5.98,4.498710543798941
17.2,12.317776937534433
28.4,19.437949131761172
14.4,25.51651993259411
116.8,94.18301907626432
7.73,14.164100564422391
24.1,18.629748286418263
73.0,74.01645143954173
83.0,68.93043416133848
4.12,5.97534335836345
9.02,7.04622586725279
37.0,31.950050769394206
2.24,3.566137993704148
15.7,17.079767767411013
0.5,4.401519916820879
15.0,33.26140343242652
4.25,5.943397406815738
9.5,7.251526311131706
22.9,18.568052945308892
25.0,30.99275510506252
5.08,3.9502663463335064
9.75,7.72746702494934
49.1,38.01083741411223
77.9,68.25029887448905
2.06,1.9782535083737274
18.0,37.394775212697326
19.1,17.538754127650478
89.0,80.6123564211366
4.6,4.075101483326847
1.3,2.250611123783705
5.2,7.9348281934364575
39.785,39.89132384305579
15.1,13.162723143351352
70.8,66.99472946638122
71.5,82.90653342691218
87.0,78.70827236908542
61.4,60.83597098544351
30.0,32.65939855402027
84.0,58.276822206451385
0.001,14.033764486517452
20.0,18.253020778821764
27.0,35.315473598904084
0.632,3.2376210342709286
12.0,9.599280681544574
0.8,8.41369213093869
11.75,8.02431505411626
2.1,1.7882209733395795
21.7,18.872568125457374
2.04,2.9201493741066296
8.2,5.733857321547873
30.0,29.06568131655523
8.65,7.558792663856173
18.0,16.067520993579045
42.0,43.33089372733897
14.2,12.309102983606317
22.0,45.04796907334614
2.16,2.949645785347382
56.4,59.83618470731283
44.0,56.089903979596464
3.75,2.920975113513966
7.3,5.7114843304837155
28.6,19.85147381506225
121.0,116.5353139665807
20.0,26.043339122089563
7.15,6.032963168394495
6.09,5.549775042293552
45.0,37.88488840984438
89.0,87.39987120794086
6.66,5.499605522250502
92.01,80.2568138028054
56.1,77.68101982427031
2.82,3.046830283864549
6.45,7.7545706085359365
2.35,3.5186670655663286
29.5,31.84241252593688
29.4,26.889119834482763
4.1,4.995629590641593
28.0,21.725191622329795
25.0,25.381750192114776
16.4,14.62216662426189
31.0,37.98727554869445
86.4,62.21302784869451
4.38,2.6363577875732114
3.32,4.158346367958348
65.0,48.20198394651439
78.0,78.4015961959286
74.0,84.8820935889662
39.3,51.892535577423786
82.0,71.52874592032134
92.0,84.56001884079029
0.145,9.169060616264357
27.0,24.83592010405377
105.51,107.48792878434853
11.7,28.989695831699667
85.4,83.61867827788585
35.0,22.538625237434534
7.35,6.77010213640417
4.11,3.9456931318764106
1.66,6.557174392314166
62.0,65.95007572358641
0.085,4.08694582104335
14.9,29.068422846010094
5.09,7.193307398342925
73.0,62.33167360667673
69.0,65.69480097931212
6.9,5.384274044407762
7.2,5.435283474497407
14.1,12.818724283565546
88.0,70.33422535343192
51.0,56.666403066148035
9.0,4.078313215350442
2.2,9.396221262960221
74.0,79.25811852287192
93.4,88.35344579969849
37.4,35.54681777361832
1.3,2.38543200052429
6.62,4.619754937268455
2.84,3.402578176467544
16.7,8.611398717251117
40.0,52.543645382122044
7.77,8.017253738090588
30.0,54.79463021302426
25.2,18.23110903129783
4.4,2.659065667440113
2.0,3.7968806203162737
8.2,7.379702522073679
2.797,3.7513073651742657
1.2,1.4492388215384142
15.2,16.72368126943377
1.3,6.657744856943041
6.0,6.059299011068111
18.0,33.24110181697187
7.6,10.34292965343688
1.5,5.227797996607952
90.0,82.87052323721265
24.86,26.12257665347028
2.92,4.882755516914208
3.9,2.936317624502423
87.0,77.4850517664648
81.0,69.19714732403469
5.4,4.870663551554437
4.82,3.622766419467141
91.4,82.55647429602614
1.53,5.741677497199977
0.6,6.798613915192188
76.0,58.070315281989
79.89,74.70024153860014
64.95,85.69675675054387
29.6,27.297911095848598
35.0,26.34027455934474
7.0,8.424636869148607
8.0,4.295493565331617
85.0,66.58645901747438
0.5,2.857892556021997
6.47,6.917148286745512
1.12,4.1329201948020575
2.5,9.283731684797957
4.07,3.533139661529206
53.0,49.90870895175443
30.0,26.411739684260283
0.64,6.5101683533654695
7.17,5.64157813091643
13.0,17.189008229786577
0.87,2.8740850140155545
36.5,23.524253767224753
6.57,4.297682577747741
65.0,44.75376407527738
21.0,21.86817475517843
2.67,3.4038683496342412
23.6,18.855167271953654
28.0,15.10308906958077
96.0,88.28248252097053
2.35,3.954979269220352
1.7,3.6858188131844827
18.5,17.91955913344887
48.0,42.54441668334112
4.38,5.484067208838106
1.2,2.9796710067988443
12.0,17.564865138676108
91.2,86.54132372528801
81.5,72.71108082430439
27.4,25.63182947198658
90.7,79.59104067531376
1.6,6.877101386729121
5.6,6.771686422169569
3.34,6.193838227978341
91.0,75.38094129574813
22.0,49.1708576118575
3.0,3.565626105808202
68.2,73.754483395302
110.0,79.66291775225505
92.3,86.96402974080735
1.82,0.801662400671583
3.05,4.541892634129493
9.0,21.416153422367287
70.0,54.898194510192994
33.0,32.133358463929646
5.17,5.167478809028209
61.0,60.8188448916154
8.5,20.98944268171158
70.0,80.05006676699219
4.4,6.341529998115969
8.1,19.412939181300164
24.0,44.98509567882753
45.0,53.042359586391534
7.172,6.663202267087122
4.85,6.022892404613397
13.8,15.514433303170867
21.5,21.958747985407467
24.0,58.0736443524322
28.8,27.538621383441924
12.3,30.060002677002135
38.0,46.93928061315851
1.15,2.3346320216229044
6.0,17.807375907438118
48.0,49.424968693078604
6.5,15.455318483397711
89.0,78.17397648365075
0.24,3.0427319141677143
128.0,118.57948357587809
78.5,81.19947468447297
13.4,11.6447940973736
4.6,6.64581163430505
6.0,7.91003904895873
120.0,125.94400741917742
20.0,24.3874820959906
11.23,9.493216682022535
70.6,72.1292184776155
3.11,3.704628396791629
5.0,5.395764549080198
13.6,12.261106087281236
23.3,18.08681208958475
47.0,41.979658767399236
10.5,4.85842495023921
9.7,10.961590464606608
88.67,75.66156636093461
8.67,8.017253738090588
8.3,5.30881404135515
5.0,6.610480812557783
69.0,67.87782648031548
2.6,8.84163355633576
7.061,5.545655000064726
5.42,7.071343556158629
18.0,21.749925395663556
40.0,35.194380381475725
18.4,17.218311909449987
95.5,83.57892367906065
87.0,77.70008756344578
16.6,4.128503438801181
25.0,32.247825795033556
34.8,25.148093643055855
133.0,125.02655179584592
4.74,4.890327414254544
73.0,68.35726382974326
31.3,33.518717386652
5.5,5.1114950322420745
6.0,13.149768449968276
10.5,9.086169000608043
8.3,6.413603481212324
0.27,1.9730111485799497
6.8,6.2940446088841195
3.887,4.0325942256770935
45.0,36.9880971576929
78.0,80.53817499015152
17.0,25.261435339184384
8.0,30.009554653876005
22.2,26.395961955438917
11.8,8.400867696189877
82.0,83.21559847829853
6.2,6.564430056405918
33.0,31.937104122119724
5.29,5.442260538632375
4.7,12.420604802397214
91.0,104.55331597282259
1.17,2.287662277541738
3.3,4.038200289755626
2.3,3.7171536036492503
84.0,73.37286422404885
27.1,24.224749248845374
92.0,53.878798385480806
3.8,3.2480803799341853
9.73,8.636429831307195
60.6,66.57772426372985
113.1,106.12217615678068
70.0,68.34839681606891
16.0,55.451066329881876
3.66,3.1313140038760543
2.95,4.103307991483944
91.78,75.36307751699671
6.6,8.01403810633565
85.0,76.41789378666752
2.64,3.7513073651742657
92.0,83.88872481740128
78.0,84.60706679776371
0.21,0.2567912702938468
17.8,18.78398212504825
1.35,5.049266394401496
2.6,4.089221393950214
19.1,22.545284716122286
16.7,13.42975965135073
0.8,1.4573778182619244
17.8,54.1732433715376
41.5,44.30934279828858
17.2,18.635437566347242
25.0,25.003970690386506
14.1,14.702044206621888
99.0,71.34275268004228
37.0,43.298505889461474
29.0,62.018133370189005
16.2,12.489140660995785
6.9,6.134015844620246
1.0,3.3586373085656005
82.5,76.01561855224864
85.5,80.10035155657077
4.9,5.387287136744986
9.0,9.545917602866568
72.4,65.94675683583455
1.017,1.542271317011515
90.38,78.87240475911628
55.0,56.39757330741611
34.0,24.869407927976983
94.5,87.64326815726487
72.0,68.7280910547118
4.21,2.9232760539774065
3.934,3.187637400213043
80.0,104.18893667449451
104.8,103.04085877119897
1.29,3.1343460426437955
1.42,2.7957937971942126
6.855,4.324798679206837
93.0,80.51994761585262
1.04,2.683407945260995
81.8,73.21538271933454
128.5,127.31599441579527
3.6,7.116395668175002
39.0,31.520087782347712
1.0,3.4447385841135354
5.0,6.04473394977154
0.01,8.595141361074248
80.0,85.85610651837163
13.6,10.599114099357706
70.3,64.77408552548106
90.0,83.26410735693511
69.0,64.73659027429096
2.25,1.7552113591628522
18.2,9.810799447952096
17.0,34.56140225325358
8.3,5.830559728122839
4.21,4.0450716736048085
108.0,96.50909112041417
17.0,55.37643527555353
10.0,9.751962071314772
135.7,125.02655179584592
25.0,26.528499648689397
67.7,70.80480686113896
1.65,3.7760874336990407
2.5,3.975717899241599
26.0,38.88779003653005
15.0,48.708020091392534
3.77,3.82768125056051
35.1,34.30906661632569
0.4,2.1581370888013915
50.0,65.04982791580203
23.0,18.30828429607704
82.7,75.85821232953336
9.75,6.285793434992128
78.0,76.84467623659917
24.0,19.634062432133486
7.6,7.53290591873121
25.0,24.97157706246895
38.0,32.261281128242615
6.72,6.212777151749362
23.6,18.977953499701815
21.0,21.4520387368579
0.541,2.4683978893274356
91.0,81.91737787809116
17.0,28.018965261476083
7.0,2.821890355672222
0.001,15.121526632357234
24.0,25.974136673491596
4.2,4.112485829625994
12.6,10.948521729275356
37.0,30.922141363242662
79.0,65.45077914998657
25.0,18.9848354248762
18.5,20.026268278702116
85.5,64.78178055512396
9.8,3.49360151497454
6.6,8.127052798084536
15.7,13.740237108247037
9.96,6.256471046464151
66.0,97.9265241721152
76.0,76.31945145885616
3.86,6.983544980622348
25.0,28.385617586405374
4.6,3.705213557299787
46.7,26.561751080414666
80.5,88.0720312242136
31.0,48.39676256602146
4.41,3.434535089620484
70.0,50.051388521924274
10.4,10.893785758920734
9.84,18.47089182253229
0.8,4.631110438999271
5.2,3.9107131170185494
77.0,78.45599785380307
30.6,38.81706827041213
5.1,4.693275261874505
10.5,11.285690771590676
8.6,6.411899883041986
74.6,50.329939322176266
2.16,4.535433878149209
38.0,64.80466600680438
2.1,3.3668448178333272
117.0,98.6340942561089
8.66,6.944619228412485
0.51,3.8684828594485974
62.9,50.98366976337921
9.3,9.886379836125172
0.48,3.271325009795745
26.0,32.45684306543864
3.34,7.202245968331793
10.9,16.490474811485903
9.25,8.450163155500114
5.6,5.346977907849521
2.64,2.323387078946581
0.98,9.600029105441827
4.0,4.761220762018219
88.6,65.20674357231327
3.1,2.5972793553449103
1.46,4.664584362717836
1.66,3.526513055634938
2.81,2.3519292911237555
30.5,30.677876179943866
0.91,1.2503335011625187
0.1,4.693042674317502
110.0,103.76265267690363
19.0,30.54201744494366
60.0,74.45083466182572
1.39,3.8149612977644254
13.5,9.56769699143215
1.39,3.642045914983163
78.0,72.58303059237114
1.0,4.324273810091969
58.0,94.65067758995762
34.0,59.72272871089559
30.28,45.26371848740967
20.0,33.822684289764645
108.4,104.81138824953787
5.12,3.553143408465986
16.85,13.795675157118602
89.3,88.0720312242136
12.6,18.408816445922334
28.7,24.028829785951284
29.4,24.74712868136304
65.7,70.95759930189612
3.0,4.2748313106329245
14.0,13.125840203093208
78.0,63.29664930392167
6.71,6.221301752925085
6.02,5.850225476536607
13.3,11.60150627348367
0.98,5.212020414158542
97.0,102.92881567687165
0.93,3.5045119473384063
4.31,6.057547559156614
26.7,46.621351052921604
0.13,0.620499139257001
4.1,3.0571647886991924
50.0,46.17015371467234
1.86,1.8030978124167494
55.0,75.2348485845682
19.0,17.026026003033685
4.81,4.351237732307049
2.58,3.163567261313075
4.67,4.260177297184996
29.1,33.81748128855084
9.6,5.332726314226662
83.7,55.32985656795834
23.9,21.01203891326627
77.0,71.6459000659796
20.0,27.992381768898294
89.2,87.06691529977623
7.56,6.304628082995014
6.0,6.14330466609009
87.0,81.82746718532826
15.4,11.450429839848203
8.7,7.844190868983471
15.92,11.709029928898897
29.0,27.596310731884724
8.0,11.41394234456161
108.95,102.7046603943157
13.3,12.316751985831518
91.6,79.75327845743253
14.0,11.102159682536431
5.9,8.220072767109594
0.108,0.7221335948253241
97.1,95.46547380584997
32.0,36.58957926556191
8.6,8.052793059446316
19.0,30.84529975999389
22.2,33.170479394396125
83.0,72.11892605203994
116.0,109.523068171278
87.0,79.78512834049732
85.0,75.58455834146493
40.0,12.217398662501257
10.475,10.336829600884407
92.4,88.17319360231903
2.5,7.28706343934788
41.0,55.01097021226698
27.0,29.343065817423238
36.1,51.07659166269293
14.3,8.501343093529012
41.6,40.74260247509016
66.0,63.12770100430066
1.7,1.9958312918703882
72.0,50.167727930876225
79.5,70.80480686113896
16.3,12.860440893626528
92.0,79.72389177393413
0.62,6.1215464405255675
59.0,49.47653400334049
94.0,87.40143145645901
51.0,47.53384324479559
7.54,6.7876982759252975
9.0,16.730553187839092
36.4,33.64063580042474
40.0,66.0642876842163
3.4,6.000378014246527
90.7,87.16988968216943
15.32,9.525740950227261
13.5,12.924600193745368
34.0,29.003862061472788
74.0,66.93556057328978
21.8,21.434540018716223
10.0,9.789061762816344
132.92,130.03658046316616
11.2,9.380165063831083
2.52,3.8533702033833372
1.95,4.697292000806283
21.8,22.515880513700942
54.1,44.24948763150812
3.0,3.9908496004781786
76.0,52.66961543870697
35.0,43.1256971244257
91.5,85.9199675120589
86.9,82.75154542724553
13.0,28.148585123309875
13.5,9.413909096905481
3.8,3.025783957195904
15.5,17.016064118138793
6.54,6.261040834423713
89.0,80.59832863700241
116.0,97.68736236224959
61.4,67.37797157241339
20.0,35.30330579394025
25.7,23.80811678970606
56.0,39.3617772390202
7.93,5.621655583918888
55.5,67.09266439257743
9.4,7.821373377301345
75.1,51.41708538698581
2.71,4.847504143180414
93.3,81.10910379007932
9.51,20.98944268171158
21.2,23.929591637632825
1.7,4.2082150749340546
3.4,8.993325402587002
60.6,63.007326416781915
36.0,27.49863933310347
37.0,30.637575504258805
31.6,27.43974239126497
8.4,9.866533110119045
13.0,65.20752740240096
0.7,3.4339622785258133
35.0,55.950846239865385
6.3,7.056546873779521
20.0,18.72211443205461
29.05,28.88945564750129
1.9,3.808744798119701
50.4,55.777354421903276
2.92,6.161566168983783
2.32,3.140753424768342
23.0,20.781450339485605
40.7,42.082348245123505
88.5,66.47824443719567
128.0,109.0876271194497
2.12,3.0971956007030776
56.4,39.667520135718135
50.0,46.28104684279921
6.2,7.355599622163301
12.3,12.519512334522002
8.45,12.723186701697541
72.2,70.84367324518689
61.0,78.98163288456091
77.8,71.53157132614372
62.0,84.85629604686864
74.1,77.02713006400467
5.2,4.890431241044868
2.7,6.988363996555559
1.95,3.2145749680316813
33.2,28.152364897858728
0.43,0.2458282092131694
47.0,41.95195668854594
80.0,81.24045438458455
3.49,3.410438105097389
40.25,34.913265810399714
14.0,16.789311720182578
0.55,1.7342155982548453
8.8,7.231884724961285
18.0,15.843366014968689
7.0,7.593937385195037
51.7,49.19959156006075
3.0,3.821792887984153
4.4,14.68533272463486
8.68,6.239657542278542
11.0,30.78501888123135
28.0,38.56340538955794
61.0,68.08574732389042
63.1,66.03678289119257
33.1,23.969687794436226
47.5,40.93082235028941
3.65,3.952578153497769
4.0,3.3277618116370364
46.0,36.18441351692139
42.4,36.526694952023476
3.65,2.782459611211601
33.1,22.737461416709706
1.85,5.599880658101732
33.0,29.210420658542734
37.5,21.06975227472498
7.49,8.505453163922526
52.0,42.887748492097145
4.0,5.3503129774591685
0.18,4.451402656022497
12.27,19.505333736297043
6.09,5.441124839774761
29.0,28.847884142993774
32.0,27.972215164503385
73.0,64.97207915831372
80.1,71.55393502334282
27.0,27.311125051790917
23.7,25.261435339184384
9.9,5.195036737917562
0.84,1.3715561192573444
34.5,42.0939239605142
32.0,28.538117189704717
28.3,32.27511941375629
4.6,3.030296061197801
25.2,34.36166892927508
65.0,70.1239981238214
33.7,73.26797059724122
78.1,78.91700397891265
42.8,21.507914620475784
35.5,20.68142042557749
14.0,37.12084823245237
20.4,27.141092043812552
1.6,2.8512119475719113
2.53,4.191367945536929
73.0,81.51930204668388
4.36,2.8542077556031624
0.51,2.308556467584465
94.8,84.84873485517254
0.9,2.300974894504203
22.0,57.76788311626875
2.2,2.411915510310351
1.37,5.394473600491023
70.0,54.693572680254285
86.0,81.80737085350992
51.8,49.680731892842196
2.4,4.7888889827268235
28.2,30.58835985205648
2.9,3.2644863250042797
59.0,72.54545858841034
32.9,59.36174776940958
20.0,45.840833971781436
80.0,92.74724571242398
0.85,2.648138570022288
32.1,31.40319627423683
0.907,3.432270495929132
25.0,20.86288482698487
7.69,6.289116301976927
7.63,6.241522104411246
2.65,4.568203992826864
10.0,11.322733333407914
52.0,49.47653400334049
37.14,17.359803893824026
3.9,4.058837330935226
44.5,37.7084598154175
26.9,23.5634775390846
30.0,43.91202890058564
88.0,71.75864930671182
12.5,11.307716976245734
75.9,56.62428519453043
5.5,8.951102486608502
15.0,11.324035636531907
0.125,0.1703563326402993
35.3,35.315473598904084
13.6,10.149239095451334
116.0,112.70271258974077
70.8,75.71623367678698
85.0,78.91657377835159
24.3,21.709962109483328
92.1,82.12445922882885
0.57,0.4447121370875877
1.51,5.869947801488749
81.0,93.40075325475368
33.0,30.71212428006253
117.5,92.80603194276075
28.0,32.04511946907669
31.3,30.546035283824526
20.2,20.772267794364
18.1,17.624118072018586
22.0,23.639230969500836
15.0,18.93134974915323
34.0,34.29113120053829
20.0,18.782181122819573
40.1,50.919048428420126
9.65,5.183717201295554
2.68,3.0344009981208946
96.0,103.04692530414752
14.5,12.9076627212516
3.7,3.4172550713032472
72.0,71.84249510922294
5.9,5.436757412784182
2.35,3.162436540816508
92.8,84.76331959325157
2.54,2.5035592348023434
6.2,6.097349719129782
0.7,4.424840024694079
13.0,14.074219085631592
78.0,75.07563567602843
10.0,27.670831479176865
2.84,2.5189628897035035
17.3,9.021421299224196
71.5,63.895674424954045
88.5,83.13390468956405
77.5,64.92849660338534
120.0,93.50192068968708
3.3,7.840086591264954
6.9,8.723487700123803
26.0,30.55292816551143
79.1,80.66455758289491
80.7,77.02476957313377
5.25,4.940577253795159
0.24,1.658804576060554
3.43,3.9735982492677344
6.95,6.246696740039901
25.3,28.87228750134385
4.41,6.160186766803988
3.04,2.7934278039925418
24.0,22.64645043318135
13.8,13.003549000421582
68.0,43.20651611320953
23.02,24.856276020647897
15.0,12.466572206039915
37.5,57.00966090698075
59.4,53.09991748476348
72.0,69.8234734144792
79.7,68.93467627706315
32.0,30.560234237068133
90.4,86.72411466424683
4.1,3.5759732160530935
68.2,75.2262003014191
0.88,1.72461066894636
2.98,2.6992872498647427
6.84,5.575559594802345
22.0,41.87557460860351
42.0,35.00056631204528
1.72,3.8426066304808555
39.0,43.08490577274204
28.0,27.589283752443542
77.05,74.75042655137115
0.047,0.12529016649777683
1.0,3.6751498792300317
10.8,9.493216682022535
6.6,4.275895608534254
86.6,76.21686107689342
0.56,4.396224852981974
40.0,39.46582540478696
3.0,7.977521527474461
82.0,74.46630812565274
3.3,5.424333962462091
67.6,63.83324158487778
10.0,8.312407534990951
91.0,77.28678026325454
48.5,41.8681987644372
14.4,17.233231280698178
89.0,51.356891968394656
16.4,12.621563804808686
43.2,44.66874105601723
31.0,44.251296117788385
0.518,1.167012703633979
36.0,28.877741283440308
123.0,109.13987385316366
36.4,32.87992735442833
73.5,75.39212263767283
50.0,41.5988666926494
108.0,100.23534889575005
77.0,76.85158018541017
64.3,71.28287903290614
76.91,67.19781374763838
89.4,78.04514857727993
6.6,4.786668010949492
18.1,15.853229573635664
3.2,5.233276779024856
91.8,81.48100804983711
22.2,20.490845744195354
1.36,3.196563582645151
18.1,20.470325560503305
25.0,31.105925976805064
5.0,5.835844352555244
93.2,75.24063207569789
21.0,44.5087716107756
85.3,74.67979745964435
20.6,21.75259625259531
31.0,35.194380381475725
3.732,3.7568480496933985
41.26,40.082118884498186
89.0,78.9767680050001
28.0,45.836134813773775
9.0,10.22851862311279
101.3,87.76724924341681
3.94,7.028422215517589
16.6,49.99470676035695
2.0,3.502584546772187
4.1,3.979388844600143
12.5,14.208448153242372
41.1,45.70424225385673
75.0,46.688015400082264
3.18,4.3492743165370475
58.0,30.572499432915798
1.1,0.36214053781433997
87.9,75.51965814554755
10.2,22.495063477931367
67.1,86.72780317083092
1.62,3.9022491961948753
42.0,45.23201761540079
26.0,28.135480319546797
10.8,18.152326071711386
40.0,20.98944268171158
51.5,47.961950251695164
3.4,3.6938498848869155
26.5,48.28543388003728
6.75,6.170123495883953
3.03,3.9730617778847632
84.0,82.22161472591205
88.6,99.84232068005088
1.44,1.9613103554558229
1.16,5.322981003967784
88.3,76.18776530697022
2.48,5.702891377256508
90.9,88.40818993033996
4.0,7.528243538110981
1.89,4.074564058471876
2.7,22.29188100406965
28.0,19.642723116446767
134.5,124.5014856388817
43.0,35.315473598904084
12.0,8.102197485620893
51.5,56.35774772652596
30.0,43.95711240411554
8.5,13.794643395112548
25.3,22.531346130788084
63.75,55.94358151525785
2.1,9.997549150013642
3.45,13.014817593700153
1.55,2.708707618966479
6.57,4.504010933166972
0.77,6.907769213503431
0.042,1.6722656827172835
8.2,14.485665546357025
0.993,1.3755427523388275
95.0,88.11609328174892
80.0,83.9764383358157
37.94,35.14113011143809
66.0,77.6618529320546
6.14,5.012875415411715
8.9,11.651837634052596
0.031,0.10488852410670527
92.0,80.45364240521549
0.89,1.915039018942762
21.5,19.274063728442655
8.0,7.001523436533494
7.98,4.2551698092963965
5.85,4.525778419252551
2.1,15.490837202439513
8.6,3.004949635247841
10.5,9.333403829165745
30.0,25.37341170597818
69.4,79.72389177393413
6.5,3.1382059252564853
62.0,45.07627849757954
24.7,49.40588799013615
0.97,1.9192290634690836
20.3,17.12172517433684
21.0,25.571283941392323
3.3,23.75584727028366
15.2,13.533989575305759
3.0,3.699752093013314
8.15,7.0507105083489
9.0,6.97955797487694
19.2,13.286348268239642
80.0,52.91312747327064
36.0,48.909020215408546
78.0,72.662518960498
11.2,8.107177970228612
49.0,45.890813211101865
87.9,74.11330406228106
18.0,37.727824667546706
7.007,4.962962669474949
16.5,15.464722664544125
34.0,19.85147381506225
1.5,3.1126354343542917
21.2,19.0716880166032
52.5,36.56950928700058
20.86,20.891710251995608
23.3,18.22058834765577
3.31,3.2155868021681093
15.0,13.159636224195506
9.4,8.975369861231789
4.25,4.709679091743995
63.5,80.72761419071773
23.0,20.482321917192582
62.5,49.46036347530156
0.35,3.742643567009397
92.1,88.29994404225717
22.0,29.21543285385093
0.09,1.1770688991415508
68.2,63.25000042512542
0.936,1.392558391829484
89.0,75.76881578783052
38.0,57.15430402602177
2.7,3.9326016188017126
10.7,7.23730431978618
72.5,81.12354421778736
23.5,27.42889915680903
23.0,22.342351306986806
44.0,43.0609336775521
81.4,79.51839513385602
63.5,54.91541624065942
39.9,69.13765551374087
16.5,19.496027103446732
0.05,1.9151472445920965
34.3,24.02577574039064
92.7,88.17319360231903
91.85,88.01255388407436
72.0,69.27088469404343
100.0,89.40981066629632
86.0,78.38346885351852
74.0,71.7382614469056
15.75,8.721433927195807
13.9,49.8424168826779
18.4,13.24863936412322
34.61,30.299493957924735
3.7,4.15847724194814
60.0,77.43098762564404
90.0,87.65516935634145
18.4,13.559758913321305
6.38,5.105632720796402
2.5,3.557812821131182
1.14,1.500460103487857
37.0,43.880378570513486
5.1,3.6263144369393436
13.8,12.312720057386214
1.2,12.523546578642875
2.5,14.712117309912594
2.08,3.7197282224061206
3.5,5.3316364014499396
48.0,71.24092294373473
16.5,13.381116935015632
83.5,80.28375562057
0.53,3.560800041106603
80.0,82.33631670759206
4.7,4.751600475883776
7.8,4.369142333567891
93.4,70.34106291475403
77.0,37.38497470221645
1.4,2.151559675507542
45.0,42.30914412988211
4.11,5.214204055200226
88.0,75.13950915747469
6.0,4.199351495051477
12.7,14.562277060825686
79.0,63.60429065597267
6.3,6.486896728870008
6.1,5.341918165584113
11.1,4.6902597544149796
18.0,36.60442078010859
1.82,5.141417646250821
43.3,19.608468031548252
90.0,69.65012119039399
58.9,60.27222576184652
81.4,77.84811613090379
86.0,68.8541055857012
1.4,8.164907886383258
23.71,20.151923190627873
64.0,71.22397596452399
0.66,2.31753509226931
9.6,5.860997566626362
20.3,22.62360409382631
5.2,4.781574000013203
3.31,5.470261071988287
56.0,73.94111446078229
53.0,40.32898386924797
4.28,4.998499871777547
2.45,4.961176278669911
3.5,3.130440031251702
32.0,31.75422625415479
60.0,56.52718698065492
5.52,5.033445317107605
85.2,79.98209740930515
6.25,6.4391617146128155
2.1,3.9568521927219953
0.072,2.5806107875087383
70.0,68.95492299321677
6.38,7.182970576661876
6.57,5.670076689806693
130.0,126.06858737968332
4.1,3.828575750456332
37.8,32.263567256032665
0.8,7.6673882402519595
25.0,18.787978473986623
17.45,5.3420075130656475
24.5,24.298123995511833
21.3,47.43561358822053
5.78,4.559455712538133
5.74,5.64370718299866
30.0,52.622219037367366
8.8,4.154040419566844
75.0,63.67932487870866
19.9,15.786300047867552
6.97,4.0204700897988355
78.5,72.01677735558917
3.7,3.9309007650146763
0.067,6.642755914723068
3.7,3.248446818120745
86.5,76.43136280756049
68.0,63.64028692703844
57.7,53.882029557060676
47.8,44.534101085679076
28.0,22.94768418409998
9.49,8.58436760077431
111.0,103.33343070670186
6.24,4.190074966540395
72.2,58.510511239282756
22.0,22.52160641673586
130.3,123.42786558426555
15.9,20.346760168819237
12.2,7.208465718717465
7.13,6.460652220797391
32.0,35.22259710403382
67.1,64.06383419928316
18.6,40.50992095904774
2.72,6.127442163878023
13.0,30.560941571266483
2.9,3.7912560913550144
5.0,4.989859973066899
11.5,11.250777735293005
16.0,9.667988171370194
0.73,7.295389140096924
117.0,100.96598022333428
90.8,87.32134087096219
22.7,22.069329913210787
75.2,75.48098856078397
5.24,5.006365501486739
11.08,9.242494452882626
1.73,2.0783236025060257
28.0,60.98948778617431
94.0,87.43126035333778
5.3,6.097230805584253
18.0,18.84084355377443
8.5,10.42048173045417
38.8,34.91896099385115
2.5,3.1718477144697075
2.47,2.16999356456718
3.8,3.950118433233399
2.18,2.4758891828471605
21.8,27.94993003613482
0.43,4.756320489082753
4.8,4.093841032879511
28.7,30.33247143285665
1.4,4.636590984628243
7.0,9.033066816810178
87.0,78.80185778258398
1.67,2.7667865663174878
5.1,4.761084923350379
36.2,29.94792367512153
4.32,18.880854655531387
82.0,69.22335001195627
48.0,79.25811852287192
44.4,44.77499459631644
8.0,11.810292980709809
66.0,71.59183139220002
24.0,20.88373588344287
34.0,26.622207203732824
81.0,74.71974158004491
82.0,76.99135666128718
92.4,88.29994404225717
2.98,5.224962296654612
83.5,80.61013429670723
1.695,3.1601019349280666
13.0,14.134663328841176
95.5,88.83443087961703
54.4,61.09407600032767
7.51,11.636945721917623
6.0,9.22262683752193
18.6,18.695722938472787
5.6,4.308023402469832
84.5,55.19467366996175
89.9,77.30200174439105
6.0,34.735757020347435
8.1,18.898800999672158
19.0,37.86183089510573
70.0,64.92124359257525
33.0,29.651507191978922
20.0,45.72696076114836
86.0,70.73967973060364
61.5,67.30159101140632
38.5,35.756664419015344
50.0,20.08525320043741
78.6,79.59104067531376
5.5,5.2123876343319715
4.3,4.114713898202251
20.0,61.79464044845719
6.06,4.28312283232865
19.3,19.174957191659026
2.6,4.343047809296093
4.9,6.304026270798164
5.0,8.17900905471536
22.0,25.083810865609415
10.0,27.559190749735187
103.0,88.36869386777616
0.03,3.34301019220145
1.24,2.7617960398569528
10.0,8.595141361074248
16.0,10.361515659887111
3.69,4.4240267333887715
10.25,6.079404249794191
53.0,60.36877724084964
37.6,67.79531666172079
13.0,2.361599627797181
2.7,5.0359108703876725
3.96,6.720568277922562
71.0,74.07022437858754
132.9,125.21171626665286
66.4,60.87008634221307
82.0,76.57798872542584
1.89,1.6949993793643128
14.4,13.848229342608017
63.5,71.3408438187132
8.3,11.139101407047217
80.0,76.89999342432458
81.0,82.07836607616109
85.0,70.06370083843677
0.095,5.305651153224439
2.44,2.9352329634275183
1.14,3.6957854996730948
2.33,3.07679185130701
38.2,29.80417250010578
62.7,64.94530639274504
15.2,14.574358688924812
14.7,12.265370312637074
77.0,50.94683784688897
54.8,48.45706087814419
5.2,8.538346289549533
7.1,7.024499644168784
10.0,18.111349349258177
82.5,79.59104067531376
8.0,5.315074227890936
83.0,78.88003960208343
64.9,61.0080738849208
66.5,55.52517449198888
34.2,28.890632194124734
23.0,22.866547368738658
49.0,58.99486308077049
1.76,1.8240145758343322
2.69,5.558017405335765
3.5,26.229101311352455
57.7,53.80241623907457
1.2,10.735931919818443
92.85,78.2395606192494
1.0,3.7542016695976472
119.95,115.62243989888673
10.9,9.386341781219015
45.6,44.33903066100924
27.3,27.582969748511445
0.66,1.5248738416355037
74.4,65.83317451125178
89.0,74.13307035753603
34.3,23.69994533585302
5.96,11.478860620689288
2.5,2.6345753146244566
6.6,4.926789486874291
85.0,57.35538610349925
93.2,69.45565058461665
0.048,0.7048047249715697
10.4,9.097199312865277
65.0,61.996270226432486
0.82,1.5595674234760484
14.7,6.364541352389266
27.0,22.496047035737316
15.0,19.03927275720255
75.18,59.316565147836
4.4,10.264861489122298
2.92,2.7229422215129166
25.8,34.31666893653947
20.0,24.36998535591385
43.6,48.99879791289501
1.17,4.02426139685141
42.0,13.156999561431101
3.05,4.44478748266599
93.6,87.87272571859023
1.7,7.634895854254578
32.6,31.602163761675495
46.8,41.77473602703407
5.5,9.780877780027428
4.4,5.699036637243744
7.193,6.523518466406326
1.61,1.636381204025744
86.0,78.87240475911628
90.85,88.17319360231903
86.8,70.27996670949584
12.7,9.546988025148163
7.84,7.328664927149051
11.6,10.014417494787123
1.5,2.7219433543643134
21.0,15.757758150192483
4.5,5.8271444475626195
3.3,2.735391263518706
66.3,73.76304552295868
47.7,51.241959991497616
59.0,64.57333132030708
25.77,20.680566511037583
51.6,76.49245373859274
10.6,32.458066418114875
87.5,78.87240475911628
115.0,114.09339221486006
80.0,70.41306199798636
96.0,88.86676980515463
2.108,3.241793472595656
4.7,9.197684715406183
50.1,30.68609336710784
4.9,5.074730622900227
7.173,6.226201805293934
92.0,48.4442483436959
35.0,26.97715906014206
82.0,76.84374563489467
53.56,46.50712522869926
71.0,71.25191419188758
15.2,15.095464508568702
8.98,8.760915661674282
2.94,5.081489624473269
6.05,5.8219741046718125
3.58,6.325533379547006
53.5,44.88647184783311
39.8,29.879058798602255
70.0,51.85554719704916
21.0,14.493625259680327
6.6,5.285115640559807
27.8,50.13074249581124
45.0,50.15348453378222
1.71,2.7645656056722743
0.68,5.171615874317985
36.9,34.870000319411666
83.9,80.66947757046653
3.6,4.832638657252864
59.0,65.1244418271183
4.33,4.542590732068981
24.0,24.45627805892184
19.9,19.911625882741383
71.08,73.38141688233708
2.85,4.586478773465922
18.7,26.229101311352455
70.6,68.25618443260377
1.76,5.394447059332552
5.5,3.0127985481492017
6.5,8.264066035192922
7.8,10.455614887301802
23.0,18.321824959519404
0.189,0.2862168290128241
23.0,18.855167271953654
5.4,6.254179196755882
5.94,21.30598984798516
1.4,8.236589650563266
1.35,16.86934738065122
7.0,9.239497640229928
94.0,85.46725208132622
98.0,72.60076072854628
6.0,9.651315876638705
10.0,17.970178715007577
91.0,79.3011558608773
75.2,61.966704142575686
4.49,6.3953690194539865
0.6,4.200530409056646
18.6,35.814920239414086
32.0,56.53706638108637
20.6,25.741880268212093
6.1,4.675852239370928
34.0,27.441459584360537
23.3,25.2213887575789
9.16,7.266128409686952
9.88,21.367775774605203
5.5,3.4059791025379837
38.0,32.6777292321487
0.69,2.6663704678698252
2.0,3.6483983027755023
39.6,51.04403584564694
3.72,6.102583299379495
2.7,3.244383371634479
5.4,5.017699969709537
76.9,43.01551812270585
32.2,31.382862140157442
73.0,47.24961395756848
6.73,6.493441482757688
60.0,62.94578905466213
43.0,38.29139060970791
35.0,48.96285677434524
2.31,4.048056457339188
36.2,25.97950267330224
19.6,21.62549755089187
28.3,22.962795269926595
112.0,99.5093685348194
80.0,76.53697582012443
23.0,16.799386482584154
37.5,36.48788220850595
8.9,9.475667037874574
127.0,115.55155431737136
73.2,69.28158045307153
2.9,46.974413001259535
17.8,22.252747730389768
91.6,87.06691529977623
49.6,68.31656841446875
4.0,11.42644767535323
35.2,53.68272040853572
70.0,74.33520200568957
91.9,85.22696453546808
115.0,114.21410262214944
92.0,115.96964644070322
28.9,30.715263704825993
50.0,48.26083589342593
28.5,27.583746963515683
25.0,27.650433026024256
4.3,8.507446051706074
2.0,3.898782385125632
25.2,26.12257665347028
1.14,1.7477353002906137
86.0,83.12381191680988
0.0138,0.38258296037659545
24.3,20.363241816705088
12.8,11.132871106213802
52.0,63.71367585958104
18.5,17.85383204390181
4.05,5.518611830567032
0.03,3.028587977368099
7.31,6.274334673199133
50.0,8.66222858664733
61.0,59.929454908160004
35.0,21.83992557467197
42.0,45.74433128081361
5.1,4.917434077956286
92.0,78.52872363277915
1.24,3.0958170693608316
9.17,10.504855031377838
2.55,2.292747634752726
2.42,3.7999651972322908
3.67,5.843388545248888
70.5,75.76641075370837
5.0,10.234215049491308
10.2,9.08358488140087
17.9,37.48551825846031
90.0,79.25811852287192
21.5,14.445130354612564
0.97,1.6003684418597597
10.0,8.293310232313676
1.67,4.34043721471874
0.77,9.189168191269399
110.5,111.83087323699269
1.48,2.2196573199185123
79.5,81.60747050296979
3.6,25.545005037808078
107.0,78.33266342417296
9.5,18.63543847411965
5.3,5.064004353027352
34.0,62.683177561987755
58.8,57.66084568289344
2.1,4.380457774557782
6.43,6.238034557522154
28.5,31.66825331118962
8.0,36.11750050922599
28.0,35.91410146295834
50.1,48.24908095512548
2.8,3.2822593691078334
3.0,3.033742780108004
85.0,79.85183517180097
2.8,3.8672782787972406
30.3,57.143040522018545
91.2,81.09238115181572
11.43,8.78336211197886
3.05,2.312526841630274
87.8,87.69234351457241
2.71,2.594211697255008
50.0,40.87985215826457
79.0,78.91700397891265
64.0,48.08542824810322
9.5,5.929762138097625
30.0,38.29557114667039
10.9,10.175055703937778
4.0,7.071369130806442
50.9,34.07781422332222
8.15,5.586876154580731
63.4,69.86457071673041
37.4,29.939947116215592
29.4,31.20271808801888
4.3,5.752972800031779
0.675,1.8449593854605273
58.0,60.16363988488122
4.72,3.4156801728848714
74.0,63.607325445528346
8.8,17.032198994148825
3.2595,4.263517004807449
74.0,56.32456092236779
10.0,25.038101122593396
2.52,4.423947979449704
15.0,49.28118095828654
70.9,75.06398423883029
4.095,3.771011166321186
0.49,6.624499289838466
9.47,7.266128409686952
3.3,3.1812656885821338
93.8,87.86155580414481
4.55,4.096863204398905
2.36,6.32985995646266
9.7,4.961817652437385
23.8,13.890480785641456
25.0,40.97725720901717
44.3,58.519603121898825
1.21,4.592608664346517
1.32,4.369190696106149
4.12,2.8958145706249967
73.7,70.61988750798464
91.0,83.85040657970409
0.6,2.4067948428547212
39.0,58.44371925771361
40.0,54.07002275162008
2.9,5.711287595048528
82.0,81.01941130149946
15.4,18.745248160497518
11.84,5.52826508015954
25.0,21.817997531977017
1.4,5.695541437969187
60.0,59.870403630996734
14.2,9.326113191593105
74.7,74.9239634924079
88.3,88.17319360231903
10.0,20.268285891388192
48.0,38.11220977540835
46.8,72.54132101451054
83.0,75.0639385755618
67.0,57.118983183410776
100.25,80.33223326578387
3.7,6.487493671730481
37.0,36.31865241441944
21.5,55.03982356261346
77.0,75.70759070145843
0.55,3.8917430459923916
13.9,12.85758731833032
28.1,51.91709515760343
6.8,6.433104030020804
106.0,92.6128858992621
25.3,26.05596177564438
106.9,103.32387832996275
7.17,6.523518466406326
5.0,4.219546479809508
1.85,4.606090141271963
77.0,71.75844537657483
4.15,6.3279106018495845
0.03,0.13666417841354137
31.5,41.975075973896125
37.0,18.185093881197112
7.9,16.273007412466562
34.0,61.389089819058476
7.1,5.140460172659137
6.0,9.187055285412042
7.2,21.867733817571157
34.0,39.15768443133497
8.8,5.34778452781704
2.6,2.9352329634275183
3.9,2.8605787350282217
52.5,63.82615372657455
6.0,6.460652220797391
62.94,45.25490265422
128.0,101.70610730318998
5.54,4.632853999412383
43.05,78.52184775635335
28.0,58.95026785477374
2.2,6.556293192692108
36.9,28.244621649025802
0.6,1.587883547572973
10.5,21.71781476594795
55.0,65.57870137779614
37.0,29.434203370881704
26.2,56.72135828015256
3.4,8.408280513386723
5.27,4.0452962032373785
59.7,55.595934958283614
57.7,67.82953661278279
22.6,17.872182713227303
131.4,125.51454380668686
12.5,12.692425853246114
0.449,3.387929588654704
25.0,25.100945062695004
128.0,118.04860083616728
0.68,2.6183710188436553
83.5,79.83200122002586
4.1,3.958532698492436
38.0,36.708273350552616
2.66,4.296596584530405
8.6,7.441156322213093
9.0,6.504033263222187
0.47,2.197733255737617
3.14,5.3565499697757
0.09,1.0875603863747225
18.1,48.28663280354389
20.0,20.03173828643835
39.2,32.51025150077969
91.2,88.17319360231903
0.14,2.1047459581966534
91.0,79.43229438555933
75.0,59.45172070645104
101.1,82.55026842526739
5.75,6.547858010667164
5.12,5.496844056120773
11.02,8.37520737715436
3.9,5.017310400127433
3.73,3.463334225596169
10.05,8.453314237212828
8.6,7.763092215378628
53.6,46.54276979546603
45.0,19.914809561386225
6.5,4.2120735928661714
20.0,25.443960085702876
43.0,49.86259089611875
28.3,25.71485599330115
12.8,9.049249082587862
41.0,47.93566734974914
2.0,11.275498193926074
81.0,77.35060529111766
60.5,64.12958964156107
5.5,11.142304480500965
0.78,2.07173334246367
6.2,3.383237481766164
31.4,25.1424200006313
1.97,5.43102440884302
108.0,112.7588982565313
13.0,27.358620728799576
5.3,7.520526430668656
3.05,3.888631581078129
25.3,24.382765923816766
74.0,73.67558576280466
67.0,78.90577354304706
32.0,23.66612521696371
53.0,47.546513033867306
0.77,2.7111059415670686
2.8,2.9794167139872685
8.7,11.67530856589857
23.0,34.86490301270181
1.04,8.368665710163784
88.1,83.48568991569633
57.1,45.86652099712809
15.7,18.856712338577594
8.56,8.172021036439146
23.5,30.280133908753587
53.5,45.813331114637926
87.5,82.79216544511209
21.0,31.03223259869434
4.94,4.765501975050672
27.0,24.253271405204508
47.5,49.1524024060968
16.0,18.702884435809306
1.5,3.9806560255313213
1.4,3.0774797199643418
71.0,53.14486205781171
5.28,3.6702600245727974
73.5,76.50224269786474
14.4,13.099433772241241
38.0,44.507550067413256
36.0,31.31317050493029
0.55,1.167012703633979
81.0,87.82398343507636
7.6,6.21711587435583
6.6,2.7818452438436134
87.0,68.89997192979777
82.0,77.08242395343892
1.14,4.103829656505082
2.73,3.954979269220352
13.0,19.273577082146453
69.5,67.8506339976058
8.2,2.962901676262233
45.0,38.00806775685
1.26,4.337329832968118
4.0,7.306061621341658
0.7,4.531139739034002
6.8,6.630442236812666
2.32,3.9573842357644704
91.9,75.738988129138
0.5,3.177544435387972
7.31,7.6914512316289425
20.0,19.148652218473238
13.6,11.321465253322877
8.45,7.498481612067498
93.4,88.28248252097053
29.3,47.89868168050106
11.9,23.38286389945844
19.4,19.30852859642103
61.4,65.55116816593583
40.3,46.70901208425544
55.0,62.11237113990468
20.8,21.283693561860584
3.1,4.213807488763647
6.25,5.152008588637522
0.125,0.16971539233372973
7.15,6.112978252548749
7.0,4.028848214639483
92.0,84.64537456301056
9.7,9.219194063116168
50.0,41.39587286999126
59.2,55.34642773047272
12.0,77.20883597915049
9.5,6.542279399255154
4.48,6.393891232462182
79.0,64.9916128364382
4.1,6.562700195983301
83.15,81.19472283392301
18.0,44.31830235533092
13.2,53.725348190222086
91.8,85.22696453546808
79.0,71.34510965875572
85.5,87.06691529977623
2.13,4.33890341960297
1.8,2.9112939070174675
17.6,12.466975429053168
3.7,4.172694817972118
28.0,32.69764616217157
106.0,102.08689565166897
5.9,6.048436862782779
48.6,39.87955036642532
0.85,2.1343462288153425
65.0,80.42567692017573
92.0,80.04020226678823
14.0,12.687570330104924
92.0,87.65516935634145
39.3,51.9467778128471
6.3,6.059299011068111
29.9,26.47711124851161
84.3,74.08309372501232
36.0,26.059457514421148
25.5,31.814029548097107
71.0,58.21650888964788
13.0,9.267639216869869
92.7,88.11746169732821
31.0,21.953630371297923
20.3,17.513792701653166
2.1,3.652807593202597
1.85,1.4059141124113506
50.0,69.38981267579187
76.0,47.722628485336074
3.89,3.9597150704507573
74.5,100.84191013163247
24.3,23.33952115845859
73.0,89.88500346903547
40.8,54.07093937555146
9.25,5.491390725175644
11.77,9.30971693580702
8.0,9.368010272124948
22.5,42.17037211709316
22.0,18.603794967322962
98.0,105.48448732384446
4.2,4.751600475883776
2.5,17.836432165570628
5.75,4.621265918002944
16.5,19.462003116712076
45.0,45.44554478965858
79.0,63.64028692703844
68.3,78.84636264300465
16.9,39.20263161363048
40.0,31.318373223030697
8.9,6.626887405143502
29.0,21.895066154442233
44.3,30.958386674779536
11.3,18.43189444107239
6.295,6.396116040668476
96.0,88.02782941178386
6.7,8.801038326915654
2.4,3.776174530889308
1.3,4.060288802897361
16.5,11.741870715521738
107.0,76.75711352466826
10.1,29.881845027940813
0.81,1.4864373745488881
45.0,27.647953594382365
91.6,83.37949798084684
38.0,15.56099509582485
20.0,66.52285129871993
1.25,4.916389425383426
17.0,18.440123619792175
77.0,49.85650951170373
0.56,2.2303224295670505
5.53,9.478045704044673
15.6,28.608130827702308
1.07,6.628357046332592
4.34,6.191354593571593
18.6,20.17775570089447
5.94,3.677595002511405
18.7,21.2847651035624
8.62,9.105100132532364
38.7,33.255349077444244
26.8,24.95101136065557
79.7,79.21920729126523
25.3,40.41811001798102
7.195,6.523518466406326
15.5,38.1763225479161
34.0,61.04589483990168
3.17,3.5290899518030634
62.5,68.0932537894212
81.6,91.02563833087275
5.5,4.203421992386619
5.0,18.459503502987683
18.3,15.80943818294054
25.0,55.92023442834294
5.6,7.537280599687964
27.0,31.66028789664512
0.39,6.624499289838466
83.0,77.38928743719092
9.0,11.41394234456161
76.0,68.82391357252634
17.6,16.70006285877605
10.5,5.816201506151033
28.5,21.458259812115294
16.0,14.098948330855421
14.0,15.879875044808092
2.0,11.120840571626896
97.0,84.45042034732971
7.7,8.234755629894988
7.025,5.540748322288476
88.0,58.604687852398904
67.0,56.44715200326449
8.0,7.731963733111706
68.5,62.74572391868133
6.0,18.08681208958475
87.2,87.86155580414481
93.75,80.77699806818268
12.5,12.277599904990085
12.85,10.820508357907567
15.4,33.43560975127597
9.6,16.608582041358712
1.68,2.4575417653676133
18.16,14.0302094930376
63.7,57.70382926132817
61.2,57.42119078291878
37.7,27.66593458934254
4.8,3.764818652622897
3.46,2.555265669876166
12.5,17.19565419102448
4.6,3.9669610891143114
86.0,75.69219844978113
10.0,9.103040903669207
119.0,116.10464523050747
8.3,27.22825641207621
18.1,17.545337404358897
88.0,79.0240625628717
29.2,25.04352247636161
1.506,3.7191136131269364
88.0,83.57881671209124
50.0,72.19327758068658
4.76,5.214312200517831
10.2,11.570345082171029
72.0,65.44795345079288
20.0,19.04478618801874
101.0,101.82804802282132
2.6,3.2050495648255364
124.0,117.18339762070799
19.0,21.50345433619476
73.8,63.03763573044449
8.24,5.639272107430567
9.64,7.984869337316109
23.0,32.559904068030455
23.9,24.9972764995749
54.9,47.576098013068055
14.3,16.689143540130292
10.6,9.454193789037129
8.9,4.690266549804029
25.0,43.13438169438771
4.75,2.4244301869973475
7.49,15.55387612329454
21.0,14.482437949970729
3.6,3.6398315489873303
12.3,7.393411983486991
92.0,88.29994404225717
90.7,84.67691861259543
94.0,81.23695699626118
1.5,7.095009026445764
26.0,51.71927978497904
118.0,112.23684536054054
14.8,13.036891134515939
60.0,52.9960702098341
27.8,29.377345740623188
0.65,1.8054030044389568
40.0,35.37549670543639
73.1,74.49784430718829
34.2,38.7835076520371
56.1,55.61186436369604
2.2,4.665873196667913
53.0,58.84655071818372
86.0,74.69614019662619
3.93,6.152260838231053
135.5,125.94701168827974
37.5,40.524274237288594
1.86,4.140984970665164
15.2,10.490097471209637
20.7,43.18610158902283
27.81,44.4916158848296
1.64,1.5574332000617057
21.0,19.382585191041965
30.4,35.194380381475725
84.8,81.47682414381565
37.3,32.86955464337271
26.0,18.51444996938676
68.8,72.08053760205833
22.9,35.22527981925352
135.0,123.77145895306961
10.0,10.953394417412335
7.8,7.480687217819417
126.8,102.07464052496931
63.5,77.51900124925754
30.8,29.496572403118517
4.0,2.7718357202332236
5.35,5.69948845484216
11.6,10.504642184127075
87.9,87.95204621384325
21.2,18.30828429607704
3.5,3.7311719641466556
4.0,5.08842994005655
3.0,3.6945628953552574
6.0,5.448702893118604
60.0,55.113771790761255
15.8,10.71807484527327
1.38,3.607970213629168
91.0,83.9661501069489
35.0,41.73521034181254
0.72,3.3505100318957513
6.1,9.39299811581499
58.0,72.33635489895708
58.0,56.89942917994616
132.9,125.8810273971004
86.0,56.25662174898992
4.5,4.306080697092495
85.9,81.80687048780557
92.0,51.57017315676746
2.4,3.8171551477835135
10.1,7.25539536638937
66.0,70.36279538864885
5.97,4.647308919563316
0.18,1.7941442693504397
88.0,74.103455979925
25.2,20.181017353586686
1.5,3.455431038967497
9.0,10.00268783898567
8.0,8.345744857010324
87.0,82.36498216994234
85.0,61.760098422031916
7.91,7.127673053458827
80.0,79.76035999736956
43.0,34.80638448472954
9.0,9.16779409821689
4.25,15.646887223651943
10.6,13.657890038965
8.0,4.611159499162625
88.0,83.08913839465069
82.0,71.5968549509054
4.05,4.215506117859516
1.05,2.5772681226710468
31.1,54.69133625835915
26.0,45.040655485872485
12.0,8.0296141723798
22.5,15.586601087124413
54.5,46.57130711319038
68.0,53.620839298323176
1.58,4.656353713794475
15.45,12.990991856417086
15.9,16.560360602834585
35.0,44.56043888665754
29.0,32.90694394223951
100.0,100.30598277208006
94.0,71.74607893325077
28.0,45.83688230340593
70.9,72.23830763695405
105.0,63.83549251703114
2.13,3.8093005939060913
92.0,87.65252229737226
9.15,7.907925287114937
16.0,9.557325097398037
67.0,56.68070286266489
25.4,27.527925042949164
92.0,86.57605164037774
89.1,85.01816725317397
10.6,8.31618683155108
0.2,3.2340309060988064
6.9,5.006017639700711
52.0,49.86744249889702
2.7,3.500261193933179
73.0,78.00275224988779
2.94,3.2521120746802574
15.0,17.70034598710748
15.6,13.394908613935746
72.0,62.755234622136534
31.6,33.4329680347427
7.5,3.553143408465986
34.0,34.515267342625805
12.0,11.452341243072281
3.35,3.2133053152941957
5.7,3.9766274944110247
4.76,6.670356986504501
94.2,83.69667730718555
14.42,12.762267843768614
15.4,17.738866773799373
82.0,67.93812129584035
34.0,37.23611613636204
2.3,3.4542982938377302
91.4,73.45258780286116
20.0,21.02680176810112
98.0,91.07721514103909
57.5,57.205076356754475
13.5,10.564379724357705
5.7,6.778688956092643
0.64,43.361138509602476
109.0,116.13923803571426
18.6,14.868503966646943
2.7,2.8795594427034827
4.69,3.4439431419149824
26.0,41.627434398963274
2.18,1.7437131722550143
22.8,20.482321917192582
17.1,13.337383758002511
45.0,34.63326140587277
1.46,9.956272469764523
0.235,6.323770118736335
3.82,6.7109680564825664
70.0,48.320278829084984
15.0,13.33558216888159
0.37,1.9020817313700376
72.5,44.581765095746135
79.0,77.29733105458058
10.8,21.511323668984396
7.9,6.805354696687179
64.0,54.99707706533556
4.57,3.907253317921403
53.0,44.25238483895294
62.0,47.750473831296716
29.0,14.318754083235044
1.1,4.223639039857724
58.5,42.888298325077635
1.273,1.7708902551960786
37.0,32.781936393191735
4.06,3.55047095137515
100.0,116.52133505764499
22.0,48.58600114296857
19.0,19.404363135255778
1.9,6.03948787683522
76.0,61.193869743685276
84.0,67.22929214670573
6.58,7.241089009947824
7.5,2.6592778212387356
41.5,39.48257494356028
91.5,88.35344579969849
18.0,18.29034025054241
24.6,26.828306627906596
23.0,24.79808690963045
1.74,5.36545225053867
68.2,72.8134556658648
15.4,11.421801531602677
92.05,81.38312408221506
3.32,4.394758686566309
10.9,5.094745459958678
0.168,0.7026739979482501
6.8,5.156095593166668
5.25,19.30016331477012
6.2,5.845301494959994
91.3,87.53103110430472
5.28,16.360655519582586
4.2,11.114704768590945
32.2,29.28602516818049
83.0,75.64795778512384
90.0,70.78636449525655
4.4,6.068008548481148
112.5,112.92788647326448
4.1,5.43550795850567
12.4,12.832000941900546
2.44,4.686216230574271
84.3,71.58804292099198
1.39,6.388346329739563
3.82,3.212424194986015
85.6,48.07615368471645
38.2,35.02464877220809
34.5,35.315473598904084
94.2,95.44600370934674
8.28,2.9066572090474763
36.0,55.58908776480397
60.0,51.28460124492084
6.5,11.564646446479843
74.1,75.05354777160663
8.45,16.461463179056057
5.3,4.734163520201762
40.0,50.538940735668355
5.95,4.275150541153282
32.9,26.682261871653992
93.2,87.65516935634145
3.26,4.4194266415815235
104.8,102.26338457799106
23.0,18.82001660687996
6.15,6.453402573972751
88.0,61.971108675475584
60.0,85.53293463533272
96.9,87.73177249711132
64.0,65.15550342126284
61.0,50.98050834134125
31.05,34.67292186627628
34.0,36.46599965738647
78.0,70.86010384317387
5.5,5.004664885792446
75.0,64.2031197586709
29.0,24.316263383052256
0.5,3.3099183230554927
13.0,18.633115817729625
70.1,71.68589328442258
110.0,97.45974353192287
5.55,3.31087018147922
1.61,3.1315752887036306
7.194,4.73369738525979
5.89,6.817092188174192
90.0,79.50831454977457
41.1,30.3152419159944
10.1,9.828968417674876
3.09,4.356989151922882
29.2,23.49608069400122
6.8,7.487603539999883
29.8,24.16010091873924
2.3,5.199038518223804
40.0,36.02899945243816
1.7,2.007241914234256
87.1,70.4434599961692
34.7,42.43499239793271
100.0,85.96685935508283
48.0,72.38330572114515
47.8,45.575229408762986
0.24,6.424087110976789
25.0,57.31670985583875
33.0,30.59598875367743
3.6,3.6390545365495193
4.45,4.76662283713314
29.5,27.88556337785467
90.3,72.28214835748405
81.5,78.23083499813545
3.9,7.529404890155663
5.0,52.48615043088289
6.4,6.321490323036383
17.7,13.12523823837682
80.7,71.50795066244852
131.3,123.40950949064953
90.0,87.86155580414481
37.0,30.65892166482256
28.0,26.716506007307643
2.24,3.160935400564909
32.4,25.84890902955462
3.4178,3.6895807944871497
34.0,32.04126461635175
3.83,8.909374658481033
1.7,4.257339665242129
4.05,10.518230713854562
78.0,51.48124405496613
40.6,27.057146705062408
3.3,7.34949590508597
11.45,5.894978199914686
47.0,64.37312206792501
42.1,58.85640068319969
37.0,23.22708270091078
25.5,24.94653974467626
81.0,79.21694667553851
4.8,11.049725961795911
14.7,8.936475837384727
17.3,7.372963047261462
0.073,0.28491161760304956
5.1,4.7785648907406095
5.72,5.089889100019422
13.0,23.3128117155495
1.45,2.9325632320309847
2.8,4.033553320899402
9.2,18.162999737741167
11.0,16.40904614393575
67.0,70.00944936147364
46.0,49.86744249889702
33.9,36.0645755986956
4.8,3.6595166729911206
4.07,3.9429558111914975
34.0,31.962576505349716
2.8,5.644548260742574
76.1,60.02599717017683
21.5,21.12065514515209
3.34,4.931755736969772
87.0,87.64513167404724
12.3,9.383969380456485
4.07,2.6385311989905516
0.28,1.1549748484092968
58.0,63.386139664129374
15.0,37.09459494637393
23.0,48.19763265040455
0.22,0.6940812381447384
15.6,18.2049549000332
9.94,9.470672541806856
53.0,44.88916215901245
19.09,10.518230713854562
73.0,71.15714229701507
90.4,75.1205999498146
5.53,5.787293814881909
113.0,99.45139586090966
12.5,20.227159649027517
6.79,12.370969575803612
15.6,13.8586451594622
2.42,3.383850732577666
4.8,6.45497780414256
7.3,12.744460747055042
2.63,3.22614614567763
15.0,38.10335965060126
13.3,11.979845802069326
92.0,87.87517973869488
34.5,49.25064863748667
100.0,44.30101431155118
90.0,81.14710265937607
37.0,46.830359448610054
89.0,85.53776129054293
28.0,41.14248857237501
19.5,10.272859783137326
8.0,5.499767052311863
18.0,12.243238186773
59.9,51.88175642635485
5.17,2.9519264475983236
34.9,45.16853904074165
8.0,20.989663443186142
2.64,2.3601080518962845
90.9,78.60829377295141
8.58,9.82165342045697
15.7,9.518625237136504
4.8,3.730434736846948
9.2,7.457331484804261
30.5,34.94025509947955
5.0,4.048699893104223
79.0,66.34823458593016
12.9,13.008196947499144
17.7,17.561857606040295
86.6,88.17319360231903
3.4,4.938510039320211
91.0,66.52285129871993
71.0,73.35891674336087
93.4,86.72411466424683
96.0,81.7976411517245
34.0,30.93715966596683
13.5,14.53541670530122
74.0,70.81020953847711
16.8,18.08681208958475
16.95,10.504639584654663
9.1,6.269437207029664
92.3,65.5565416539997
86.9,81.5258998376337
90.0,66.1001314811229
3.0,6.771183044415046
82.6,76.5771640477566
107.995,92.40763314456426
17.6,49.566107637854856
132.0,119.80080617046964
2.76,3.688079943291137
93.5,87.86155580414481
6.79,7.679958468154378
115.0,125.94701168827974
3.65,16.496303600347563
8.5,5.769571429094696
4.47,4.558669139354307
59.7,56.179743613122575
12.8,10.09921668413635
4.51,4.931755736969772
75.0,59.389498755815644
78.0,72.69264179321014
92.2,79.25811852287192
17.7,15.193160586327098
76.3,73.03573339679323
106.35,103.79457267096129
13.4,14.160393187252339
37.0,66.676154997046
78.5,30.83141612604644
5.82,4.988986505767379
90.0,66.40300611342921
24.0,23.56976194432188
84.0,82.93762132784589
89.9,88.3801042728236
3.47,3.3763103986633607
7.38,9.43002933181695
45.0,58.83699458993722
60.0,60.20886253683589
7.0,7.116864528246374
3.0,4.719509043927659
15.0,21.852666933766905
65.0,92.3791910959953
9.96,23.71429185337726
49.0,48.66672297918839
0.7,2.977803633582392
127.0,116.3587477944411
0.84,1.9751651396080954
91.3,71.45237802962275
76.1,75.47888052450104
3.0,9.804692028968098
9.67,7.938903135194132
4.8,4.529400780998824
55.0,64.34891284284814
78.6,86.8938005469723
72.9,79.75963344470688
83.0,83.48352261234741
9.24,9.82563415282453
77.7,79.37663188556824
3.83,7.176473394943971
69.5,74.03464092638298
9.4,5.664818456262114
22.6,23.891525146630716
39.0,48.201403570661704
3.38,5.611119687910929
10.2,8.026906544228465
91.0,82.49952065486298
57.0,52.56216837145199
27.0,56.361079639345256
17.8,47.633453624902586
41.0,53.98382967393122
2.8,2.6327565308883942
34.25,41.8330534556296
7.4,9.54531920920633
4.55,4.017675899688316
2.1,5.4884749277812785
10.6,6.631122193917419
110.0,96.96718146703854
110.0,94.97256583307605
81.5,63.276482905982895
79.0,78.5551043395835
17.0,4.831764813466638
22.0,19.253307771978854
11.89,7.152972433178731
0.9,2.235263611939285
108.7,106.12217615678068
20.3,26.310849337843706
85.0,74.14316358000511
105.5,95.72172054599297
82.0,79.59104067531376
5.0,7.765480799985264
76.2,80.55869289818489
11.7,18.516754073846588
80.6,77.01562330241974
32.0,38.37268016680659
92.5,87.65516935634145
3.16,4.53950408491505
2.3,1.7357049555994062
32.1,34.54175212060153
13.4,16.525304930360644
27.5,29.652636486753753
1.67,2.1327925515796626
37.0,35.7616154104217
4.64,3.2113399217860366
30.0,42.242570935852214
14.0,12.209488444411466
79.0,94.4288318060094
14.0,14.926774576497008
4.115,5.398227002329821
34.1,24.316262593873393
77.0,59.81722851789101
0.32,0.9413107661451837
7.0,7.92211612760844
4.75,4.1226107713699545
7.25,4.507331261227475
82.5,72.44261481543676
89.0,73.42018093198249
15.9,16.952994474254638
86.2,79.25811852287192
91.8,87.86155580414481
75.0,62.04515524820082
11.0,8.101227213003957
86.3,77.90926201427528
4.11,5.506923776375144
114.0,111.36309237659064
64.2,61.05457820132583
43.3,39.221261602836044
14.3,13.979599178471144
5.15,6.784526915145856
3.3,11.099666701326981
75.0,37.80099143143596
1.31,1.8867653430865843
1.968,2.7681832510264797
110.0,112.80241142009719
91.1,77.50867609071634
11.1,15.722062150354486
80.0,81.20820460442366
3.24,5.0654598741628085
30.8,27.174735741454832
92.0,84.0518507468904
2.444,3.48980976152542
18.0,59.05734558646917
66.6,72.4422397150455
111.0,100.84191013163247
1.84,2.4505133609633942
16.7,10.230473006069232
4.56,12.145339323488168
16.97,9.292062597950332
9.48,5.652907227882244
48.8,57.73393581367535
27.0,43.6370031534652
64.75,79.55874991724833
22.0,12.899684702242881
32.1,51.500656734899685
8.3,16.767479103013176
3.14,2.318581439146362
7.9,4.920661514128386
36.0,87.94545175099924
17.2,18.844617220857504
9.05,6.818507436161204
13.5,11.458349108351198
23.0,26.4086145084325
32.8,56.586031978730134
100.0,88.19033191767662
4.9,6.309213888790467
21.5,19.232557618847284
37.9,41.20341759112449
89.1,72.32839004207621
89.0,81.80715306957315
44.0,56.1364160904706
9.0,9.522237927940486
4.3,5.589700952125692
24.8,23.164049573720405
8.27,4.712051905670597
82.0,72.18005495496345
79.3,62.811796713190056
63.0,66.12218988015223
8.4,6.383248779160259
1.63,2.4239529394429455
3.65,3.416038487115822
7.6,9.490028349090538
37.3,43.74878838761264
2.1,2.76838921942909
56.9,64.3623053992282
111.0,114.9526951882282
80.0,70.92502412134401
12.6,8.512057625537608
10.2,16.82050363479646
0.55,6.250401681989155
65.0,60.16016802709562
37.0,29.35135647862457
13.0,12.6009554781537
78.4,69.09509587665809
72.0,66.24322734753387
3.34,6.53083713385158
51.9,40.87750862849603
21.0,24.23799813230788
91.7,85.02734801216022
10.0,9.070152933685995
15.8,10.99605168885504
7.3,9.707136371044697
9.03,9.333024300546821
10.0,11.570345082171029
16.7,13.205531277686557
87.1,79.37195089429952
7.4,4.630220256081213
1.4,3.6106130857995877
24.8,28.474733516807113
80.3,81.63767065185642
2.8,15.306038738441362
69.0,70.00158889920102
23.0,51.86011094494544
45.0,38.096100782939885
3.845,4.012627358464778
31.4,32.86383451095723
33.5,54.48238005236678
30.3,42.30874831610108
82.5,66.77321193839308
19.7,16.614028894679336
7.65,5.644336887441124
2.8,9.255361076908486
4.5,5.969363162096732
18.28,15.808891268612305
2.76,2.434673544015145
44.0,50.15453380198616
34.5,27.73898908948458
8.7,6.653520148584401
10.0,63.13949209579902
79.2,74.93390661776755
76.0,69.30401552265275
91.0,72.02082479206851
16.0,13.337383758002511
92.3,87.06691529977623
10.3,17.080155022731418
45.0,63.29277047781634
6.1,6.728527319293204
88.8,66.05770424114635
0.72,0.6708351084505759
20.0,15.123439606343922
76.0,57.601928757702886
8.5,27.993681814999167
85.9,78.02487406393283
2.5,7.439976084434043
1.06,2.5705017426669867
54.9,60.84973627656846
40.0,46.107099642070274
0.2,3.597572708796217
11.0,10.057939397838547
25.6,21.725191622329795
62.1,65.77179843943527
58.2,50.97272586415948
12.6,13.42953778330419
82.0,79.4101653428685
94.0,84.14087822159013
6.2,4.073215863105786
8.0,15.92361704248992
21.1,57.33751872457714
105.0,67.07398049664329
31.8,60.34768089292235
6.8,8.417789959531937
9.8,11.008778751869052
24.0,31.26785038627853
65.1,81.70035202249942
8.1,7.818275113424004
21.0,17.416062226093242
45.0,44.90983966333855
5.8,5.519470239740379
56.5,53.657115642732684
0.49,1.7242113896069577
7.8,6.41524965689234
8.7,6.869886139782287
40.05,39.781086254136845
49.0,45.15058404356452
2.5,2.933398792646841
78.8,67.01977729578876
1.6,5.018599469662778
13.48,11.817885377361439
4.92,3.8118147898421455
8.0,14.637594418388108
94.0,87.53735845786119
12.3,11.99644655652496
90.0,74.08032060502022
5.5,6.500053591701113
76.0,117.20783986778825
4.0,10.010807246149914
5.96,7.293257888118917
17.8,15.948716469390638
30.3,32.716031542181355
29.1,29.010081315327128
93.1,87.86155580414481
25.6,40.14539713564529
16.4,11.929557518366497
9.6,8.393456624168307
30.6,19.09967934878757
16.0,53.32645112764128
16.8,18.787978473986623
94.0,72.54545858841034
75.0,79.39950212836814
16.8,16.911055246746347
50.0,69.2098281044736
55.0,47.576098013068055
0.2,3.4915465729237223
0.9,2.6457900847518476
4.1,9.655002101712425
5.62,4.387079647952502
5.46,7.229645910565
5.32,8.330938599541184
62.5,44.31313146343718
3.15,3.2635694463820255
11.0,10.222377195188312
12.0,14.341285605931798
90.7,87.69234351457241
36.7,21.246409217640263
80.0,78.69837805525057
86.0,83.96534137528565
6.6,2.6156392431743565
8.5,11.933404904673376
55.0,69.87189073615079
5.8,5.915554190156949
2.22,5.967776668705618
5.5,12.463415995892829
77.5,86.00607882321324
84.0,69.78241634237575
87.0,63.24019431883824
12.0,4.722597835312909
20.0,29.3430216909197
16.0,40.17957613088571
80.0,78.39746618503537
108.0,111.98468421314453
1.74,7.3779018159607705
92.1,83.91958642342591
71.0,86.75057566636661
86.3,77.40042616948534
0.052,0.1749843249408826
91.3,81.97881837724724
3.15,4.588091558097724
46.0,51.022339084009445
42.0,55.27079439083787
53.7,42.399907722547646
3.85,5.636425867864645
89.5,86.20415117201883
4.07,4.072374362865782
53.5,56.67330019157846
83.0,78.71202141359463
82.5,81.91833130080819
34.5,32.67905318424899
6.76,8.816098977315445
5.3,4.140779362776334
26.4,26.508522591542413
53.6,67.92433692680764
33.0,19.206130274591413
39.06,39.21270017164821
18.18,7.372963047261462
1.8,3.9266784510796193
41.0,18.250741042630633
8.4,5.82769171411643
30.0,31.520087782347712
23.0,19.977095725544846
21.5,29.42544516665789
0.168,0.18323948819130867
4.75,3.4802150139355
1.56,2.589474067214789
68.0,74.24861713911726
66.5,25.43207135481429
13.0,12.89023179977752
74.5,74.74673163290203
13.0,28.129619866088532
42.0,49.64054537002004
4.2,7.636933979395586
22.0,32.04511946907669
1.95,2.6241293896491666
81.0,73.40802371527434
76.5,77.9419436312221
8.7,8.017253738090588
9.0,8.607030504708577
96.0,84.22447360095116
7.5,13.142670989491753
75.0,79.44827224601501
4.83,5.085910157537714
18.8,14.682550070542812
11.0,12.750528194072825
42.0,20.016301972489046
6.221,4.589376645130699
56.0,48.17437225298652
28.4,27.476768874735185
9.8,16.377201976194268
76.0,78.4015961959286
23.2,8.728114541160407
38.8,24.879094827098097
1.68,2.079606254591484
5.1,8.794781765591786
54.0,63.77962115884455
18.0,22.966478622651497
5.75,3.714083468144296
28.4,46.740035333583336
132.0,42.84979816853176
1.74,2.5425475910049626
3.2945,4.055142591261477
59.53,44.53088776638539
87.2,81.28403132388597
127.0,124.50702120346
85.5,81.08949705338937
72.0,70.01560997180097
35.3,67.12259295158754
3.0,2.2550943115444446
4.6,3.9437664628931075
46.9,49.75900441271463
143.0,123.15182212992326
5.69,4.328911344941232
37.75,43.581377335563424
3.46,6.109925691725588
62.0,64.95213487994755
78.0,66.3270235065357
86.0,80.43919831512865
45.0,76.43411851356032
25.0,46.6935383426853
0.75,5.554195529019819
19.0,27.103854919236863
50.0,60.17494545315643
38.3,32.45875708968256
107.0,94.27605406522383
3.16,3.2095417460185405
3.1,3.241100092589976
28.6,18.722224646723152
34.4,32.581133407446934
12.0,44.046195154811
81.0,79.07273533072329
4.0,19.5335014130548
3.5,4.977930664710801
91.2,79.86808307658302
90.2,67.77053355383276
3.02,4.501828577745222
5.95,17.566857429792005
59.0,52.80393221720437
47.0,39.75231558791311
12.0,16.227816805751953
35.0,34.48944256346819
4.3,5.147029395628204
88.8,74.89391043302734
21.7,18.440123619792175
2.49,2.6529579927290747
29.7,27.842715154995773
127.0,122.62380532985406
78.5,102.120369274405
130.0,87.86155580414481
14.2,10.491100191082802
91.0,92.13389661270756
2.32,2.9438893851943986
64.5,73.01782645465978
8.6,8.149317131927829
38.9,56.82235167464756
77.0,69.65012119039399
72.0,71.54472747748554
0.7,2.483145931356071
20.0,22.607809841140124
17.0,21.201527222580545
55.0,44.51377051078333
0.07,4.2318951852989555
3.1,12.740262496747205
90.5,60.51835159034839
3.59,5.3579791200908
0.34,3.2750225975703176
34.7,33.820113928119454
96.0,83.09346227837476
115.0,120.54237501360902
9.7,13.15263892394283
1.3,1.8843635849694136
1.7,2.79679257801941
112.0,95.38387127444118
4.25,5.414596873994007
55.67,55.13257430695735
1.8,3.3974675453456995
80.0,76.63714646088745
9.0,8.53438181604595
25.5,35.02707122908163
80.0,64.97207915831372
13.5,20.431871146137457
22.4,25.05409908889341
35.9,32.85571668476145
90.8,78.20805585547441
75.0,84.85629604686864
90.5,84.72830498215346
45.1,54.069897844050296
20.0,50.81040391135411
34.0,22.076877501099595
12.8,7.902737260973252
135.0,123.05822928116768
6.86,22.928327519885272
3.62,5.448654456809279
4.68,2.1294414216595174
3.18,3.3834947013432686
17.8,23.414110006306327
70.25,59.577303635581785
61.6,67.83763314257743
37.0,48.5327624791985
0.141,2.5937954125344507
5.8,3.4049638206002903
6.0,6.2653202379286785
74.0,54.22761813722428
33.5,28.962532192590068
2.2,3.2846898653847547
47.0,61.26078249555167
93.4,90.68283752054418
92.15,88.11746169732821
12.8,12.094104338674793
1.2,1.7708902551960786
124.0,95.7968306388037
68.3,71.1481877950656
32.0,39.88490933087621
0.325,0.6594589022190491
83.3,79.51223192377732
21.1,19.59497015646714
66.0,73.78837422493717
75.92,75.38368455754548
72.0,66.52285129871993
22.0,28.858670562586493
21.7,25.763275954444712
9.0,48.15551900763875
2.6,4.583846524714268
48.7,58.183932951745405
65.9,56.467792805523416
8.6,8.373283531897844
2.325,1.8595697053564466
5.2,4.392842910596201
39.9,36.56950928700058
93.7,79.72389177393413
7.5,8.490855839028622
5.94,4.647308919563316
0.15,3.963800966490564
1.43,5.6996034246169796
25.0,21.4520387368579
55.0,79.0049370086202
62.7,60.38746854774373
6.04,5.339018914741235
35.0,31.88476923036085
22.0,50.72639636651945
73.4,69.34169927665953
78.0,63.54390560828481
7.0,11.712040034856026
64.0,72.64760032993333
6.0,9.750984719355541
28.0,32.65386077003922
27.5,24.64591138320762
15.9,19.23282461002337
32.0,33.030756915638364
75.8,77.57148892415626
0.628,2.5755231978899906
23.0,17.863103110390046
1.587,2.6705801038358095
60.7,70.8683198871382
8.1,5.451162719832499
18.1,21.713246407547814
2.0,11.752810821467483
37.0,35.09862149489254
62.0,61.81910658796567
0.058,0.3038115093727299
24.9,21.458259812115294
31.1,37.63545889007098
9.51,28.669109844929913
133.0,125.21437198742241
10.5,9.751962071314772
94.5,75.77823821541561
14.0,12.082223644392247
111.0,104.58235098986476
2.8,3.749110109415943
40.0,84.49375100805688
5.45,3.705213557299787
8.3,7.686646757418339
86.0,80.29781288642302
9.55,9.436746253769254
75.1,74.06275127876695
81.0,88.17319360231903
1.8,7.296221325793776
10.9,16.7162269905662
122.0,104.49096318590631
1.32,7.546477204352814
15.0,13.022869695234244
63.0,78.51645661917175
43.0,26.581360707258494
7.84,7.574528319972553
91.0,87.87272571859023
24.0,20.28789396870807
2.31,2.9537724582457625
58.5,65.59299136878779
26.4,27.130700965900587
9.0,21.484461062438204
5.0,12.968964876084293
0.476,1.2909208798320835
0.093,4.748746964364041
76.15,74.01290001689893
3.75,3.7870030253030533
1.7,3.3913695519979483
80.0,78.02949972171604
1.02,1.792117652635676
16.0,19.248082859718178
60.0,57.45097835814652
88.6,87.86155580414481
4.8,3.8975604415119345
10.2,5.477861273922386
14.3,12.762072747745163
35.0,22.256692004232416
0.92,3.529370408708848
2.5,3.3050451901515814
34.2,26.247690721042215
80.0,45.790679109672766
24.761,4.986491757070655
65.0,81.98891013656777
3.7,4.708193427218902
94.7,79.64164829769545
87.8,81.81860840824596
3.85,4.598348814898775
64.7,88.29320845942648
92.0,92.17849910446908
1.35,3.868153302554959
23.21,22.375129585998174
4.5,17.1570600718109
4.7,4.215177034705186
4.16,3.8437340394781385
8.4,8.172021036439146
6.18,4.56844818429918
0.068,0.20149569715107896
76.2,77.07280869099198
111.0,74.33746759981153
0.06,0.13456557474167818
82.9,75.19755298597762
76.0,74.80565250323215
62.0,22.589204231555385
26.3,25.512094820518634
93.5,80.0754321754011
5.09,4.39785638390918
3.5,18.76405828977337
80.0,78.54676159587181
2.34,3.4766307113396366
80.0,70.34745862139164
0.415,4.467865401146156
29.55,27.297911095848598
5.9,10.853003847998982
40.0,30.416954183379428
79.8,86.06717802811426
21.0,22.344855162608642
28.1,27.40225793654139
84.5,71.39303972034828
3.66,2.719348682166252
82.0,75.46962382666638
19.2,23.844491548221594
1.2,1.6799178449338228
7.8,6.230144940264874
83.0,79.82299923195468
49.2,60.779257126369366
63.32,61.539737501948544
36.3,31.801801478907755
61.0,68.40289679834144
78.5,65.01656182018603
3.12,3.674188852371925
5.0,7.532521779385772
14.0,11.482517852420441
11.0,10.658731337116766
13.0,47.87678240112292
18.0,12.45456982015517
1.0,4.1132961899189535
0.74,1.7247167095007558
3.8,4.416620146498217
19.5,16.108369673810053
7.0,8.578837360839593
20.2,18.618087979477085
3.29,3.1800305639647046
90.0,87.65516935634145
16.5,15.576050806559048
71.3,74.92931789621572
55.2,60.12699135367969
16.8,15.713238601378285
5.7,4.363856747805043
14.0,10.700651352810487
7.53,6.4129089527966885
69.0,72.13021353311746
25.1,25.3141114042739
1.29,3.5039786414436094
9.2,7.699418933428106
9.1,17.128650521045465
15.0,14.597707622068535
1.34,2.977316282078291
67.1,65.73836159109206
28.3,29.541951945469354
30.0,53.91945840661587
2.11,2.496218635763864
25.0,53.319846760977434
50.4,57.068338044859615
0.135,11.328856204827096
0.35,2.0334661649641785
91.5,87.64326815726487
69.0,65.85632156912277
1.2,3.045198574153988
117.6,104.57095056383791
19.1,41.0818017404218
38.2,35.194380381475725
88.7,88.29320845942648
8.77,8.911438471094755
3.84,4.334373148226922
44.2,63.72275569169665
3.2,5.798031870838788
100.5,95.317665781089
36.0,32.04511946907669
67.0,94.06276344424572
143.0,126.06858737968332
1.22,1.7718091842671264
84.5,76.13728337444046
39.0,34.81376123324104
10.9,8.060366398485382
2.31,4.364229063360035
114.0,114.66692599161443
57.0,65.54807413416727
9.4,5.62689642359361
37.75,34.67292186627628
1.378,2.262246521247581
4.71,11.076985438438502
10.7,5.963924489747089
36.7,35.4273338741865
10.6,14.950091912683463
76.0,89.4776835713635
90.0,87.95204621384325
38.0,45.44257630681788
34.0,13.508274124582153
0.046,0.31641600329504505
29.5,21.94328106300185
50.0,49.54208126032089
19.7,18.334170329420104
6.8,10.343591981037243
10.1,9.667271462217808
37.5,37.20369573971456
14.4,41.75154480389295
3.18,5.466277778551354
43.5,56.659242885534056
22.0,15.773886192380635
99.0,83.73788187661873
0.62,1.3610128750928483
26.9,37.7864395336031
2.38,3.607970213629168
2.01,4.502203246754491
80.0,67.19100525362714
7.6,4.138741949857951
22.0,31.203576462734517
12.0,21.20404804171192
85.0,77.12696413662201
86.5,79.36851743598709
15.1,14.84000892165125
5.52,4.669544221838472
5.56,5.047736266494957
33.65,25.08828994095808
7.4,8.067785718894433
36.0,35.27537715249804
21.0,50.07331422689589
0.508,1.3426225415659077
5.95,9.323825601213453
15.0,38.32168563703673
1.3,4.2840722850538535
15.0,18.243974430809384
2.7,9.671436987382734
89.5,79.76029596072125
75.2,79.5020591751327
29.0,9.899879014548874
1.2,3.5428063069726075
3.12,3.530304698182998
1.23,4.081683037264244
88.7,83.90706022625167
3.62,3.1076768973438473
92.9,67.99066323008142
32.0,27.30894623814203
9.0,3.077478377701045
27.5,21.001950167111584
3.8,4.224295715221834
85.04,74.67979745964435
75.5,79.59104067531376
2.8,3.40568140916951
1.07,4.860134796246597
16.2,54.10850515689965
112.1,105.48448732384446
19.7,44.19266968405084
11.0,19.710939120484554
92.0,63.55027310554985
30.0,49.773785852713324
80.0,80.24788044824545
68.0,64.7108638708344
39.5,35.31813775872104
34.8,31.567953855268502
7.05,5.342667133212105
32.2,48.69167390463944
55.0,46.031034509698216
86.5,80.60639232928925
4.0,4.007868649963591
2.04,5.059675533092457
1.6,3.125991464621249
8.6,18.03437444045454
93.1,75.90535831886405
68.0,58.217421328541946
19.5,19.404363135255778
18.14,16.48953593623796
1.43,3.5317879730841946
3.8,8.622136531107378
93.75,95.6655956318665
95.0,15.685004579466739
2.0,6.862005704425523
66.5,55.05340206635348
5.5,4.454740779494107
7.9,7.0981072881002145
31.35,30.572424457367195
111.0,107.45870134634765
0.26,1.5906499464775485
82.7,79.8850272077708
7.5,29.820561273285456
22.6,20.355202172431298
66.0,65.91855205444826
83.1,86.72411466424683
54.2,55.62977186768593
83.2,88.05811311218453
32.0,24.78562641082742
118.5,116.43866810720455
1.13,5.330238562051796
81.3,78.4015961959286
7.3,7.167120225097596
94.8,39.96975856304005
81.8,79.85183517180097
74.8,74.26213661271794
40.2,24.999612811088816
4.5,2.5782161347090704
4.2,3.8764762478033825
3.9,3.731157995190685
6.76,5.836480494634164
53.9,38.6947578167373
71.3,61.377667432910755
50.0,54.53729676558939
80.0,75.9572879818133
108.0,102.78429632441511
82.0,74.93390661776755
5.7,3.1654842709095883
14.0,10.55987855038286
34.9,33.225250812892604
19.5,19.80346110059578
80.0,75.09100201006899
8.35,2.6766567594642203
5.5,3.9204546276013605
4.9,2.714642513302742
33.0,34.21239082885226
75.0,69.06745059345384
75.0,79.25811852287192
85.4,79.53204133215013
64.0,68.81245427329345
40.8,40.6945207014589
0.168,0.15741916955328397
81.0,71.26937446808637
2.23,5.6882148401769825
5.5,8.65630971839131
61.3,58.356648426119115
89.0,73.31305372650623
70.0,41.918210793891014
2.2,3.7234305431592865
0.73,5.723603410122883
7.8,8.172021036439146
5.0,13.139173253082772
8.86,6.346400308414926
3.92,3.443485449852139
1.77,4.221045954625435
55.0,44.67557261205257
3.7,3.695605419514906
38.4,38.59466540092024
22.5,22.265955056694068
92.4,86.35926563484277
85.0,74.26140412196354
17.8,28.443634912177387
37.0,30.254676101749663
41.4,36.2649813184923
82.5,75.05576909316792
33.3,26.9546896395045
30.7,33.59395039771151
107.0,104.21045078715507
5.8,6.542279399255154
87.0,72.55138540510009
0.35,3.513182263908959
60.0,52.61918323751893
39.0,48.89896345525907
0.395,2.3905742582557306
28.0,8.812464303361718
1.75,6.647823629431433
25.4,19.10786734433183
87.0,76.96217448306649
3.89,3.876009686081629
133.0,123.26518335198105
98.0,69.65012119039399
3.76,3.865653288420272
83.3,88.3801042728236
57.0,54.648772441582345
90.0,78.96942788478782
7.88,4.129984409079835
92.0,78.0835739413662
96.1,83.85779186894139
8.7,5.633408612538177
6.93,7.731963733111706
16.0,20.684729190768206
10.6,5.805858955160185
90.88,82.69390414755203
2.21,2.645619422036085
22.6,23.997785270275514
22.0,29.41614022343637
9.67,18.47089182253229
4.18,4.39174217090569
4.5,5.235184884076631
35.0,52.10723443162346
0.09,2.3378240749565644
21.0,18.695722938472787
4.2,3.5939433278896726
25.0,20.98850565656471
2.44,3.3242052541735387
16.5,13.205531277686557
0.32,7.366879634807782
18.95,21.586004444485283
91.4,75.44411042115443
1.88,3.0631347906760307
112.0,114.76692354657817
1.8,7.7274342088669075
86.0,60.48535377881089
39.3,73.89662118599998
9.7,4.113020179858314
2.59,2.7509954060636455
76.6,74.48490420968301
12.7,6.803584131571746
21.0,20.831020107646108
21.2,14.131268664572007
40.0,36.0303266711359
8.28,6.505057016084906
37.1,35.98380969600781
8.92,4.5688984560230965
13.0,43.21284480072766
36.0,44.34218573043155
20.35,19.631222790794062
92.8,79.78512834049732
2.94,7.101403667951296
93.0,87.5559563157587
1.92,2.551400049661476
11.5,8.182980279215945
28.5,38.19335014951852
0.4,0.2098783837161812
86.8,80.82684673938923
3.59,7.19253148894676
76.0,76.98238547845683
83.0,79.59104067531376
1.22,4.8568333345010615
27.1,25.167693796165885
33.0,35.00056631204528
3.012,3.448489860790471
2.85,4.333956364014028
12.5,2.916010559140795
88.0,87.72373297380562
29.8,27.607610943994974
120.0,88.1569244729745
1.85,1.6994739980037632
30.4,27.682308698253063
1.5,3.238236243067888
91.0,79.90162223041125
20.75,26.447113014652746
5.3,4.446675136591158
70.3,59.653431721875315
31.8,52.442642918647266
92.8,88.29994404225717
32.0,30.17170571221707
2.86,3.637894288101793
29.0,20.685898694349298
47.0,46.21044398136999
67.0,88.20087643780084
4.66,12.542277018798643
37.0,35.260377968122
83.3,76.77451898606049
38.2,34.8006015645003
86.0,79.90586336611115
5.3,4.958851987223345
26.0,41.38502537456855
4.28,4.437301278515254
23.9,29.881845027940813
5.1,14.14517299915626
21.9,18.61487378891358
26.2,38.733515608015615
67.9,62.709318955434874
3.0,3.888922966699278
0.74,4.286059673454943
8.5,18.619770710193034
75.5,77.35627562286957
95.0,102.98491029921325
3.0,3.253689863296419
7.97,19.24998046092469
5.6,6.091454452116
29.0,20.326751388197078
127.0,107.87821002739555
5.0,9.559151692807871
70.1,72.88040143129074
86.3,80.78509994105471
92.7,80.62301659543407
5.25,4.954809669262342
34.0,19.005359658697692
69.1,59.93073675718505
4.39,3.95851005826397
93.0,107.00592017642556
5.0,6.508498492889416
75.1,77.20727905690946
86.0,81.51723956822146
10.1,9.75698214543624
7.181,6.298857267423599
3.07,5.7546395416135105
85.5,69.41830562239018
13.1,9.861742950333145
66.0,71.50524248928437
72.1,69.67561916964239
1.89,5.171886481807216
0.29,2.48071427862167
11.67,9.84269645549629
14.1,11.819602825166903
6.23,5.753395764693271
2.85,4.0155511414309935
0.955,1.267774030956235
52.8,51.40977833838969
3.7,11.531527705065441
31.8,27.1897204055204
3.6,4.205692623034153
72.6,76.94958865311432
89.0,82.95010611665883
1.4,2.970270240664485
40.0,48.5285546936349
107.25,107.00592017642556
2.93,8.969073056855908
36.6,45.94214622341355
78.0,88.53689340745606
88.65,63.288130717642645
91.3,76.07601815894131
15.2,44.475959207603324
2.6,3.143686726274003
89.0,87.65516935634145
117.0,105.6816226196046
21.0,22.0429394439673
4.68,5.184814525113855
40.0,30.55595812840957
22.5,20.39426809895801
40.0,44.81162859658594
25.8,14.027566432457641
78.5,81.04446187911216
9.05,3.7196153979848625
83.2,84.89915546583046
6.52,7.423708033839469
18.25,17.69536602980455
7.4,5.748406419620531
62.0,56.15191559707881
0.158,3.485159381236931
1.05,1.486673490500139
20.0,38.261904981615935
9.8,4.611159499162625
30.5,32.07412642427711
82.0,80.72838112967635
25.4,30.432724008945456
2.14,3.7784698061336073
93.0,85.30960341818154
83.0,74.42976847185436
16.6,11.830309703645606
2.21,2.1799428513483985
122.0,116.64667868066273
29.0,30.79247332887871
93.8,79.22081250134123
34.0,29.14863784432151
86.7,84.90181656609845
4.3,5.051635547986853
100.0,79.18212972704511
50.4,37.78297086530133
29.0,25.113184486740536
98.0,110.92456551232956
74.0,60.43647839831469
90.0,88.08227726844528
92.4,87.86155580414481
81.0,70.83356582511405
37.5,32.74787749705943
35.0,33.84314995461107
31.3,29.560301956293074
0.013,5.277903446453269
84.4,70.57546078737894
57.0,51.11979485587264
80.5,79.21920729126523
76.0,63.9557741712961
0.22,3.3279552050789456
3.9,4.400568091817474
4.29,5.3826730169632055
89.5,80.72838112967635
7.2,3.8275903714742623
105.0,71.43158404992093
31.0,25.25907752896841
5.8,4.4376565023606895
7.62,4.252480119961807
89.8,45.91792145121909
45.0,48.430610582814786
0.5,7.047069114082424
6.0,5.444505027921476
61.7,72.27649777690512
79.6,71.84250770339695
3.57,6.071500072807489
35.1,25.414498050886998
17.3,11.832501691515345
45.0,45.92308732591622
30.8,22.548624299593
33.0,37.3786582809344
26.0,21.18559871692808
4.1,15.715426477257123
2.55,6.45470451927226
75.0,72.1689499465701
6.75,5.814687467244596
4.0,7.7186338970849855
70.0,88.53517531951577
3.85,6.397518038848795
63.0,50.925968574497944
108.6,102.65144768583373
78.0,70.052306194994
120.0,112.60126684178394
5.48,8.493642137238654
40.0,23.674087732105146
8.48,8.017253738090588
24.1,57.22962342287344
61.1,56.53950291378199
91.8,47.11954619433224
3.27,4.125267254138698
9.89,6.722499381038083
1.38,6.608688218125742
84.0,60.03451963863904
90.0,77.31423300773486
0.076,3.218239971373215
4.3,6.815139061036203
4.74,3.826606423544677
32.0,7.28706343934788
3.76,4.409587028342355
11.0,9.880474014771751
0.022,0.11173817296509712
4.2,3.7686973632816816
30.0,29.24591908222505
51.0,47.08119717934076
0.76,6.091989603595647
11.7,8.561859808656921
57.5,70.95759930189612
28.7,27.952632741300707
9.23,11.36355730819105
25.5,18.185093881197112
8.2,5.683804261348957
21.2,17.568520157764233
3.5,3.038122362786136
1.1,5.118107140338418
0.385,0.43938412656852405
0.645,3.579937734178754
14.3,22.929914309604587
3.0,5.956239474482983
31.8,30.58416486658529
40.0,39.75703043588365
33.0,23.492106519114202
0.75,0.8511228203570984
86.0,77.3805331803013
86.0,78.48063876408524
1.42,1.9096187029323732
3.2,3.8297444197769024
8.28,3.912207844184003
89.4,75.66277479503327
3.2,4.729907512757056
23.5,28.330578283219054
2.8,7.30863904514764
25.9,17.612733769969818
80.4,79.21920729126523
45.0,53.10735932658746
95.9,74.54720387777934
16.0,12.917364164514812
3.24,2.9250387553781714
1.13,2.555020662466456
95.0,84.26564702484393
15.4,14.762640442972593
32.2,32.781936393191735
84.7,80.10778708450816
32.0,47.24696648770574
78.0,78.63720943566828
12.7,9.857600749216118
26.8,44.23777610192474
78.0,75.01303117960036
5.58,4.91202311870986
8.6,5.628116215444134
124.0,125.41887139396388
5.24,2.987433575993096
79.5,72.06832764627498
2.38,2.829504228557572
0.133,0.1135699095727061
84.0,83.81076099477609
76.8,77.89486666368438
103.0,85.87561907409354
94.0,75.68829406923172
18.0,47.14110967243615
2.79,3.4043133147248468
2.14,2.233163313320599
13.0,16.68834071270592
45.0,76.60540617931456
2.6,2.8951294668557512
91.3,87.86155580414481
3.48,4.403131241027177
3.325,3.892894891009753
2.8,4.040802650521336
14.8,14.15295601972084
4.32,5.345218086748982
57.1,65.39907509750178
9.49,9.337915744436447
2.38,5.95777209916232
1.98,3.5838903347140345
50.0,62.044509252696514
6.86,5.293435092837141
65.0,69.85400817331872
15.4,8.412496306018332
13.05,9.326113191593105
5.2,5.662834081587219
11.9,5.110051151882956
47.5,38.72887355783383
26.25,27.994000400837095
88.9,80.00157481514985
18.0,52.08243374251658
7.01,5.434578227832367
72.0,51.46010173676087
15.0,11.809012978033335
88.4,80.79799604456713
112.0,68.84973415570143
1.38,15.394320811228813
6.62,4.129949926294167
37.0,48.476182131202066
0.76,1.643603479991062
9.2,7.1611664420795265
84.0,72.279658066911
12.7,8.685654973818751
2.68,7.1241911270646305
16.9,16.75695600060579
12.8,17.12172517433684
29.0,32.04126461635175
86.1,79.72389177393413
14.2,9.653356692708218
56.75,65.8103714243495
51.0,52.26864859530443
15.8,17.692171983072033
54.3,65.32767196634771
5.7,13.369291213979091
82.8,81.57492704427938
7.9,6.7671585164420645
6.0,5.74696345708891
0.58,4.835443397757341
15.1,17.619392848412993
91.0,75.2405215027761
20.0,22.948698232748598
27.0,45.89356930703958
45.0,41.326501708350456
5.45,4.992120929623943
2.84,2.992960045607027
105.0,88.47531402478918
10.6,8.773851234887843
4.0,3.685011908453897
36.0,27.536845948116543
7.1,9.020648463251813
68.0,59.736414505685815
2.7,4.9794560433972395
0.55,6.733875706205466
72.0,56.423065145908225
109.0,61.083280356102065
23.3,19.115333767926174
85.0,76.96217448306649
3.1,3.6843236956326706
17.0,9.980345131046167
25.9,41.570070219273035
15.1,13.067106051882929
2.05,4.678284684303296
79.3,48.75894989678967
1.56,2.942014456172504
0.79,1.752789479869986
4.87,4.922524084249066
16.3,26.8937969712526
36.6,34.89081195216513
70.6,76.54424792138393
45.1,65.13169647250217
93.2,81.60077330445907
0.12,1.1471773669563423
7.7,6.782565431405603
94.0,87.34203685743068
17.8,16.271584861637866
71.5,78.91002599120186
22.25,25.0256769251515
8.9,8.411213632470034
50.0,54.16693205555926
6.5,5.004664885792446
37.8,34.7137873841024
4.4,6.6418493676389785
109.5,79.96126795025555
93.5,98.0313904756092
4.0,13.7857818852734
0.41,3.7506748094976574
5.9,4.787301371507596
19.3,19.21978948928154
84.0,73.96490866847242
65.5,56.52719746236131
17.4,14.42735337138306
106.8,105.5835191365613
31.2,36.28290155011322
13.0,12.16472436376119
3.71,6.47033496724382
69.0,70.17264356990158
1.79,3.5485723173710335
15.1,16.50518357519097
29.5,32.41624041981762
3.27,2.7202349123191207
6.5,5.953821937755795
12.1,9.701079321890862
4.74,3.739935027252165
27.0,26.273014455432282
38.6,30.13999431041128
1.65,2.331287076335566
49.0,55.96766346322081
27.8,79.44827224601501
0.9,3.9641745196574023
6.18,4.428347073209808
6.03,11.036214828814462
56.0,54.28810447467736
98.0,87.30916715445375
89.5,80.64847709320718
18.3,16.663822107281383
75.0,69.28158045307153
37.0,45.357593845326655
21.0,16.759888808162806
8.5,8.905706555415518
11.7,42.07539407621786
2.36,3.088566020526874
88.0,85.64322173118697
68.0,70.20700509576962
78.35,78.32971255731647
81.1,87.86155580414481
25.0,18.323948497898012
95.5,112.92713760861807
2.08,3.079400226647604
28.5,34.60977997362243
16.2,12.752048652584804
30.0,35.00056631204528
68.0,57.44756183895441
8.7,10.095611478355659
0.4,1.060409058815672
0.38,5.278758047258288
28.0,25.381750192114776
6.28,5.200572500153863
4.49,3.4645994670042177
20.5,19.056457057510187
5.04,7.545830185131894
52.8,64.11989389911807
66.0,87.06691529977623
72.0,73.88411704924579
8.8,14.425741735362568
5.9,4.28312283232865
73.5,20.04019929423903
10.5,13.99993132524422
89.1,84.27798058577413
2.8,2.3501220916905736
5.85,4.763509898561272
91.5,83.75120368129696
88.0,87.73969542171501
76.0,74.59109105205829
12.2,12.65804082415853
12.2,21.305623011916992
49.0,54.70239785182933
6.36,8.666802038758268
9.0,16.291519869385663
14.0,9.103040903669207
6.9,7.26720594944409
13.9,13.702337214984626
6.0,5.593193906641474
12.3,5.47063237638554
28.5,29.834847553130103
2.9,4.481730908269951
15.0,8.852523051205038
30.0,44.24455627324157
88.8,81.92228736829942
80.0,72.16624207752982
11.0,19.491805412950292
96.5,87.76248523279713
93.2,55.40457758903606
1.4,3.732801296366146
61.4,30.69577011890608
57.2,64.7912257592006
89.0,72.78731343229059
4.78,4.791876263791594
111.5,104.75887437426135
68.0,66.60514368070534
54.0,49.85015081503866
11.5,6.068229364092856
0.62,4.451402656022497
105.1,101.6314006041131
91.3,88.35344579969849
2.52,3.463549622755878
5.0,6.612338839396119
45.0,106.09833022124805
52.0,52.42772000655324
123.5,119.93920868536087
14.2,13.47307784959541
4.154,3.875120550351437
16.1,9.98575684917203
89.0,79.39037708030475
2.55,7.331601897458855
10.7,11.089278050100459
2.53,3.438011515667239
85.0,63.64028692703844
3.27,7.597407993702221
90.8,81.85059840920596
9.1,7.19008369877746
92.0,82.08262793874638
101.0,103.31331931044471
17.0,15.21450271805269
50.0,21.11537021179784
68.0,82.16987953460378
64.0,76.74807487030894
65.3,64.12379432381839
1.7,3.493756580579542
24.2,19.161013451034478
78.4,67.77928945303604
16.2,13.182749829578974
3.0,1.6995255304782149
91.0,79.52726984655081
53.0,58.87326105576833
34.8,41.423926416706855
74.0,71.75844537657483
91.9,81.72649245932953
89.4,83.14883972462572
25.7,31.032539456394222
26.0,53.38850159598936
73.0,68.05462721923517
50.0,54.73567458113133
10.0,23.909383433014163
15.6,14.430282996817509
35.0,85.48085414618903
91.0,53.83745274381019
81.3,77.45410503636715
33.0,52.17291864610271
1.86,7.781632221328502
26.0,27.704980023505655
30.4,29.452445985299633
50.0,44.32809637112385
3.45,3.8305150607699763
19.8,10.417553607819658
91.4,84.81736049266502
26.0,26.53418096614769
98.0,88.99477343018005
1.52,3.5770530017547135
71.7,72.98095709525533
0.58,4.00167427204055
15.8,6.910730976674866
22.0,19.698759455709567
75.0,78.69837805525057
3.0,6.706586885424285
13.7,14.761957562405444
45.0,55.51659807486763
9.6,6.391256923199956
35.0,32.86955464337271
35.6,33.311878730533834
4.9,5.300166754289814
22.2,23.188284201011907
2.2,4.633742737121217
54.0,53.65200700633804
23.0,30.46857737260885
6.62,15.053742371828797
6.51,5.753395764693271
17.0,9.021421299224196
16.0,17.50949883496236
19.0,18.26547306851531
16.0,29.855042429834118
21.0,29.793810873308583
2.12,1.7410998791869337
18.0,9.007491072896773
93.0,107.709533095985
18.3,19.02976335505444
15.0,16.468195894196214
55.0,66.0150467004543
19.8,18.66082142156578
30.07,21.94328106300185
5.36,6.440357640245456
44.9,43.428639279303326
3.06,3.3888104473584804
27.0,35.895435039920585
4.07,3.6222300592210206
11.5,9.39993231264046
15.1,13.584879642457166
16.1,14.339342451504566
9.82,9.801735770842551
4.0,6.487721619870389
17.9,11.39490760665517
3.5,3.6682936224377802
1.58,3.714799572079273
6.14,5.544076666883923
4.46,6.367989558059053
12.2,45.98034128971986
25.0,79.72389177393413
1.4,3.139739133769172
80.0,47.72763817991799
70.0,54.07416439716089
5.6,6.960042898493893
2.04,4.477082947741005
81.0,78.21069052520879
27.0,57.0523480289561
60.0,50.63262566241886
8.7,5.313344434537385
86.0,75.577135479538
21.0,21.725191622329795
3.48,3.5626726705017404
44.7,87.86155580414481
12.0,21.466153402431456
7.0,9.18922011530568
2.254,2.7569575123864585
81.0,69.30989015178707
19.7,18.5769820300064
70.5,76.7549015213066
16.3,13.813707936841093
0.65,3.4294633465046394
26.0,20.401621072262152
84.0,72.31961710886841
77.0,87.07746879396035
74.0,71.63717112837615
70.0,79.6993973625289
22.1,19.161013451034478
3.5,2.9275577116768257
132.0,106.41994324644067
1.57,4.113937923001205
90.25,48.27164925593943
10.5,20.20439295651489
2.237,5.5702805164838916
90.0,87.6622784366333
82.5,76.73727954748111
36.5,70.83066700598452
27.2,37.21228344201514
88.6,77.68593412995354
30.2,22.061815310553648
89.8,81.20609701957028
90.7,87.95756119108135
91.5,88.11746169732821
3.0,3.8306375205508396
0.5173,1.8821582748848344
1.9,3.748745697550848
1.37,4.399162560509274
70.0,74.8959964323982
100.0,69.49479106040127
18.1,16.862012695683294
29.8,31.838164170035945
10.4,11.399849766804213
2.6,14.195727342887146
2.88,3.6945628953552574
7.18,4.349742049767593
3.0,5.177714499332046
5.2,3.889023903345465
64.1,41.607666813981886
37.8,35.14113011143809
1.55,2.7419791292796
0.101,0.21276521538536505
27.6,25.533983426161996
11.7,14.013200782257927
95.0,87.34203685743068
91.8,78.20322146399717
4.6,4.571677629358868
2.95,4.138135388684069
76.5,78.30362245214124
109.0,94.75569567805843
72.0,71.05842020815918
63.31,47.58940034988948
13.0,25.914787505381288
22.1,19.136194945952045
98.45,84.87894084033915
94.5,80.62537994610298
92.5,86.35415711853662
9.8,8.45107240812621
7.035,4.917678888935037
37.0,34.94025509947955
3.42,2.6968057635842744
16.3,15.371685716033165
2.3956,3.434410523724718
15.23,16.26418925502224
78.49,72.86497583702653
31.0,28.12800311859808
35.2,35.315191545010904
7.1,8.190670562423579
83.5,66.9287958650788
4.73,4.92182223769982
27.0,24.16010091873924
17.2,11.120609219420691
88.0,77.09762418906942
7.7,8.549632002801122
32.0,43.91799817798693
83.15,76.17678046507544
11.5,9.969703838513096
46.0,37.46021569688736
24.6,19.12205446040665
107.6,112.66508563355697
1.3,1.4032391666810455
25.5,22.680255507593
3.48,3.2759614906702574
0.79,5.871090466274937
3.94,4.682268189165566
5.19,3.1552219325115174
1.66,5.512204056468334
11.7,11.938411389445772
76.3,76.54755335877496
5.42,5.200669893814822
8.74,7.241314673100456
81.0,55.018079125075275
20.5,20.166862172244798
31.8,30.085356029824986
58.0,61.49171607782899
6.3,3.9897960904397127
0.125,0.12749308891920316
6.4,6.450995521639347
20.0,54.18232945153807
74.0,64.79689739021838
71.0,64.2567396517997
100.0,102.69898593398523
12.8,18.697521576865636
25.5,55.69647434209842
15.0,12.712426755580763
14.0,15.125262169672913
87.99,83.53839940212937
25.0,19.15482037506903
1.3,1.5713375197804051
2.3,3.8590784506745353
5.8,5.217914711858386
75.0,67.4565336713369
56.5,87.84353360578051
80.5,64.96806912374389
43.0,37.33214260659435
3.07,4.410373057429008
10.1,8.616173602583848
8.72,18.837924201581412
6.2,15.008829677971079
3.955,6.012509739284009
5.17,4.622179198194024
5.95,4.621265918002944
1.76,3.551013336053221
87.8,80.54052518579513
26.3,14.16245466756683
107.0,103.59722547457653
2.3,2.953461887676239
38.7,54.32710671278894
52.9,39.222895499238504
3.98,4.2220950575929646
14.8,12.755907997612278
3.862,2.7532873859285605
5.0,31.61883948131534
6.95,4.901256548240146
7.56,7.919819490012086
90.0,79.67912443326179
0.0485,0.2843110360403644
4.68,5.875582574462384
82.5,87.62621696602156
99.25,73.7849861655282
25.0,40.244907378534585
32.83,22.545284716122286
38.0,36.080443569608406
93.2,88.3801042728236
20.0,24.115872495022955
30.0,50.81711566698042
0.82,3.7821245469769553
81.0,65.02868657748711
20.0,15.437274649530387
6.71,5.969363162096732
54.0,53.86400485658198
14.0,23.946128428069606
7.109,4.727080537782621
32.8,48.829743075212264
74.0,77.93218755259304
26.3,21.872108857535583
92.0,62.45379759107423
16.76,15.873272766171786
33.1,34.27149127555981
4.21,6.566805225738084
7.1,6.0453172321192135
12.9,13.453825556715506
75.0,56.92719901706952
85.8,80.59146429671729
108.0,100.70403813312566
80.8,81.28121450958488
11.0,5.00078389964259
9.2,4.892071924340004
93.4,82.9429013815615
44.1,67.92051030420478
5.8,5.524376823011694
8.3,5.194217253610039
2.0,2.5862083611203546
0.38,4.573998971034787
2.04,3.611239276994673
74.07,70.80480686113896
1.49,6.462276912387323
85.0,79.33167853884542
76.7,77.04547131124154
40.5,36.526694952023476
24.4,34.35716578046501
2.64,3.1226505636306285
22.0,29.191918558944682
6.7,2.757507167569658
92.55,77.35627562286957
30.0,38.364958284883656
8.5,5.599599855186321
94.2,85.71232323678463
5.68,5.47951735516687
9.0,5.235188402156247
90.0,89.61567257322316
6.7,3.5604787669918614
3.46,3.5412843837704764
4.8,4.916740291528321
24.0,21.063254188343063
2.5,4.168736691741614
0.0318,0.9784919459669791
4.0,2.118752620905398
27.1,40.88892329673873
35.0,44.18753522325548
7.4,3.248375755282029
87.8,77.73310945642284
59.8,58.842655579912964
117.0,109.14091665913996
44.0,45.33230512370029
43.4,65.059115399245
3.33,5.8767522551904765
2.66,7.245943141081774
32.9,32.04511946907669
0.46,9.460266217896109
9.3,10.156790482741416
15.0,17.718638231385338
1.71,3.421485006812256
13.2,12.507802625676504
34.62,31.729704082717188
120.0,4.181815852767283
11.9,10.184450467794028
91.5,82.95142250194084
0.05,3.391560680055379
8.68,3.490050443430788
18.26,17.166443446370323
4.8,5.465275618489887
5.1,4.306080697092495
1.35,5.431724801963847
10.3,6.181003243830547
0.45,5.616232389683618
5.7,29.081363314758736
63.0,63.97694067729134
90.0,63.64028692703844
45.0,52.719172027923825
83.3,79.45970807151242
6.9,9.898501368216296
25.7,24.55933803189184
5.17,4.255111135312669
17.0,13.795675157118602
37.0,46.20429935235433
14.5,7.2184918466361445
83.0,79.08202175896908
95.3,72.54622159248034
68.0,79.54869322785014
71.2,68.63169115705857
17.9,15.958649194894495
9.2,7.914021033284576
110.0,70.05418809156753
11.0,10.35354314938314
132.0,125.02655179584592
45.0,35.34488002739753
42.0,40.27528030162796
1.16,3.341236880657412
1.94,3.1424524218726995
9.96,44.12018514532136
80.2,78.6377857795038
86.3,77.09690946165296
90.15,76.61903079363475
92.0,79.31295633991422
57.1,74.66324623670879
41.1,38.364958284883656
83.0,75.10854615094259
83.0,87.69234351457241
89.6,85.08131758686747
28.0,57.578967608710066
4.42,3.857463432316018
9.1,8.39201365487686
10.8,6.751123865610584
73.0,73.97857859949028
73.6,72.60064309664227
7.42,10.385672202360299
65.0,80.97140911929462
117.1,103.49909340799108
62.6,55.24803649487693
7.7,3.4271056241154616
2.29,2.087877585504298
105.3,106.30849627899069
23.0,38.321850772133956
19.0,16.67963248869532
3.5,6.651402208863388
12.6,14.883161571281498
1.6,2.357731121834403
15.0,63.64028692703844
0.34,6.019758230644271
10.4,22.75905261199177
73.0,71.14530514587543
0.16,2.0988777566882737
13.9,13.095490538371843
1.31,3.2909113264410874
78.0,58.386178395221485
2.0,15.644881689627011
13.0,16.220884985187652
80.0,80.1444656093228
40.0,25.070114838655588
102.75,80.97598818743292
12.5,6.769980755592827
2.96,4.0155511414309935
20.0,21.92629465147708
90.0,46.99827435255758
89.1,84.04168883661262
2.3,2.277797158026314
17.5,14.573819440072112
77.0,85.82432071966366
37.58,36.53107076108357
13.5,26.153906461929232
35.0,55.37459673573399
28.0,21.424018682507466
11.3,14.588324637607146
16.1,16.199995844733348
76.6,82.4227021594104
10.0,7.148203324940302
99.8,102.62407536419002
1.81,7.325077279821736
13.3,47.07201765462697
45.5,54.283112448260155
89.0,79.25811852287192
1.7,0.23217936676121462
61.1,58.90679232815663
4.43,3.8256295830915517
35.5,31.37116910331813
8.5,6.727753025508152
80.0,66.28740124847619
81.0,67.44056662500883
6.0,3.576838727346793
22.0,20.644256322943725
9.0,9.086834343624524
2.36,2.814956556381839
8.74,6.642067820591083
6.8,6.228103518514398
30.7,26.5444007262378
48.0,45.95357270862358
62.4,60.664097825011574
8.07,6.116899953370972
2.332,3.434410523724718
3.9,4.054247954453996
1.4,2.1678031084141383
81.2,79.46783026520261
93.0,77.52978722956944
80.0,65.53233552503033
7.8,6.194758163143183
18.0,18.858599946417275
61.0,65.6209292340295
107.0,74.6738518725193
28.5,55.33794837104816
1.25,2.146312044002325
12.3,11.046724659737091
90.0,56.20458100282926
120.0,117.24075720254258
71.0,84.3005507097141
13.5,7.4036899525734094
4.0,5.196100025274898
0.28,0.5101289304984963
12.3,10.97347103034466
8.0,17.57495511567977
30.1,40.906575697946906
17.0,23.59848301282896
56.5,66.42842666189938
65.0,54.51081248826757
21.0,16.185053488752903
115.0,87.20900206708767
8.56,6.580379261084046
4.55,5.920966381456197
119.0,76.55562383735041
60.5,77.49720113621483
13.9,20.375939606671132
90.0,80.72822964194738
7.85,10.220597234168999
14.4,12.797064956000558
90.2,85.53293463533272
32.5,29.36136018210613
4.0,4.751600475883776
0.167,0.904005061414254
9.0,6.181983758500812
86.0,83.68523117259808
93.6,78.90840944731936
80.1,78.69837805525057
6.8,10.014869788092648
50.09,42.46211280999744
103.0,113.74870626115626
5.8,9.813353292206877
0.68,0.8511228203570984
1.88,2.801342979146518
4.66,6.675963765541071
8.3,11.42644767535323
26.1,26.528065365559254
90.6,80.10289233503792
29.6,26.82804954718418
2.82,6.602953597674917
70.0,80.24788044824545
72.9,78.91700397891265
9.5,9.810748357682591
7.7,16.048561030928532
4.23,3.258720980276246
2.71,3.77933037902439
4.1,12.670604299883909
3.73,5.497639758286656
8.72,6.316674137756832
92.8,77.90926201427528
3.28,4.101503487384239
81.0,82.33631670759206
50.0,50.3498986018971
41.0,45.01661460995733
0.84,5.680359885874333
43.0,37.030046084505784
1.1,2.2259118866150716
7.34,6.332232617890096
4.1,4.523503111620306
6.39,7.331210995478043
68.4,68.7558152789995
87.7,57.37865372972506
12.0,14.463650175927125
89.7,85.0524263108895
33.4,32.34776734220524
1.3,7.118507043666764
0.214,3.2340309060988064
86.0,81.04446187911216
24.9,15.387381027682824
3.468,3.263329779808492
0.15,0.14441458155018272
7.6,7.730722604344564
86.0,88.43774821618992
66.0,53.868528857090176
9.86,47.023084219274565
80.0,91.65257616685487
75.985,66.08477639366383
33.54,32.581133407446934
18.9,33.261580247741136
57.7,43.628772753329265
19.1,18.085595526744
0.38,3.644077681927906
20.6,32.6984690195005
9.3,6.260175786656557
13.3,11.596490853209572
10.92,4.542892627104904
3.405,3.6189196064288027
78.0,67.2530810351654
82.0,67.58450695843088
20.19,16.780150779688675
93.0,70.79530365911418
50.0,39.467861270793335
72.9,78.87240475911628
4.82,4.467386261246581
36.8,39.376928087414875
68.0,47.71834949648778
118.0,113.0807773055414
22.9,27.704980023505655
102.0,106.62837185472391
0.76,3.9642585579329177
30.0,48.90208349790955
4.38,3.6940582103273476
27.5,35.00056631204528
8.2,14.99839752704118
35.0,31.950050769394206
2.0,4.584594361679062
11.3,10.082052724738514
72.0,59.15853354700531
3.7,4.832638657252864
42.6,57.785903342247764
30.0,34.382671138995924
4.86,8.192841884107343
62.4,73.57276092615038
40.0,36.133073931014
7.3,12.675008965202101
85.4,79.85183517180097
2.25,2.720396399865561
2.11,5.827717835091324
75.3,65.88220957499381
57.4,70.78280155896249
79.7,75.80653412586021
55.0,42.12958477287723
4.7,5.008537962461922
1.6,3.876158065910342
1.36,4.003198053380095
31.47,22.773910783013513
24.0,38.04163072694557
7.34,6.8630264352406245
8.26,8.42704608841882
62.0,70.64794148523143
3.838,6.65609192433737
22.0,50.16049351347844
91.0,84.00011024617217
49.0,53.86400485658198
0.051,0.8188729536818395
85.0,82.79289199124004
1.04,3.665142025458436
4.25,3.832332059930246
90.5,75.43333719277969
0.71,3.1389426874982487
75.0,71.19473183164764
53.0,68.7646519363535
84.0,77.67793046225464
3.91,3.9698734777316886
84.7,78.67489697299344
81.0,77.20927489152945
62.0,49.7251070089736
7.6,10.449860779419755
0.038,0.2714726664476601
62.8,62.51220910074989
37.0,35.97372024338351
3.6,6.005801917660618
2.89,4.232904805945959
26.2,19.020570745030856
43.0,58.51460485132458
4.0,6.3581790943352585
4.6,4.797142894385046
89.0,100.02039364790423
1.1,5.446934150595664
91.05,87.68485557676729
1.66,2.533782662870257
55.2,66.69644899816791
18.2,22.265955056694068
0.78,12.986061069568953
0.56,4.555169841140434
66.0,57.409208704423385
22.1,20.282301284785525
94.5,110.95191003663123
68.4,79.45900340994034
8.3,7.703203945282494
2.5,20.219654901188285
19.5,16.09602440903007
2.2,5.3065488759806305
20.6,37.51109014547703
11.1,49.639852145746644
22.1,15.547272208813926
2.34,7.502048892888386
0.88,5.6423930749137075
1.7,4.543260722802008
82.0,82.72273902717981
3.8,3.923424381289819
3.59,3.3949520713818306
4.2,8.360850672741474
9.19,6.141431242329303
7.0,5.759413778901318
2.0,2.2042447436718033
24.0,26.6927771860915
93.1,79.59104067531376
121.0,109.93332528161406
19.0,26.986251263637897
60.0,50.19025839722653
10.8,5.299544114894292
36.0,30.87350003832455
97.0,103.42901631783256
18.5,16.933363838754268
92.0,58.242994328119714
3.08,3.442350535853643
90.5,59.689264643693285
45.9,45.85982066073268
86.7,81.92228736829942
125.5,91.5346438890652
100.4,58.86109634688633
108.2,104.69634867670685
1.75,2.545576769210455
16.6,19.73788574572678
68.8,75.53641197836666
36.0,63.30663534335156
50.7,45.89626113043015
0.048,56.96622212431673
76.5,79.37201632301286
1.65,4.570088213636922
91.5,83.18323598534285
47.73,71.74424974228057
58.0,66.89056506750738
108.55,107.00592017642556
5.35,4.978640193849024
95.3,78.67637352734667
32.5,47.44003279826266
53.0,64.97199734356177
64.0,58.60360616723527
17.3,22.22548261949697
2.67,7.721951353995446
40.1,49.34979643112549
15.4,14.554390898005382
19.4,22.948698232748598
53.0,87.86155580414481
3.71,3.3746513557205318
0.125,4.226459730460454
7.2,10.345975227773723
2.68,2.379283788069361
18.5,18.013245032370666
1.82,3.448475698587557
34.0,31.29331768457957
29.7,34.43555321549305
73.0,79.3437268798227
17.6,33.27875501679233
7.23,3.8099026473655644
30.9,34.62168495669651
62.5,62.62252596832159
80.05,78.91700397891265
33.0,25.530167508257453
1.42,3.4826665053926633
36.0,31.81525063981812
3.05,4.007374926472879
83.5,78.59414485603813
2.7,4.788580069177887
86.1,76.93710983034202
77.0,88.29693650304445
19.2,18.54648579145381
4.4,3.2685584401371237
5.0,31.035012775926507
54.2,45.60536423927304
92.0,87.65516935634145
3.74,7.818275113424004
41.9,42.65269006114116
88.2,69.18573105048772
16.0,32.701760317062224
7.4,4.114713898202251
104.44,93.21113903486062
11.0,9.619356812139804
40.0,52.959640370633196
25.0,34.99426318896688
18.6,15.018845839734183
1.3,8.216773358815303
35.0,40.74894256213694
5.56,4.8336491895672085
91.8,87.65516935634145
0.32,1.632479108364142
90.0,88.00343411202736
72.5,76.95386077645027
1.03,2.443820637643785
66.0,65.15449303129846
81.5,74.16633831615852
30.1,25.78776922658485
71.5,72.51271051452652
6.98,19.4845834799249
12.0,4.905361041675012
64.8,71.0153407527281
8.25,5.677836605302072
4.2,5.755204630461594
17.1,11.893719698343595
25.0,24.267347911190004
35.0,41.30844118861518
89.7,79.27678201653562
109.6,108.6445674991726
4.66,4.69510882534991
55.0,51.505005096703236
41.3,73.74071594726227
4.8,6.112548567479946
2.53,3.329340420123866
1.51,3.7516643878722364
6.6,11.637530903252294
85.0,79.1517801549361
38.0,34.91896099385115
8.0,28.618862543118038
0.9,3.487635491735181
78.0,58.22291619077217
85.2,77.80741175369653
13.32,10.329415561670368
2.0,4.85251533486166
90.5,86.72411466424683
13.2,8.142436806630407
34.5,34.00238037990564
1.3,4.83451951982775
0.035,0.5964635843530928
23.6,19.404363135255778
11.7,14.479533133110538
91.5,85.53293463533272
86.0,58.92322947880178
3.53,12.683825987771932
11.0,14.04826737496834
83.0,47.02671802907366
8.0,5.5946246028866895
55.0,79.15635928654835
13.0,33.54043350189956
104.0,96.30416399729891
12.0,18.274825825430792
23.6,18.595737106919163
62.0,70.79530365911418
13.1,12.873081057549118
5.9,27.29604414667306
60.0,94.92024547924443
56.3,61.682585558543764
5.45,8.323259747952429
115.0,110.00528975009401
65.0,65.95000314405515
39.0,29.894915894562313
29.0,45.01010104135753
93.5,87.64326815726487
6.2,3.6854329398110806
34.0,22.84614827339559
17.2,18.89810322405838
25.0,31.8734841883017
21.6,19.61479882323237
1.5,12.119871294470746
22.0,51.30787311603019
93.0,82.49952065486298
27.0,19.005359658697692
16.6,10.230473006069232
13.635,10.04891762236799
11.2,8.756819665003578
91.5,82.99432606968747
9.0,6.227487037097871
5.4,6.554375770719067
92.0,79.44117826932171
89.5,87.86155580414481
19.3,29.45230804648298
4.03,4.32787585133143
7.5,7.333191138365338
3.32,5.192664619120395
0.6,1.9548872680004026
78.35,77.18580455958387
75.0,64.31134596023206
90.0,104.31242235055252
8.1,4.930354621441727
88.0,81.12104815944262
5.5,3.534398240229147
69.0,66.29201028081823
5.2,8.076188628947643
45.0,30.961781976672803
12.3,10.265187027946288
0.49,3.9879403130764075
6.44,6.647614172667208
6.2,6.499071074577227
5.3,5.055991239868911
50.0,7.28706343934788
6.5,8.286288391710828
65.0,66.76850964939143
93.1,76.05916377122033
30.0,25.101587356984087
21.0,20.414232389592737
1.4,4.367008463005724
13.0,9.987453181438418
93.2,80.90053134052924
9.27,7.907925287114937
40.1,60.58768330977437
24.0,22.038764454742832
92.5,84.86924112867788
1.37,5.457797394556439
3.08,4.736552489168857
6.35,5.054698393763945
5.85,5.900578174780686
9.2,21.624056455709674
80.0,90.47683234984689
7.0,17.37529364622231
121.0,120.63078607946926
3.938,4.042336630230181
35.0,25.491151712720008
4.3,16.34502984976459
56.0,66.33308873280423
2.0,2.7483058860957565
1.4,6.989969135725535
35.2,42.13913346435062
2.8,3.3096468395511236
14.4,45.366449350117165
4.8,6.547564338959524
83.0,84.26564702484393
11.0,12.124914799310046
105.8,83.82445935455554
4.86,5.189661830198793
94.0,83.95763808075837
6.0,5.17655307040059
78.0,51.93552852538754
122.0,119.2644076381232
4.2,6.566805225738084
33.3,31.17024650302339
7.5,6.193562552931405
0.134,6.250401681989155
14.0,8.142168662836658
7.56,5.394032489671308
59.0,63.814087944552995
2.7,5.565351648377481
29.6,25.45652019299335
3.37,7.9370218422139445
1.85,2.0308553015141624
90.5,69.5012935882257
33.0,29.01418116784146
20.0,18.958958196019754
34.0,31.349424258385092
30.5,22.49906863439892
88.0,78.84622560042276
6.85,11.091443190961574
79.0,76.9484685047502
81.0,53.37379698733419
53.0,75.92218215911751
74.0,75.07652047307927
24.0,21.43031074778496
6.95,5.071366308416679
77.0,61.55157287680383
5.04,6.794135073321042
10.0,36.40102142838482
7.1,8.490855839028622
19.7,18.856712338577594
1.75,4.158008096773099
8.66,8.680212620848744
63.0,56.40932328991703
8.1,7.160836154423798
49.7,47.86723406723479
24.2,33.968770309180336
9.1,18.908352856524772
29.0,24.12684579562576
72.0,75.0161685460823
1.4,9.106926630654682
29.1,28.069218733084654
14.0,14.727479213904536
16.0,40.070109187536254
1.8,2.6056459700857397
9.01,5.804883232138549
6.0,4.190074966540395
15.7,18.292105602982794
50.1,69.27588197169848
11.5,10.962540138441812
86.8,79.33683649754
128.5,114.50781454895721
6.1,4.589376645130699
78.0,68.91327580854815
125.0,128.70170729612857
7.61,5.683804261348957
0.4,4.0523320688809905
82.0,83.12910485014768
20.0,15.82518165974501
14.0,18.712451259831756
75.5,68.8975642233966
3.67,3.7301602203025657
68.1,75.77603349963873
2.07,2.800792009103023
0.16,10.42691447949787
30.6,17.76022414827607
4.6,6.117942197607028
34.0,30.689065143974332
2.27,5.226913742587606
63.7,60.664097825011574
51.0,42.94329595617385
1.04,4.66319869453463
1.93,2.3194283263006494
24.5,35.887852727048944
0.48,0.8781340949925844
2.4,8.673358582701017
3.64,3.8178213317740326
2.2,6.907107316101312
0.36,0.8982904270033505
29.0,26.3072204059445
19.0,50.52509534453121
56.0,55.34642773047272
9.41,8.95438034007678
80.8,79.51839513385602
5.05,5.130691711954157
91.0,84.2251002359416
73.5,70.44443453840864
5.0,7.928050535940193
1.09,3.3518670355625177
11.7,10.88708849691891
2.79,4.934925743894207
28.9,25.758388764753164
12.9,11.007213621455163
0.22,0.5402724828813176
0.47,3.558854787883307
22.38,22.56807736988601
8.2,6.072968562141556
132.0,106.43527486282173
3.4,3.981333653881549
0.071,1.70824963718565
52.0,54.20187578832585
91.4,80.13344561015955
45.0,33.32550695690618
25.5,19.10464726307584
117.0,107.4297954449929
2.31,2.9142183859181574
39.0,37.58026449185147
3.6,3.740343656104706
2.7,7.737326174673133
76.0,71.98736275021524
56.0,61.552049665107766
58.0,52.93663237290472
0.34,0.2955550220112596
19.0,18.61487378891358
10.5,6.682210675307023
16.6,15.484802103882377
55.0,66.35653267885651
85.0,50.09860128573485
2.5,11.040408739866804
45.6,45.113829300724106
94.0,86.56103122067131
0.02,0.3483005232893751
28.5,27.968038980321968
3.3,5.696528351814395
28.8,21.719807577680502
38.3,59.27942828396687
3.82,3.523806421609981
4.7,19.925087722643624
52.5,63.517787951680354
1.61,1.5960623997187193
13.9,11.061110699544017
38.73,35.194380381475725
3.92,21.59619305300056
1.2,2.7194269256761303
29.0,20.51909827822709
45.0,42.366046098198886
32.0,35.315473598904084
25.5,20.006991178122
86.0,75.2233877903047
6.26,24.08481997159063
63.3,78.07015196932876
72.3,75.16378359240338
92.0,87.52929289533198
28.0,36.8205180397926
17.3,13.245174983856502
25.0,24.42578352296274
24.0,18.741385913526766
85.0,82.31526669150544
45.0,66.88088545046624
3.23,3.0420563817671806
7.9,7.532521779385772
5.14,4.722652315334464
12.5,9.249685019254343
50.08,48.886312495215726
92.6,87.69234351457241
38.7,34.96057659513934
6.6,26.71230300768723
75.3,68.76580360506439
0.7,1.7315513298799476
36.0,24.299346896756642
2.0,2.9604453333730345
68.8,79.21920729126523
58.0,58.21078758442777
63.8,39.69726568337046
82.0,67.62274130085629
76.0,69.80754607988877
24.0,49.9451521083107
21.0,19.085703360249436
25.0,38.8808706456447
4.0,6.598662627863988
20.7,17.982507396219724
71.1,79.6993973625289
0.66,2.432891157620566
1.505,4.790113569838201
5.25,4.0477163902864275
8.1,6.2198384244233065
130.0,128.09666253103288
94.2,83.19387754025854
124.0,88.05394933548706
79.0,79.1425600951
8.87,6.157252558335412
101.7,94.68207998279723
81.9,80.57559591887798
3.68,5.413723205257852
79.5,74.34767968295544
8.4,6.416458790382953
16.8,14.065476434246222
90.0,79.08915576895377
7.83,9.392106354866772
2.0,7.286657274722424
1.65,3.115394448859293
86.4,84.38421837182669
98.5,102.91173722303292
1.876,2.599279626363325
70.6,76.12098296553275
91.0,83.79056886450908
76.0,56.024098213748665
3.0,5.235184884076631
15.0,30.728782571402625
127.0,119.22875737488681
77.5,61.279849509976366
29.0,25.38874528126402
1.26,2.5531853695473834
1.37,4.103829656505082
2.2,4.05791239095309
98.0,101.0549464607488
6.22,10.777907998046345
36.0,36.942667389706884
8.5,6.102203013427778
2.67,2.9285238722674807
18.3,17.207365036611865
85.0,88.28248252097053
80.0,51.313084426255124
80.0,73.36035868407865
0.93,1.8075771833494856
4.0,4.852233810292729
17.9,17.982507396219724
70.0,73.04124879996851
47.0,40.37472440664673
32.4,58.16373601078272
54.3,53.219063365702645
28.5,19.97844921386699
24.0,20.199023020580764
32.9,31.8083961136255
83.25,79.43229438555933
1.03,5.03463843931439
1.65,8.57401186296609
34.0,50.2835993230113
46.0,41.31316091618538
13.7,19.749105493819577
73.8,58.16352917535512
7.6,6.997790720104264
2.26,4.169197772503031
9.3,9.196689441296366
32.4,29.311400043737336
1.1,7.12456715750565
10.5,14.571236739573756
2.04,4.895000982377274
2.7,4.252878839619171
86.0,76.90981515920336
1.6,1.813473936348111
3.04,3.0682466757470146
47.2,26.428439641242075
1.0,3.262330766593911
33.0,30.237257800801135
6.8,7.614418462262264
4.29,4.197556095358437
86.5,77.62976589878681
12.0,20.60693492102761
115.1,106.46107300626662
73.0,77.6615750726964
27.0,35.139512238746775
10.8,3.898206360576635
0.022,0.2714726664476601
5.13,10.973406671205485
32.0,35.74389521173357
35.0,59.678179925453215
0.39,2.2771777054984597
4.28,4.341275070201349
33.2,35.970024409876864
2.9,6.557645518091024
89.8,71.26478371695016
1.65,8.229020878890411
75.0,73.29581649042672
133.0,124.65924008765025
75.0,68.95732271975855
75.0,73.39031907305643
48.0,28.208235942921064
82.0,84.43678510984537
89.8,88.25613293030786
51.0,52.1876179280916
0.655,0.6902840888740056
56.3,60.04478470053088
96.1,82.85684285484756
5.0,12.740262496747205
0.168,0.9244539025509882
2.1,3.4849470774452413
97.0,87.05543763562146
5.0,4.351237732307049
3.51,4.32674557263039
10.0,66.08047970709026
49.5,34.137335837490085
16.0,48.27108217567652
71.6,75.36408099405752
21.5,15.873146340317394
92.85,70.11206804450856
7.5,9.124186127097081
1.69,1.9947128423043845
56.7,57.42560275647028
88.3,73.48870726075725
12.6,8.587376454154853
30.0,29.166295136482546
35.0,74.39758124462296
10.6,9.425279487525495
13.9,17.660135926897812
15.8,32.71278706752021
4.0,5.124849405011198
76.8,75.66274466763237
11.6,13.47307784959541
35.2,29.741579431284713
59.3,60.902843891092296
32.0,20.507363593782262
2.17,5.480303057364178
40.0,46.971848311792066
82.5,79.82639066124129
7.6,10.488095113719558
84.1,76.24844178490382
0.596,3.5245628435733036
8.9,6.769493306426265
9.6,11.954402806613555
29.0,40.55898075891928
60.0,55.06678436722653
0.4,1.9467398144753274
4.18,3.2375356857852586
6.93,6.897218013698359
4.3,5.479913132210257
68.0,73.00283098429509
83.0,82.44842715987559
12.2,10.491293641077585
3.68,2.762866207930075
95.1,83.32159021753226
22.8,34.89081195216513
6.64,8.360850672741474
18.4,33.796315397960356
37.6,32.85768690452385
90.0,61.23898943790371
90.9,88.00343411202736
20.0,21.31830000094152
95.0,71.1175371837173
87.2,86.80462518868376
5.84,4.800451917154553
20.75,18.134511626909017
4.8,6.556293192692108
11.02,11.172238233027313
36.4,23.86372420429667
2.3,3.5256650844296944
23.5,21.076237986209488
92.6,74.771072595781
28.0,26.557780785610134
3.73,7.851850085177978
1.0,6.341727579830982
10.2,10.383815704135777
0.82,3.452127591404501
0.39,2.177751286853184
108.0,105.09313538478168
3.87,3.061646353906596
88.9,81.28121450958488
69.1,57.71683813829784
1.0,8.296658827022249
4.71,3.273175314429924
11.0,9.366675663831815
69.1,81.44180819654036
34.6,33.167185804484234
5.0,7.8564761134839705
4.46,3.758176682998631
94.0,81.2635945295813
38.1,32.86955464337271
33.0,21.88288519477394
77.0,59.50176260414814
64.0,85.82432071966366
2.68,4.244699376980783
9.25,8.03070032855261
8.3,8.146365458622034
41.5,46.107099642070274
36.0,32.625609733017264
103.0,101.09850684189368
102.0,82.03004688968282
10.1,12.555605421503488
15.0,15.725041150840156
78.8,69.15394603281966
28.0,26.53545684446865
32.0,29.010081315327128
2.44,3.1256253964311798
0.41,1.9345637394639583
24.0,26.770192290927532
32.6,22.258060961487487
102.0,86.5789563871177
68.0,74.61119854339732
9.8,4.456266056389424
6.38,5.753395764693271
14.9,13.606807404434454
0.58,3.506362484249356
0.84,2.3824796630603418
78.8,63.407771561644985
1.6,2.8470699211597656
91.0,87.95204621384325
29.4,30.088609909869955
110.0,106.43991910739621
25.0,54.91957233565313
61.0,70.48617618635758
63.5,51.590497250030026
59.7,60.495026504969665
79.0,58.79708445791262
49.9,71.77586000079505
10.04,18.881495800878415
40.0,28.890136522617237
1.4,4.9259361309178225
85.2,80.07084032760821
6.25,6.056760884570819
3.0,3.3891738028008764
3.5,3.9879403130764075
40.0,52.70210025842671
36.0,33.123491783666026
88.0,88.48460369867894
66.2,61.26012402890968
4.416,3.6052640535579017
38.25,29.367320638710087
75.0,54.0764020839333
28.0,33.39980643813401
107.0,92.99190430997574
25.0,14.00239502654645
17.6,14.475797285582912
98.0,82.12133975504337
17.8,13.720994477704892
105.0,101.81236648849503
55.5,76.13221883446352
2.89,3.197326826112253
0.35,4.843129199411693
109.0,102.3754594788212
6.9,4.2674801413864385
4.08,5.11179873052613
16.4,8.26321630352478
11.0,8.734215295445138
19.8,16.569339305768708
6.88,6.549404288421642
12.0,12.598538485275153
2.9,4.576067161397257
33.3,31.838164170035945
3.24,3.3015385905016945
2.75,7.328181881805563
14.9,42.53475408104063
2.2,2.4980952644109746
13.6,26.027768872714244
4.25,3.8965297853555514
11.8,7.2574550000788625
65.0,79.37140615665359
84.1,77.761283418747
1.95,2.976304147057247
2.45,4.340656943138792
9.0,12.603068576387521
89.9,77.3454178311412
8.3,9.42892626395876
92.2,88.35344579969849
110.0,62.52006351749417
88.0,75.33990513214279
3.2,3.0438803437047994
37.8,31.304686260109975
89.1,50.8355128019503
1.84,6.413615013456143
5.8,7.5669255000584545
105.1,99.49314143586552
1.7,5.000124228132148
55.0,44.47043572440636
3.38,3.7003963026207503
75.0,47.77608355305439
2.6,4.1008249796860365
1.1,5.1838125253168075
2.5,3.785782052730288
81.5,80.86056803835639
89.4,76.8080429929107
44.0,51.270254171271255
33.5,35.0620695676702
38.0,32.75355345138688
6.28,4.975420559185981
46.0,63.62762971460747
38.6,49.7610325190108
86.2,74.45748353138394
91.0,87.5559563157587
25.0,20.61938277451388
30.0,30.1548006591247
1.6,4.026187096747214
16.0,23.086741645059394
2.36,10.22139209763778
2.01,9.23443551574914
40.7,32.39835675945354
14.4,11.000467313416884
1.81,4.7683167180457415
87.3,79.59104067531376
3.93,5.210172189981205
6.5,6.035322041750369
82.0,77.45904563757894
13.3,15.437274649530387
1.025,10.657145485962007
6.62,6.988062562812169
4.21,4.297832848314217
67.5,65.57595042637675
54.5,58.48782093159187
110.0,116.85842851902132
10.7,9.953908860202802
6.0,11.987128421692555
4.17,4.693204758880785
30.2,43.63568008103041
25.0,22.453035773216826
63.7,60.84474455661285
41.0,39.892511539976915
3.68,8.967633499502286
28.3,26.213072157321005
16.2,13.274533514811562
5.2,4.113793581224676
54.5,65.92371462670849
4.18,7.624677927926985
3.76,4.629384006078233
89.5,84.67691861259543
25.0,31.29243386951651
24.0,22.75611715071772
4.92,5.574813270785433
24.0,25.749196245865033
88.0,98.4733281973935
48.0,51.35963401882511
20.4,26.364695342136038
50.0,73.48439878637463
87.0,88.17319360231903
6.2,4.589376645130699
3.9,3.630300238192961
3.7,3.6617736670041783
27.0,31.88549157643747
67.5,69.78626770418116
3.83,6.417820843512367
48.0,85.37532160738144
13.9,19.73457090851465
22.5,19.30852859642103
3.24,5.5702805164838916
6.8,8.94515047802642
69.0,72.10415543536209
13.8,10.228762891384914
92.4,65.72350567983676
17.9,22.66533028073912
12.8,9.366139523588803
27.0,50.122761789089175
18.7,31.766465238248756
15.7,15.306863792749036
95.0,87.65516935634145
38.6,34.91896099385115
32.0,31.979264797176743
109.05,80.05988266598015
1.86,7.04245775883726
2.91,3.7282054321825733
11.0,9.609390596502505
11.45,7.164345715912954
94.0,88.53689340745606
2.85,2.6230152976193244
22.1,23.722305960831452
7.85,6.609445193147348
84.5,63.276482905982895
72.0,46.18149844452616
26.0,47.65229409542205
50.0,59.24771065570426
6.9,6.382769301526791
3.677,7.591715122450101
91.1,85.7695305988565
63.0,73.38898936140033
12.2,26.235019117523944
1.703,3.3913695519979483
92.0,88.29712390660693
2.2,5.146216548727518
45.0,40.02900734642529
45.3,61.5742761290553
5.13,3.260164592023381
1.48,4.3060273480539
0.016,9.8695120629124
8.1,11.457650532075965
0.5,5.899544339145504
79.2,75.66274466763237
1.45,2.583249657286596
4.23,4.28623268104855
16.4,13.319961765373376
7.92,6.41524965689234
32.7,26.65668491519729
4.95,3.780699081567894
2.8,3.40383729218925
1.0,3.3201776848828315
12.6,11.61389637439827
90.0,58.5381684209934
69.5,77.17789078930282
28.7,25.233336355391888
36.0,45.78994683434644
28.8,25.441041226552063
42.5,78.2086196003305
0.0609,0.16909475344589878
78.0,71.53156548985586
1.94,3.9446324589428774
18.0,12.790842944805659
118.0,114.16235614732011
3.5,12.157094639464184
13.6,11.926505845561396
5.5,8.770778421282191
11.2,14.685109832678622
50.0,54.02266015046033
26.0,33.04250887165045
1.89,3.6084855853612403
15.3,15.732882494093387
98.7,81.91833130080819
71.0,64.76047237081295
4.24,5.245054353285282
45.0,48.88322763474043
87.0,86.26939568899849
87.0,59.94606634647543
2.18,2.785500918419955
1.66,6.808953725172073
7.89,7.0981072881002145
30.5,30.26414495998346
0.78,2.5349307636828278
37.0,34.31721395568589
36.5,29.414463260631095
9.8,19.239509685276772
37.8,29.9621042694373
0.97,2.6391133135889473
30.3,38.92863630729976
95.0,80.49192670867966
4.2,3.660423961071663
1.8,1.7198319986833615
135.0,122.9152196789729
40.1,36.682963909822234
33.6,20.219654901188285
3.72,5.55707347755465
47.0,51.638082442263965
98.0,71.59592708968763
42.4,48.567468660498776
31.0,29.80521626262335
8.6,3.63864420991884
3.88,4.285059987507533
95.0,89.15451949752654
30.05,29.70668072079099
66.1,68.0409176996515
91.7,87.3075942292262
130.0,99.50238636060456
6.4,6.25917120568326
77.0,63.92438596477236
18.4,14.791370827593502
16.0,21.92101239712966
18.5,16.914111166248063
84.5,84.30353308872947
1.4,2.6492086104485963
17.0,14.917700960960381
98.0,67.6101632533087
34.0,40.858275487516586
4.0,4.833422559896821
17.8,27.503111106551827
4.48,3.8464080372417735
3.27,4.018858186682251
40.7,36.215692445323405
0.2,4.839923522777355
0.22,2.9561193315375993
5.6,6.74677277524256
4.9,3.372607941857021
35.1,35.315473598904084
78.0,62.90917847822814
108.0,83.73316545013992
0.58,3.4074775888222826
8.86,5.0728405115069135
54.35,52.12568877822293
4.2,7.338229821513558
3.1,5.477121893619674
23.12,30.432724008945456
36.55,30.42302720592092
2.46,3.3287323823124466
91.5,88.28248252097053
58.0,59.92248511819337
6.377,5.090414344290292
4.66,4.460803969533262
21.0,29.741579431284713
5.17,5.768201318393536
82.0,73.66583127245383
0.62,1.5462217928393438
25.15,41.49802081473388
105.7,112.66826249736631
2.7,3.3641744782214538
3.27,3.724134015574108
79.5,74.75042655137115
35.0,65.95887001136934
54.1,49.887938879243656
43.0,43.23095868856384
3.8,9.85268333641699
19.0,19.161013451034478
79.0,64.12201775194265
29.8,26.343018883114098
3.52,5.564673488242282
2.582,3.2745223225325977
3.43,15.31417958450975
2.25,2.8105698704377002
54.3,55.923671462963846
8.29,6.881951997974329
8.19,5.382079462255786
0.47,3.102143821932396
78.0,68.3013532119897
36.0,33.53260855938546
12.5,8.158891189888495
3.6657,3.925421517453372
87.7,87.06691529977623
14.6,13.960596792566797
73.0,67.51321966362477
7.6,8.404926878454193
11.8,9.794516604909363
61.0,47.74254551289595
71.0,77.93499429745489
3.7,4.346175435330901
1.5,6.106823238015746
5.9,4.984103895805589
31.0,45.41270492806054
93.2,35.884768079654926
48.0,38.37506533593664
113.0,93.80413424956102
45.0,84.01112252496475
8.3,14.112890964670493
6.23,5.8135510266871435
77.4,65.74299544347797
8.3,6.4789406010955926
68.9,66.97491779699986
4.92,9.031423286994812
52.0,69.60468656453102
90.4,88.11746169732821
92.41,81.19105923035814
5.1,11.954838231154797
87.3,87.40062543993312
3.7,7.349677687602524
2.0,3.9762544897271983
42.0,39.74662628465693
1.8,5.7161733326657265
56.7,61.682585558543764
111.0,105.03458701152883
30.0,29.4583946656798
89.0,83.34889482748787
2.87,3.5772893247717055
42.0,56.674064827851026
80.0,61.162170874899175
10.3,5.894978199914686
0.00062,0.28567241817571004
29.0,33.093729046877044
66.3,61.01568258387465
5.0,7.958980166463266
0.1,1.883182885996434
15.5,5.552108217582904
60.0,66.95383527566557
4.1,15.896670158913032
51.2,39.46078793181389
66.0,55.74397528254391
3.62,3.686629983496294
65.0,45.344598270326124
30.0,32.9945006706884
75.7,73.754483395302
31.5,32.62790504215474
106.95,102.31059251945875
44.5,41.688702541545446
2.25,1.8519464787324913
3.4,5.752166816797555
80.0,59.80416893349357
86.4,72.32758319805195
31.0,20.51909827822709
84.8,88.29994404225717
2.78,4.466443326382772
18.5,18.854816273973274
33.9,49.639852145746644
47.5,51.91574691958324
69.8,59.63900869510982
28.0,25.477635042206085
37.75,37.15899709596271
11.0,10.526370881469814
15.6,11.550798322628644
115.0,76.85437073877704
0.028,0.12163401350372141
94.0,83.94825854141261
73.9,75.72488603146569
12.5,8.747249742604751
57.0,68.08574732389042
2.0,1.8049561171374968
3.0,3.7827181197475315
18.0,42.105230850522794
2.6,3.946883894446668
2.2,5.4612534591953175
37.3,14.001667132619176
63.8,54.79213484667936
75.0,71.23278614588091
9.0,4.93155454499968
65.0,64.82494794219537
5.7,4.324829836537974
1.2,2.087877585504298
10.1,27.45155143001377
3.1,5.849658458231304
34.0,28.921148631866025
42.7,40.6945207014589
7.22,6.721301645248131
17.5,17.58185004753994
85.0,68.89700098167994
80.0,72.98594194214691
18.0,21.80105292149166
5.3,3.714980826757771
88.3,78.57943502780512
1.602,3.466220495929132
53.4,70.85204975678519
1.5,2.503664286801966
2.12,2.7246287744318467
15.9,10.230473006069232
35.55,37.87655635002006
15.56,13.209117151009067
95.0,81.22817504054377
44.6,59.743544108804734
104.0,103.95713733490838
10.8,11.686588225203698
4.3,6.193838227978341
23.5,18.82595441104779
1.79,2.697959729681342
0.71,3.357458617341931
78.0,79.08286413451174
56.0,46.34913810587309
11.5,18.050719324200298
5.32,4.31511525270103
4.64,3.6004515477169554
15.0,21.493533224404104
97.9,112.93602076413032
4.0,8.507446051706074
33.1,21.134250450969397
23.5,31.325591602326593
1.445,1.7056100726878591
18.9,33.85008043286061
0.48,3.1446524605001995
20.0,20.268160248201102
11.64,15.434488132801912
102.5,62.18017453046916
29.3,27.826216346036624
52.6,58.53616845836738
10.0,9.4977499080604
7.76,10.061307211995256
2.66,4.566780711360634
79.9,65.31964549285534
11.57,10.875194133688478
5.21,4.955791962106821
2.2,2.5780133582349563
2.25,7.421754469425394
37.9,45.598601339671674
13.4,10.17001823605853
93.6,88.11746169732821
28.65,44.27431582738135
5.1,3.780699081567894
19.0,22.429464850345685
0.895,10.630879741297422
4.84,7.3478508901154065
1.7,4.256607093764049
12.2,6.875203064980626
74.0,77.73059319132524
0.15,0.5527198187651831
23.3,24.859726041108917
5.89,5.147638750009853
91.0,77.96618086427414
80.0,58.97104854291159
88.0,73.65144593563818
110.0,94.70599153851066
43.0,86.58656345887762
40.0,45.95817481020579
91.1,87.8811394975402
11.8,5.9212076742674125
39.6,37.75155427057081
3.65,3.9195988916878
18.1,14.219832068053426
50.03,25.52511121596966
0.0004,13.350903286611695
2.53,5.375340554505352
30.5,31.421749615114877
6.0,4.345745621317442
48.6,52.84500493897191
13.9,11.80792186935177
28.0,27.110982917159422
15.0,24.194910083999588
30.0,27.297911095848598
40.0,57.92552235298977
10.0,8.072839477017384
0.047,1.7772833772361354
3.3,5.790527751068779
39.2,37.6329020057327
40.5,45.968801052535234
16.5,18.400176880376772
14.9,7.540771854610307
1.937,4.573688179787033
12.6,14.42735337138306
0.041,1.8552071083597248
37.0,35.02241641770202
22.7,10.024722378922501
0.91,4.393376280589275
3.76,4.111752210608951
66.8,69.02051649456752
12.2,14.625963084003834
91.1,88.01803610788065
20.5,50.53651121664495
24.0,35.27537715249804
4.6,8.285189949457905
62.0,64.59463870854152
2.0,6.835381165701462
12.4,12.89023179977752
86.0,84.64608392428798
40.23,34.913265810399714
4.65,6.810074563170124
2.5,6.532474941084203
0.032,0.1811671781700626
54.3,54.135849162398465
0.92,3.4769207634913615
3.94,4.506564439248397
11.0,19.64537789194601
86.0,55.855094336408186
18.54,17.69536602980455
5.4,13.035104065388563
4.02,9.025789746195516
8.0,21.323364208352956
3.45,2.5044699042818137
0.145,0.7782279135244453
87.5,79.68943283163769
91.8,78.4492051301174
57.0,63.02556137144712
45.3,32.751568256019816
0.066,0.33122100068923876
70.0,79.38144602791573
27.3,23.32515450439116
83.4,78.43689706277961
67.6,65.69628967519003
18.6,17.255619247207846
0.818,2.7744151791416405
92.0,78.67154973763004
32.1,52.19027298676272
88.0,69.35379877380593
49.7,48.202778144218996
17.0,21.17567419120867
75.0,64.87839308231838
3.5,4.3794268599608435
16.0,63.54587105945227
31.5,40.037347745967175
90.0,83.75472108958212
5.18,11.142304480500965
4.4,14.975020311117689
11.3,14.430282996817509
4.38,9.130627502935774
7.76,11.084480886456637
20.0,41.979658767399236
22.0,30.432724008945456
128.8,127.01384815279116
35.9,23.46145923464921
5.5,8.887487294794767
3.06,2.61919591070678
122.0,113.12736999118434
7.6,49.58492213757897
22.2,17.419962866460388
4.3,6.934423898224034
42.0,39.99000902592289
93.5,85.53293463533272
12.7,11.007213621455163
90.58,74.46273900048351
35.0,25.225423441928616
6.0,16.071244622519824
59.2,44.941828927307974
0.0167,0.47346192994203745
84.7,70.16425679144345
5.0,6.2653202379286785
26.1,25.36465122761955
43.0,36.64992656407662
1.59,3.6106130857995877
4.8,3.732660191235935
75.0,84.5356113819977
2.86,3.520190675327833
9.58,10.645279204041191
2.24,2.6587564312530882
6.0,6.001035792476728
52.6,44.52356334057129
91.0,80.44424392778049
17.9,18.17603069849366
90.5,85.1819714945691
15.9,29.561240932803887
9.1,5.982270593218265
13.0,40.44570261152929
2.99,4.643061092181898
93.65,64.85387470249074
7.5,9.76898360069904
78.0,81.7310083058231
42.0,66.7484802648636
25.0,47.18300295368613
118.0,95.0591983916915
6.72,5.2123876343319715
1.34,3.6453953017990495
1.9,2.830760084078415
6.5,5.505183962842021
9.4,9.132451913140912
14.0,11.755096355902342
79.0,76.19690375347736
14.5,16.63425628901102
16.3,17.821928218843755
1.38,8.89106187064828
14.2,17.10753899528791
9.25,11.142304480500965
28.0,25.858110621830285
86.8,81.74355305504402
37.1,57.884140213925555
36.0,46.55717802718373
15.94,10.007635629642953
0.026,4.053179968522239
11.0,25.992374674898045
20.7,8.065839661356907
3.68,2.920383063483671
43.0,16.943820603108044
7.9,16.729281624825546
36.35,27.456414538324545
3.57,4.510089233814314
60.0,64.17144796531781
18.11,17.45435288556461
16.3,15.10308906958077
29.7,25.974136673491596
6.2,5.790774003136868
38.0,35.334711003778956
15.0,14.065476434246222
10.53,7.55296188952108
10.5,20.837352959231854
15.5,21.572853552919945
90.0,88.17319360231903
33.0,28.38932252246207
32.0,31.337897094586786
1.0,3.880839102359514
25.0,21.59619305300056
93.6,76.78545295640927
93.05,88.35344579969849
4.9,5.4017746527336366
0.032,0.14761042463006768
86.4,77.09762418906942
4.7,30.220284018992363
0.055,5.270277023429284
5.4,6.839445015440509
6.8,4.2674801413864385
36.1,35.7455253386797
2.4,5.442643484851665
37.5,32.89714505062685
124.9,125.17045296170834
9.8,6.991199332562825
0.8,21.82265506569534
122.0,121.29484628908985
11.3,14.565865641112952
0.9,3.5717920373994567
79.2,79.21920729126523
92.5,67.32086514380275
0.35,5.849782540813692
3.1,7.413124723037545
6.35,4.846549388580606
2.98,4.82336319711959
81.7,75.02229847737198
5.98,4.54990285192763
17.1,16.473332411336667
27.5,28.583602669106263
15.0,55.20460801727355
68.2,60.60690094324878
89.0,80.69028565461495
1.72,1.6471674889624248
11.2,13.13046888037625
97.0,64.1100741534134
2.17,3.071507490351007
3.22,3.021304043676112
16.0,19.038949484225085
91.0,77.47979027161732
60.0,49.421380389529965
90.0,81.94651294043965
38.0,29.615888128468026
90.0,79.59908369049842
10.8,9.097199312865277
52.0,41.18135354089341
24.0,17.370168882292504
3.9,3.6825128568774423
75.2,58.66278036731581
0.0682,0.21964800978153715
88.0,86.69397452186996
1.3,3.0730945089286217
15.5,19.823211116697923
11.3,6.734068940206808
2.42,2.8465905523245976
15.2,10.16550175675274
91.4,87.80055255503379
43.5,38.72685079988461
28.0,25.261435339184384
29.2,29.247316373618446
0.34,1.9066349293866003
25.6,28.98484397790208
120.0,117.59160789253768
4.4,3.0753585538986905
23.0,35.14113011143809
19.5,4.409771379802058
12.7,10.810378433779363
104.0,94.3236943187081
4.1,2.7010478311175232
16.25,21.335446536604294
94.0,95.19151399652743
56.0,54.654948720592564
32.7,28.08019637965411
8.2,16.01658527573192
6.23,4.589376645130699
2.2,2.790996585256149
0.43,1.5530813594070054
6.0,6.558708677188973
4.14,4.456799930312378
63.0,64.5379028728494
57.6,72.25646902284831
50.0,61.499170721062036
21.2,19.80346110059578
16.5,15.98881986538093
7.0,6.125555789152954
96.0,88.53689340745606
2.6,4.6397016516851926
32.0,44.364318969018704
29.9,30.171873103556297
0.65,42.673659263716246
68.0,78.70755688319204
18.9,23.010407792122056
70.0,35.854834081556305
82.0,79.98209740930515
93.0,86.37159373622711
4.7,2.7001849440184458
14.0,13.66321701103143
6.2,6.494435880628028
85.0,80.62541480143935
8.54,7.764245495429914
53.0,38.837833797038634
48.3,47.28745131411213
4.1,3.496139496623237
17.0,19.462003116712076
18.5,15.869637297974828
42.5,42.140444181851855
1.9,1.648743163837701
24.0,45.3705818567661
83.2,86.03939351276335
7.1,4.2674801413864385
19.5,23.018466350297036
3.11,6.0816116275391865
62.6,69.59864708050917
44.0,48.49407784920929
14.0,10.778393910877583
70.6,81.64607630673983
35.0,32.286151764516056
3.5,6.053470390135242
1.5,2.7120375027968273
76.0,70.83143406995514
28.4,21.474756396083478
33.0,45.91484821717775
7.39,6.829111033692272
8.8,7.071990362308512
23.2,24.45212429139656
55.0,45.57677890734129
127.0,118.96996292252565
86.0,70.08197684690766
84.6,77.17372240493532
3.94,4.001389937975796
122.0,108.69978628832288
1.3,2.7478952266839225
0.142,0.36297784973241376
5.31,3.5419782580889145
6.2,4.535375498968821
16.0,19.202036505910066
107.0,93.15850474916303
27.0,29.666108369775845
94.0,88.2083245911311
73.62,69.5074122383166
10.9,11.006711135387675
1.6,4.004646421281702
1.4,2.045241916929028
56.3,58.388680502241215
7.01,4.81295859907467
11.1,22.96128041282459
4.53,7.853040390096428
9.46,8.056128036214176
7.6,4.572358003121159
88.95,69.47434167375867
2.0,3.4689731279262386
43.5,50.92385430584285
1.87,3.713330607660653
27.7,29.25310183981114
86.5,74.54860411834169
3.9,5.4791721372646744
18.0,23.2592475622533
91.5,84.36640013537564
78.0,70.5247448167734
9.4,4.078313215350442
1.2,3.1714773260167783
49.0,43.27892434037303
4.1,5.740111083466466
3.21,4.308916571575522
3.59,3.6784303414391646
74.0,59.42310396819116
26.0,19.06858380779507
1.99,3.3160573449024056
19.7,16.955619206642496
104.0,72.00040735718115
40.0,19.081728556068057
19.7,16.182030234538313
70.0,75.99958926793678
12.0,17.612661664345005
38.5,48.09293855460676
6.8,5.30015731219891
5.4,4.905900058292648
92.0,79.20121744519196
7.95,5.20641913436216
14.0,9.52182922024966
83.8,69.70199341925515
55.0,43.47400688008631
7.0,5.006017639700711
1.66,3.3579268220468617
0.088,0.5290017093601599
28.0,23.89029027971988
80.8,78.83946910413059
30.0,34.67863544833991
20.5,41.97410261004637
2.95,5.615126617844955
81.0,84.67691861259543
2.3,2.810064905264492
10.4,7.875663300395358
85.5,87.24008213853764
87.0,78.57642220665029
18.0,10.541592154543485
3.91,3.431240679993602
77.8,76.99570999275906
7.81,8.404964420981768
6.0,3.101275687702339
19.1,14.709401732746189
123.4,116.86846266352896
23.0,59.440084902557366
11.17,9.816830318838734
6.0,4.168557440720381
0.932,4.479732293004552
2.12,2.839690447358043
47.9,63.01489157971522
4.8,3.0801823958195396
56.5,53.62431841011442
107.0,92.98068000514418
2.7,4.449854497743943
13.9,15.828202326686565
22.0,59.11677015625796
6.2,5.341545436337997
0.7,3.8171912319664782
110.0,90.50835020175431
36.0,43.38703724688959
7.6,12.068126444656398
86.9,78.3654128332434
18.0,15.516707471107715
1.45,3.495817273604389
36.0,34.237331759770036
6.5,5.7114843304837155
65.0,73.04132478607183
38.5,34.076751477036254
26.8,24.06060540026013
85.9,68.13681845806589
107.6,96.6017867834127
24.0,19.614746187737584
0.5,6.548088504708567
36.0,47.659239523737035
3.1,2.471790791938046
110.9,89.45814345285127
10.4,21.63972832859243
42.0,53.417046941212746
58.1,49.404322335000565
90.0,83.07207381179212
35.0,53.56376556754659
82.0,67.20144730090514
14.8,17.436374798682817
78.5,41.86562583739616
4.2,3.5966781008559607
70.5,71.60478447584991
31.0,31.20271808801888
92.2,81.53832055463734
95.2,87.65516935634145
79.0,49.61085037736839
67.0,70.52505245637727
24.8,52.2882787208964
17.0,30.42406273971441
7.3,13.218736710212193
54.0,53.42691828091691
90.0,88.11746169732821
7.15,10.498690151099435
74.0,60.20262065135177
53.6,65.228758204843
4.0,51.220778812288366
3.9,15.634387186512157
28.7,58.86243877528244
25.0,74.89316762573814
91.8,88.29994404225717
1.85,1.8094007668575864
88.5,78.58497495254146
7.2,4.135974493991747
30.0,22.538625237434534
56.0,46.904453620213346
81.5,59.1801280778706
3.0,5.4973434126988785
1.16,5.072542478366104
1.38,1.809987053747433
65.0,47.45812108299186
10.5,6.885064460264673
89.35,94.90793910528922
3.25,3.204294785338925
4.1,3.423334865440851
91.4,71.532126345701
23.5,22.28338019895856
13.6,15.271473190599458
7.0,4.711838587835966
91.5,87.63455761551711
3.8,3.6118234896738723
16.3,14.238164869281594
27.7,26.890290184834495
2.07,8.811253792114066
8.465,7.876061767550573
11.7,9.518157201006103
3.92,3.1856217242039695
13.4,11.943526756989998
1.74,2.533762985206655
2.66,2.413475004384646
96.2,87.64326815726487
4.82,8.552819423663522
4.6,4.216230272611329
85.0,90.00354449787851
0.13,2.0988777566882737
9.8,8.530389508412261
1.5,10.041609704918148
10.0,7.7413157349277215
123.5,87.12321304992359
88.2,83.0922562844442
1.8,4.7586200746869896
9.7,8.41646631335186
89.6,87.52929289533198
89.5,87.40062543993312
10.0,11.719906046171445
0.38,4.4265112989680215
92.2,88.35344579969849
18.8,26.65682110150676
102.5,96.65032888711322
0.3,45.71549121694972
110.8,105.53990629737348
2.1,5.070849617402254
2.23,1.8116454504708301
0.75,3.592765584366859
43.0,50.21355907541426
13.1,13.481118969086317
4.8,4.1384092903422705
4.2,3.663964319651428
35.4,18.255315951057632
43.0,26.373907002741994
7.5,6.779508830170781
1.0,3.253967151077407
2.17,1.830379862262499
9.4,7.346967377746631
1.45,2.9891666864706647
10.6,6.239243064799322
0.63,0.7119184000284848
1.36,3.6891603637957155
120.0,112.04383550648353
72.9,80.42204845072774
0.25,2.8129188012636295
3.5,3.410438105097389
11.0,9.445564236489036
132.6,109.12895578807002
79.0,77.55519508900025
80.0,57.110220355556486
83.0,63.29664930392167
12.1,10.08550286480901
15.8,11.286992495375934
32.0,50.314353929873164
98.0,80.01664112483179
35.8,35.216914071459385
32.0,31.647616363618425
100.0,113.5599205269542
20.0,17.893098641437785
1.21,1.6657231106321244
33.0,32.04511946907669
6.2,4.730589368880017
5.9,4.024848891713533
18.2,16.62292934030202
81.4,73.56761764582413
2.41,3.0860863186000294
2.04,1.8170479480388502
8.43,16.82792706534878
10.0,23.354968309602118
13.0,56.78523758312418
18.0,16.62548055904003
60.1,69.36196979970943
36.5,35.26579797954193
85.0,60.93081980671727
38.3,34.15969952879899
51.0,51.47486591299001
14.55,9.45894414057958
15.48,12.303026165310488
9.2,7.049592297047931
86.0,79.55287649499692
49.0,37.030046084505784
27.4,29.045924100834583
110.8,100.97608066606716
97.0,84.67691861259543
11.9,22.59430630667334
106.0,91.33433160481536
110.0,121.0689121029742
16.5,22.99577133341035
64.0,76.70268424072832
37.0,20.174901643340768
14.0,14.643972454352827
1.585,2.042600284118041
84.0,77.24888464373666
6.5,10.06276732255532
86.0,95.15776371368278
4.65,5.179205791073399
90.0,84.52078398977157
29.0,59.85343896448452
88.1,80.8139565436551
13.6,34.91896099385115
2.38,3.976357991427807
92.2,80.0197969937702
9.07,11.013774046609127
75.0,72.35927911406488
80.89,80.05028336554022
9.45,8.534954872723558
60.5,43.45892694044969
2.79,3.721408145896084
27.6,21.680898562380996
28.0,24.128090890218907
6.43,5.841116963594942
4.0,67.18039297631283
91.0,84.42796121568162
0.082,6.11083928671032
7.9,5.848098255777012
3.1,5.984513295754634
11.0,16.857704345580313
15.0,18.4520666864171
12.7,15.670466663662587
1.8,1.5547725956018164
25.2,28.120395945526642
108.5,110.25725619215146
25.0,30.397501693071813
39.6,35.194380381475725
96.3,82.03491733626291
50.0,52.496915142188264
15.0,26.380876632309416
23.3,24.114341988190528
5.07,3.51271931020781
2.98,3.673575598241615
50.0,62.61450236447879
79.0,53.028544491942675
31.1,16.386302865060166
11.9,9.62193815322539
9.8,44.15477302596481
5.71,31.85764552695964
8.5,5.003734133055385
7.3,28.710337757503236
2.5,4.710373488093873
2.97,2.319725036271291
27.0,48.44383888800625
2.7,6.641786242783544
81.0,78.91638673070064
5.7,12.629991441902925
91.0,88.0720312242136
6.2,5.517148474158093
18.9,17.62551290002714
78.5,79.61404113067
79.0,78.38760010106596
59.4,54.42694631004608
15.0,20.80620991826157
1.47,3.7748386573993407
8.6,6.489232722597315
35.7,27.08133089796297
12.8,50.20020226459458
4.02,6.128722978188665
2.29,2.7229422215129166
43.0,40.8246457614153
20.9,27.660735124023567
2.46,3.0126423015435093
15.0,26.696699669660326
115.0,112.37076229543797
69.0,73.35490801440595
38.3,35.13661072491037
6.26,6.059299011068111
69.0,72.36585029365068
7.15,5.938983138090092
33.4,50.01330776539763
29.1,28.36211094583291
7.05,7.264153417136003
14.8,10.331802916716262
20.0,20.572169011328736
23.5,49.09384728955803
85.0,67.75535014466969
80.0,79.37140615665359
20.0,14.838259989452958
13.0,14.776453036612061
7.7,6.7337812103703
35.0,31.88087108187087
1.8,5.025936050229594
2.28,4.185520372469748
18.3,22.520585373175926
65.0,22.551189195027927
95.0,76.33293813287143
60.0,62.36411853806334
4.55,6.802672654139506
76.0,61.24367451019043
60.0,53.89774517780916
2.33,3.582353486792042
22.0,18.49082342436116
3.3,4.678284684303296
83.0,75.95176237025503
3.28,2.9506316262899985
3.05,3.880029101990898
75.2,71.27809040454527
1.0,2.472257967296131
34.0,31.02342388493466
26.4,14.534023055642852
86.0,86.9106784611502
15.4,33.918021180541565
82.0,72.36896892435493
82.0,63.29664930392167
2.15,1.9059776886866189
10.1,10.2927161204638
9.67,8.363509967403884
17.4,14.573819440072112
19.8,17.92354507643266
9.2,6.446979099871666
7.4,5.635996309262663
1.42,5.599880658101732
0.57,2.9167493830253894
25.6,11.612290834372068
110.0,112.37100597142754
19.7,18.512988821756846
52.6,60.89235963533815
86.9,81.83239475710384
19.61,16.47360693335762
23.6,18.935765707069574
17.97,17.04841944957182
3.02,2.4702980853938166
36.5,32.76801746822591
0.48,3.2802273147603764
9.4,10.522545599780914
105.0,104.89846848153195
2.5,4.161897810916504
79.7,76.99234432142991
3.7,4.6526353038326755
3.69,3.796840381925023
5.8,10.563388324346203
44.9,63.45337915399194
8.58,6.127439226197757
16.1,15.91364786152658
47.7,53.03257160454235
7.85,6.652469268016607
31.2,22.59935546618496
28.5,25.71485599330115
91.2,87.64326815726487
28.5,21.654795279506978
7.0,7.1859596396965
42.8,87.16988968216943
62.0,58.90679232815663
37.4,17.295851302716265
81.6,78.21069052520879
31.0,32.326649915272
5.3,6.029819139646976
17.0,21.310419784707715
71.7,70.52505245637727
5.96,5.948947840394712
59.2,87.07498250957966
29.7,46.64932383848521
0.2,4.420795692209888
10.05,8.500291878424003
34.3,22.90109754511802
4.06,3.7960911621717366
52.0,65.16028680850076
16.4,6.640223187561178
12.3,11.250777735293005
7.84,4.374463758174928
7.9,7.971988094742084
10.5,9.197146522225056
10.0,51.47944311486074
7.5,5.670133286449111
4.8,7.16902923064882
81.5,61.971108675475584
9.18,7.266128409686952
0.51,3.579937734178754
10.5,10.201636715864653
90.0,78.45812919794754
41.0,44.616702557841926
87.4,78.30563017075232
55.0,57.82983315932046
36.7,33.44018883960112
82.0,69.58313420733694
57.0,88.17319360231903
28.0,27.545226289184157
74.6,73.60870136369145
7.134,6.292369537622028
32.0,29.643038940659363
4.8,3.2690119587122344
27.4,17.163067039799415
80.7,76.95373346013358
88.55,87.65516935634145
5.7,5.540715903021378
1.83,4.609966598437111
60.0,57.099259379397225
9.8,4.166644785125749
8.0,7.738159812328449
20.0,51.074488919078775
0.21,3.7722730100450472
90.7,73.60925471526511
0.11,3.382167617812175
19.6,27.787667475448163
6.8,3.509758885815879
2.05,2.802875899924452
120.0,115.33344635410134
42.2,63.825662736024015
33.0,63.29664930392167
32.5,31.11879124649922
1.7,4.248327018460585
16.5,14.455591422672454
23.3,16.89440784902262
70.0,62.50306895543488
2.96,3.250194956393103
5.1,4.719255558997923
7.63,5.127555433478681
85.6,80.98324318826948
20.2,35.203777766146366
47.0,47.722628485336074
40.0,42.662511855194545
66.2,72.11336759469916
72.0,72.16590707721112
89.0,76.24119441460974
2.0,3.198882310873786
3.5,2.9643663165718905
48.9,75.28839787441294
6.44,6.417101742796468
2.3,4.5129845965432285
35.4,23.72756994641496
17.6,17.822027309201165
8.6,6.790992988755469
52.0,11.42644767535323
92.0,87.61247295052246
4.3,7.382008228401268
0.47,4.290845935245802
2.05,4.655664345193638
6.86,17.084120356582535
23.0,21.888496524604783
1.5,3.8154419726763713
2.36,4.9628328702917415
76.0,63.146820348140686
28.0,22.817966176846753
93.0,75.26207217520819
95.6,81.44680792157699
39.8,43.22767479608332
1.38,4.957109364115391
15.8,9.976585217467939
38.05,38.42568792821661
94.5,57.32255154131324
49.7,44.475720603234784
14.5,7.953496564249901
65.0,36.55863708257385
0.41,2.3980469815299723
7.18,7.349319232670869
57.0,67.80305241681776
92.6,80.0919488965932
0.4,2.0302533210593467
71.0,64.14132263896737
42.6,59.67036559165394
6.99,11.933404904673376
17.6,16.801628705866253
2.2,3.37795846646493
8.8,6.618852238766661
9.6,15.21904928087198
55.0,59.33807952178235
92.3,67.08015146178411
13.7,7.894151911744204
30.0,19.945933215674184
105.1,100.6055208505683
51.0,40.572334091872705
121.0,100.8308437603477
43.0,49.48666382011523
68.2,79.78551354442823
22.9,19.922811207410934
10.9,15.170516173973892
90.6,85.08131758686747
78.5,78.09998793186678
2.1,3.6861370101510365
46.8,38.55558756893012
1.34,4.065412090854031
24.0,18.935926936204943
20.0,38.687684594046445
0.026,0.21951716527525766
77.0,70.55017649754119
0.66,2.773270284198957
1.76,1.5803939065720787
6.68,4.303879585286064
50.0,45.64847665243152
36.0,61.873765992971826
26.5,32.470546608323396
69.4,91.5294528127309
132.6,130.0287575464995
1.25,2.4289365953617863
30.5,25.691006433608795
8.06,6.383094620081201
53.5,54.03261453738307
58.0,52.53664602233181
27.0,25.381750192114776
9.03,15.493276999313226
0.096,0.16794373477011645
8.63,6.739833724497632
3.0,5.7789430557075
26.1,27.981912448573514
82.0,37.29812323402909
4.25,3.042560282227987
1.41,3.2202252302856587
91.0,80.28698195569379
17.0,33.9942967925902
14.7,10.942693335614738
56.0,47.72153489121205
21.2,19.13708463889831
18.3,25.247289897188207
83.2,82.66453698825488
92.4,85.02734801216022
5.1,3.5941855846692365
3.935,4.36891025492493
3.45,7.30863904514764
2.5,4.931755736969772
2.6,4.751600475883776
8.42,6.472817050785591
19.0,27.965851426896595
6.03,5.3687862065112935
4.1,3.791289970183168
59.0,69.35734180557532
26.5,24.185097902753114
66.0,64.58545109030794
6.28,5.195457989146813
57.1,56.26977068320795
75.1,69.06786443924216
18.6,15.307435957657129
69.0,36.53944856970902
42.0,50.473675986740105
8.0,8.480884300078927
113.0,103.75781384438865
34.16,29.41614022343637
75.0,77.53045171396461
12.3,7.626474366744211
4.2,5.486529886773872
63.0,70.04464166599266
39.36,35.31813775872104
67.6,78.05554559902889
74.0,79.22971602779441
117.0,106.96449028108421
2.1,2.508729171469932
103.0,103.14567946093257
0.107,0.12020382528893493
99.0,82.29180227192789
8.0,14.652960994210419
0.556,2.0775125797955383
68.5,61.5075350744493
1.9,4.002755158673911
92.4,76.00400982546255
97.0,78.63102710740073
64.4,80.43648690421797
1.73,6.012691173508178
17.6,17.699843050662444
7.3,5.375865651280011
13.0,11.824495269404137
59.4,58.46124862878737
1.98,3.4282947381231508
36.6,50.9941262543348
16.3,15.118846558033132
47.0,48.83466306116109
0.7,3.784686183632725
35.0,58.18529307351909
92.6,87.86155580414481
45.0,62.809608323724596
16.7,10.853003847998982
4.2,4.98178263090692
36.0,50.03752060253352
84.5,75.46027308747462
17.8,8.64491531221832
77.0,65.4871500576445
77.0,60.95458306243798
9.0,8.852756372871749
5.6,3.9664608202921263
128.0,119.84585877656377
90.0,88.18465418017514
28.5,27.523231636542228
89.6,80.20874286434933
40.0,35.737330884662505
6.45,4.460574560894855
8.21,8.477046974477604
73.8,62.5074666520129
3.3,4.003371046524288
18.6,35.70576470429557
5.77,4.589048664181335
1.67,2.3379088031828363
18.3,19.75728958946439
3.38,3.9719750642863985
12.0,12.124914799310046
5.0,69.52617809347983
47.5,44.941022114704715
11.0,16.148425153687278
6.98,6.565323490392401
65.0,53.814407384349806
5.42,6.953338223550928
90.0,80.12509676103208
82.7,77.9772977249592
93.2,84.26689396339576
90.0,86.53055338116981
4.6,15.383381413793606
1.8,2.208457462056928
4.7,5.245777241653383
87.0,79.42229971760689
91.4,88.35344579969849
14.0,12.692425853246114
120.2,91.22591582042155
10.56,9.77523591705894
17.2,23.019860817081177
13.0,9.049249082587862
77.0,78.4015961959286
43.0,56.77329058007759
3.78,3.5385844868219376
82.3,65.42324176676726
93.5,97.1588316584779
6.13,8.58860722790231
8.0,25.069727314896863
0.43,5.715117319571439
94.0,83.89546341502272
14.8,12.50805406786799
84.5,78.8457970682956
90.5,83.42880087348718
87.0,80.44424392778049
15.0,12.98661237950303
12.0,21.652431442925067
130.0,129.3210020496952
91.06,87.86155580414481
92.0,91.02563833087275
45.0,46.319747257621636
4.1,3.4818018497889347
37.0,65.88094341843843
4.28,3.567950564448652
12.2,13.556813039009528
16.8,13.067106051882929
13.8,7.0540660695718485
6.0,5.509408616774448
33.6,33.353187257631426
39.3,35.31813775872104
90.0,87.55285370325824
90.0,87.37519745414762
69.0,71.9266137904762
33.0,18.08681208958475
36.9,29.99682162835699
3.76,2.9090200083401347
30.7,30.377028713589677
38.0,30.790645571626722
49.5,44.616702557841926
29.4,26.941110813729342
0.37,0.794061578344862
37.4,35.595898146972054
8.1,13.854224691181537
3.625,3.9621370603554467
66.19,62.619922647262555
28.0,27.861849456905183
29.0,18.198530383462856
5.5,6.317600998396758
1.75,1.9476398357935596
17.8,9.623883315473721
5.6,6.97142947714452
31.0,27.297911095848598
3.0,3.673575598241615
20.7,20.908409958170825
9.7,20.282213444336524
9.16,5.940005067586921
54.0,71.67326338296871
1.71,2.3102852621712517
25.0,22.113706187371267
1.95,4.02097071197119
79.0,69.53835174537397
5.1,13.653907244024017
4.0,4.08694582104335
2.17,3.1704350676335875
51.0,29.070350212916672
55.6,53.743187918323216
16.0,15.389774881082916
34.2,32.31258999487508
13.3,12.534457868071428
76.0,76.85158018541017
2.96,4.823472222609844
4.89,3.840526958347498
37.9,36.38451723609528
0.62,3.556019029175234
2.1,3.4298572462907413
30.3,24.693381122631195
25.0,33.03720560241187
1.4,2.6759251663822052
1.934,2.3058098106900933
92.5,79.74616457744717
0.15,13.285876819218212
90.4,87.67575168785196
2.9,6.771183044415046
84.2,78.87240475911628
7.86,4.941795064376663
9.0,53.20503216829415
82.1,75.1049104971492
43.5,47.75402039107865
18.0,16.41888249472208
84.4,87.06691529977623
88.9,81.37265083848683
90.7,96.7602209300469
28.0,28.82395168228107
7.5,8.88386380913248
5.36,4.761862505638689
18.8,16.911055246746347
84.7,75.13055588143916
10.3,7.650889202404311
8.9,6.967230016096734
3.0,71.13600781753445
135.8,127.76037800676374
29.0,25.393461140579696
4.94,4.28312283232865
21.7,19.698759455709567
92.8,84.67691861259543
1.82,2.953461887676239
19.0,21.2014958725929
38.4,46.10846606722753
92.0,71.79730677243839
21.6,19.77974880432467
3.8,3.802557488588163
3.92,13.489732924715932
17.1,13.720994477704892
80.0,79.26873880716258
55.1,39.48257494356028
4.4,3.8891925419647815
60.0,44.93081671262311
6.0,6.108040551424933
23.6,20.58097235072556
72.0,79.85183517180097
95.0,55.20460801727355
3.05,3.8658603525130286
25.0,30.277403075821432
41.3,52.002894215064465
7.0,76.04126650975665
7.64,5.275583078583789
8.0,4.933027911418774
14.5,13.067106051882929
71.05,67.45782623353821
16.5,12.529970638739021
74.3,71.91029800607662
4.12,2.5271912988677805
68.8,69.61621354518574
32.0,30.655531455338522
73.0,67.15589618982439
3.0,5.171275739727765
23.0,63.70328296537659
4.9,11.841786770515215
19.6,17.699843050662444
16.2,20.482525876642324
107.5,113.79441256691196
40.0,30.855794992032266
71.0,58.26427449210891
1.48,1.577241041324075
4.2,2.3401756901658186
2.12,3.863032716747402
57.6,46.34913810587309
6.72,6.221301752925085
91.7,86.5588460883105
8.2,10.043697018947512
4.3,49.84346854027167
4.52,23.874090606600937
15.55,13.960596792566797
2.0,17.979459959564597
6.1,5.934144750050004
2.2,2.820291089804152
9.5,7.431093189258602
13.6,13.125285893056045
1.75,4.906878681650267
91.0,81.67301663300547
1.57,2.7193601432242636
27.0,27.658914569419515
1.19,5.393541655946913
34.3,54.511150635897074
40.0,34.86770349622544
1.89,5.473421722884103
6.41,10.090278659239914
14.5,13.067106051882929
38.6,38.101620372202426
39.6,56.57964327533776
2.5,4.123773279043325
48.5,39.781086254136845
11.1,9.242494452882626
34.9,53.33563582072893
76.5,77.87963799325502
91.6,88.246223438614
1.9,1.9225173021122508
12.5,10.649118531089561
1.38,3.5920958309276774
115.0,88.99477343018005
26.25,21.863019788427767
27.5,25.334326676166814
16.4,11.627996353747312
75.6,56.23081549854854
76.0,74.57526660675794
0.867,2.3440059201577395
2.2,6.950798235387753
4.72,6.525592940926359
68.2,79.43904861439276
22.1,41.88163888784211
2.222,1.8254806207576446
73.0,59.856169586836664
88.7,73.52289613087808
73.7,78.92364925941924
8.56,17.23318863216174
27.1,27.86482141205767
7.7,8.9255326813796
19.8,13.600414990321946
40.0,65.39946386762823
22.1,40.03431235456995
110.0,44.841207019402184
63.0,63.881280792675
67.1,72.27551260574894
30.0,50.672872497901345
72.0,62.68470291984995
17.3,11.543687542771503
7.6,8.149317131927829
19.6,5.080326094969882
22.9,26.05273624288646
94.0,68.0617643802506
2.29,2.926182441297829
25.0,21.99789061974807
32.2,26.371271622167853
5.9,4.005533474239719
105.5,100.03065207219186
16.8,10.230473006069232
20.2,18.00469489500774
28.6,25.393461140579696
0.4,3.668223076246844
7.16,17.43984559726672
16.1,28.830492704922598
6.0,8.186045300728473
0.145,1.658804576060554
23.8,26.012802176131366
0.9,3.5141484278992725
1.7,3.8865179154370204
21.6,19.3227541214732
1.3,5.229349110053909
13.0,33.9335859237453
75.0,65.41377993183879
13.0,32.41842683749879
2.16,4.074164907798647
0.94,4.0880705967498
0.31,0.7098662036347971
30.0,35.65058837642635
34.0,30.411779259130153
24.2,36.63402623035125
71.5,79.37140615665359
47.0,43.019868463460234
13.98,10.938676257463747
74.0,52.601668325219734
70.0,47.842253906738584
11.6,6.922167626474494
7.2,6.725381858590367
5.0,10.25866350031252
5.0,26.64021859908724
90.0,87.31061205849925
91.1,87.06691529977623
111.0,90.60004277949726
81.4,76.83945924178063
84.0,85.47380599787061
28.0,31.068869447659097
5.85,5.766883634062829
14.5,5.7200052600586515
7.4,6.289116301976927
27.5,24.963030501230776
23.0,21.80515168471345
4.19,6.862410069163768
90.0,85.08131758686747
7.7,9.42892626395876
12.5,11.610140004434177
28.7,27.228133044798636
3.6,3.172148652814591
4.05,4.407027989572075
51.7,59.3624071209262
34.4,23.81965442798609
40.0,30.661104114816762
11.5,8.085520716949627
34.5,26.05694876651641
36.0,50.07809823729165
5.6,5.81803047962755
26.7,48.623718073821
0.32,2.640256749101404
9.0,13.149768449968276
18.7,13.79267324948302
10.3,12.328143094555177
4.8,5.471951470966579
4.5,3.9465663817549586
93.1,83.32159021753226
0.29,0.13607271984354521
10.1,7.937371784153838
98.6,85.49455666934165
80.3,75.01464785827747
17.8,25.921032917393852
27.0,39.7692929163722
1.61,3.4113166261169443
5.24,5.355774458209052
1.0,3.084709071797021
72.1,73.4099162661749
0.165,0.7580411043674208
3.5,3.9400840007236693
2.95,3.3668448178333272
4.78,4.905017527992718
14.4,10.76243555874889
78.0,67.57623215324165
31.4,44.29257949454999
20.4,18.544571961694142
3.45,6.021281248094749
55.0,55.03349794561648
80.3,75.23377706323218
92.7,81.62495570189702
91.5,87.73445160018973
76.0,65.73105513061708
7.07,5.581394061385517
40.2,32.37222358143449
3.82,8.583459728139172
15.3,61.76352757979063
6.25,3.89444222259431
79.5,80.27256280652455
51.8,47.26833218700966
9.8,6.246706173493711
13.8,12.661846900767504
11.6,9.83153483495592
0.5,2.1923449513194737
85.0,88.11746169732821
4.4,4.68664278424714
29.2,21.19424295252847
38.0,36.697290812171914
47.5,75.28046509611298
53.9,38.91652844485525
3.64,5.861935557009715
60.0,53.67541406739597
45.2,36.6944646956331
16.8,15.197692786750517
21.7,19.020570745030856
5.76,7.259968781084713
4.0,23.07868207671659
2.6,3.366009910161623
83.5,75.03488497240537
81.0,68.73955062911527
109.0,98.92350607346569
22.5,29.45491405665953
87.0,61.206850383467724
92.5,87.08833364618997
2.85,4.050320913514995
89.7,77.99862746694379
29.0,23.47148545895982
0.214,0.7026739979482501
14.6,14.588324637607146
25.05,22.700676732378078
11.0,7.844242793095544
1.56,2.7193601432242636
32.2,29.462527363286828
4.9,4.64733801470014
82.0,76.05385428396394
79.0,76.75029442561713
116.0,118.1402690470389
6.35,6.906027133876509
111.0,103.84133078414106
9.8,7.34558990627494
26.0,61.971108675475584
14.0,13.325499303822028
67.1,68.13440299031033
109.0,6.781684971861256
26.5,22.67672589717701
19.5,11.380400738865546
86.9,74.29160108265611
33.0,28.966143208820927
1.52,3.210681745086032
2.0,7.622915824373645
0.1,10.198713877423325
5.3,4.140113588713724
1.92,2.9252037057039217
2.72,8.68895662885598
42.0,48.44537173464751
10.8,5.9212076742674125
36.7,36.697290812171914
8.12,5.974366315066442
3.6,6.531052847927211
3.73,6.389378011023476
55.0,42.90686259352406
5.2,9.77126676517293
37.5,36.06570447905921
39.0,33.91510789394439
26.9,22.143652831368552
35.0,31.81462967204071
35.0,50.78449987489905
15.0,18.94883176989571
50.0,53.79172493476508
47.2,36.323173748616746
10.8,12.010612483589698
77.4,67.8887250904535
60.0,53.089708007920336
70.5,74.01867096996305
9.25,6.359506224279326
5.71,6.121607025356556
86.0,52.57575873723543
34.0,37.82136361790447
9.46,6.646222045322566
81.0,80.15237082471107
20.0,19.631222790794062
0.87,4.087999543120553
3.32,2.9247259526460105
20.0,51.488237265642056
1.25,3.012802067941207
83.76,59.73000848845552
23.35,33.72674226082163
35.9,38.78540305533581
9.85,10.985815428553163
60.0,82.65179684122259
88.5,86.61235353593104
1.2,1.600658265525261
5.02,14.786829188618201
26.5,23.08474681284852
22.0,27.890546779928382
8.4,7.287422024756971
125.0,116.3587477944411
4.12,6.8127933567815795
8.5,9.391960466586303
80.0,62.33822951853257
43.3,53.215940462253194
75.0,79.68223405875332
89.6,82.2823083317426
4.5,5.113842517767028
8.85,7.971988094742084
55.0,56.50912744201677
2.7,4.08694582104335
31.5,48.41637175600695
43.0,47.11877378840424
81.5,75.45204562239086
12.0,32.78268437246338
4.8,5.633156154233203
22.4,22.132238594778674
14.0,18.699803008400554
16.45,36.526694952023476
91.0,84.86539920470216
9.97,7.7413157349277215
11.6,11.73380417932492
1.8,5.7512015921141515
6.04,4.350537325776281
107.0,104.50787287735598
37.4,34.10980315556024
67.9,59.40338231225483
3.26,4.28589657803739
92.11,86.72411466424683
0.75,2.2595724714387764
7.0,8.530968303636408
0.75,1.643603479991062
107.6,97.79611371153698
35.0,41.34453131263126
6.0,9.535078374711953
22.3,31.838164170035945
91.0,87.86155580414481
10.7,5.070849617402254
3.1,2.1858676168170494
6.7,5.687132110151812
49.7,50.81385550356358
0.62,3.783247970741529
1.36,1.7421152076522561
10.4,15.047134569257413
11.92,13.66585807459819
1.61,2.4575160122955584
31.0,34.21956639870462
131.0,125.65047106503033
86.0,70.2057077524151
11.5,6.402605759271247
4.86,6.160186766803988
7.1,6.847492031633625
90.5,59.783057469513466
14.7,18.100264575939587
10.4,6.463563239832299
3.9,3.457496197375095
35.7,26.204798460680458
9.7,7.423759603716109
17.3,14.581332250886334
37.0,64.59764477705566
0.9,3.6886811404065845
2.0,14.277949558687686
2.35,3.732235316002561
19.5,16.071393626263358
3.34,3.590965238205594
8.0,4.3131338512888275
7.85,6.761936615524373
8.545,23.41346680517689
65.0,48.38198322188448
16.0,23.18319903451754
94.2,87.64513167404724
40.0,27.953405067460206
46.4,48.029049111655254
87.0,74.45462026544322
1.91,4.449745785274335
15.0,35.03386000550368
41.2,32.89714505062685
28.0,24.56235613286035
11.249,6.505057016084906
6.83,16.472184485446046
1.61,3.237109111758698
34.4,35.315473598904084
40.1,49.98059511032553
111.0,103.08809228049569
0.85,3.483932056857119
4.9,17.95216033824808
2.455,1.8884748993838472
4.45,3.7010774572279983
28.0,21.198701278061392
2.28,2.6540379741045523
4.0,8.518686857297451
4.46,4.773991188423744
35.9,34.94025509947955
6.08,7.29410112709026
29.3,49.223213434852184
2.865,3.1229610839220006
7.53,14.454789925800812
11.3,11.332379901817793
1.655,3.272665184044942
8.23,3.7079239789752108
3.58,4.568446171581185
43.0,22.50225937223813
2.13,1.7852824906597171
28.4,27.2424586587038
2.85,4.592392190591394
24.25,27.704980023505655
36.5,27.114840664155153
17.2,19.30852859642103
37.0,34.715632627964766
91.5,88.17319360231903
78.5,71.19857025261632
22.46,21.747047782836837
25.5,23.68252826007189
1.12,4.836596395093801
88.259,83.35729006884037
107.5,106.27903908716146
71.0,70.52505245637727
62.0,63.787048105808125
55.0,61.32214380702032
0.69,5.3856164868129675
35.3,18.574762938330657
92.0,49.50079050922678
53.0,74.18063963322636
93.5,88.10606259450861
4.57,4.560812809804217
6.78,4.714930042426811
7.4,13.918162151943529
3.7,4.105042875765139
21.0,33.89838762603834
26.0,19.05939149735476
92.8,79.51721021665108
89.8,82.52723455874504
36.2,28.19944442623863
8.2,5.437998588411417
8.0,7.149387956311147
4.98,15.925675467603904
5.71,3.877656763799843
92.9,87.86155580414481
85.95,86.54762850405214
7.4,9.699550856577128
9.45,8.173589246971385
17.1,15.333462774679562
4.81,6.236109778398478
3.79,4.386762762342617
62.7,47.835264260237686
27.84,32.55769177213658
90.0,80.78325118104979
2.55,4.209978123757804
62.0,69.64622982604544
10.7,11.386918997466994
11.0,12.393067837772362
80.0,87.86155580414481
11.0,17.12990533729801
47.5,36.697290812171914
12.22,9.338504489345603
39.0,21.009135122557883
4.4,24.90503735762326
39.2,34.81376123324104
89.7,79.72389177393413
65.0,62.847650064774406
8.1,9.633593146930572
12.7,10.175873985082976
13.0,9.628333414722823
15.5,12.542997997033416
0.5,1.541148765671273
16.0,17.06244709159907
1.54,4.3919927643629055
0.19,5.7866252375262555
76.4,72.65407392611841
6.78,3.8390282032154914
0.42,2.6974681705527934
3.7419,3.758176682998631
87.0,65.88457952601941
3.6,8.277431152799904
2.4,5.069567282808025
2.7,8.185697390513395
5.05,5.1861934590896785
19.8,32.54973017231835
36.48,43.32639726119328
38.5,35.051962700499814
126.0,116.94114595786392
86.3,80.33681509139271
92.0,71.35464495226113
1.98,2.478214644134006
3.5,4.338715090150174
5.9,4.823518311005932
100.31,110.0821577339434
5.82,3.1924966241395913
5.84,20.866405044113943
81.8,78.4015961959286
56.0,58.784563527612896
31.2,26.866259101093654
2.24,6.986034983701062
8.9,5.239010442249919
8.39,4.6888747933275665
27.0,25.686758406625938
0.28,5.641491565486374
1.38,1.9894435914645021
10.3,5.816201506151033
3.8,11.923107686178746
1.76,2.44012205406915
8.0,10.524574717722032
2.9,6.544047939422179
4.86,4.074362991629778
24.8,52.418733521817856
71.0,77.69499045107084
5.95,5.541810402480557
3.12,3.428205289907386
17.0,20.666455424322873
24.2,22.870068734220553
93.0,76.5512726537675
1.7,5.840794525781338
1.19,2.4092222764393516
71.0,67.34337770824986
90.0,80.24088654280118
84.0,76.33498592749966
0.65,1.9548872680004026
7.0,17.238287093244463
6.1,6.364650233469664
7.46,5.945467620562733
71.6,68.39523938393462
5.41,4.050301815913734
2.2,2.796616232613268
50.0,59.062130762375226
7.0,18.395339876470143
11.0,9.832423131002034
67.0,76.14196469714625
37.0,34.46965822520109
19.0,33.20666969901428
86.0,81.6584297549817
8.5,6.734934386635951
57.97,55.595934958283614
0.86,3.567269287480757
53.0,63.85004576321248
80.4,73.79881532998107
18.5,18.532273977051844
1.92,3.3684578376173704
90.0,69.02934015770768
15.0,12.399432918631321
30.3,30.537476265534902
55.0,51.028454418225984
4.71,5.6500604725417425
26.1,28.830492704922598
7.5,4.944969108923325
8.75,5.923225309627772
110.0,95.60139512269161
73.0,71.80499602766291
2.29,5.639193169579718
3.48,3.8733296654773657
6.4,8.2434756273463
11.6,10.148815967404593
67.0,76.77460506777936
96.1,87.80221493360527
48.0,55.21031874617317
43.0,39.462609514977
1.56,5.818253761363499
17.3,7.669916476614311
18.4,15.060286965430684
31.5,39.71735723385229
4.405,3.699185762840996
1.3,2.193695187758816
50.1,59.752194503757316
63.0,59.80190787261786
0.885,4.385235273761924
93.3,78.76249530093028
88.3,85.82432071966366
87.0,73.37264848104856
10.1,18.176604743848664
2.9,3.3609241124941907
3.83,4.877846366857819
2.4,5.566007082698364
61.1,37.08177669829216
34.0,27.421391434571586
82.5,78.4015961959286
20.2,23.588544800241266
86.0,60.86887816714831
78.6,87.86155580414481
1.9,2.290761816227661
100.0,109.58387435880498
9.5,4.740809126685505
7.4,6.710809603871001
4.52,5.87269999948273
20.7,17.885991874792854
4.46,4.112890200111528
5.1,3.5377401658395313
44.8,74.01298617829578
8.25,6.829483712998309
2.68,5.162788263094793
20.3,16.53573136433848
37.6,10.3657886674047
0.72,5.00650961491881
63.0,61.88488864422368
16.6,9.8728432782873
3.24,5.333708468473162
11.1,23.874090606600937
90.7,88.35344579969849
8.4,11.548141511858624
2.64,4.579407055913424
9.65,7.292464830993617
2.05,5.5281820617630615
8.95,16.369863208109535
76.0,94.17693616056343
5.8,4.685820293935995
2.77,4.333684784019211
14.6,18.395339876470143
37.5,35.14113011143809
2.68,5.896555250107674
3.42,3.8058665378557452
91.5,87.87517973869488
10.591,6.631122193917419
82.5,69.60311719222733
14.0,35.43270798729582
2.8,4.217663295406691
1.39,5.210395749658995
1.54,2.038262820713691
2.65,2.6326898663824077
120.0,123.99894464934455
5.86,6.200790222261958
40.9,35.006581918149074
76.0,54.96397408680462
93.15,87.06691529977623
13.0,9.328962648157772
21.0,27.611707093937394
118.0,118.21187662145066
5.71,6.453402573972751
3.0,5.228939512486879
2.8,2.440091452075087
27.57,28.104962699925494
5.1,27.790677302226232
10.8,12.935835325018925
14.19,13.569896784415047
23.2,23.604691913586052
112.0,109.97312783908313
1.37,2.2480166298373514
82.9,77.80181647398906
1.22,5.603917534206989
12.0,4.940614677639869
10.6,10.30544809223481
52.0,53.108489188121034
6.38,4.287935760710868
35.6,35.315473598904084
28.6,28.385657565560575
66.0,65.69263205977829
93.0,82.42313438215338
27.0,25.099455835398807
58.7,58.600009038915005
45.0,41.270475500376435
3.88,9.765337069735285
2.5,4.394051095458076
2.6,4.074650661192426
1.9,3.9422913225980727
8.4,4.950251900572093
14.6,16.728801499040287
20.34,17.675281386529132
3.45,5.1277178986298635
134.0,128.34233569993717
20.9,28.298201276459597
34.0,23.523824050323686
34.0,39.49500870019078
2.17,4.257763928772567
0.8,1.9433610879157348
78.0,67.67235369438765
70.0,85.3920210421543
1.6,12.947906339481113
99.0,76.25948747541133
6.2,4.730932941495969
79.0,57.505718294289686
15.0,22.044455349497188
7.0,6.422476270701251
90.4,78.87240475911628
91.0,71.71737311551121
3.77,3.770700939035198
36.7,56.308809406761114
73.0,64.45156098262171
40.6,41.11820723209888
82.0,73.48358697965001
27.0,26.50941451658685
30.0,38.22914984513295
38.0,23.81894170904846
85.0,80.7575191869274
30.4,29.271623127699907
10.0,27.15999179366746
60.5,78.82435524773986
25.0,9.899879014548874
9.715,9.862437625743325
41.0,37.630034111511435
22.3,19.30225050637893
70.0,52.71395512065755
0.85,2.4267901785570607
18.0,37.71385483323392
33.0,70.35534006879483
25.0,22.347003704209836
14.4,20.92193793343677
3.46,5.197577115337626
2.4,3.341236880657412
7.0,6.433104030020804
21.0,39.42782409461295
87.0,82.20785516007004
3.57,6.28852616424182
18.0,18.329480520201194
62.0,69.968719922696
30.5,21.708558708675287
73.0,66.68980266276974
67.4,87.39070333022123
107.17,68.39845235930031
4.43,6.682966939478177
132.0,129.70569538242302
70.0,50.122761789089175
95.0,88.11746169732821
8.2,7.951243158436262
7.61,6.289058548550307
109.0,102.3678036276659
24.0,57.48940765741939
25.0,39.329718397529
5.83,4.401397265023051
35.0,47.48364723662728
7.75,5.200703525128938
13.0,12.41466281347969
11.2,9.279127356143587
90.0,43.911310412949966
74.5,72.27737750213565
93.6,85.43613780401891
85.5,83.18452748988155
56.0,38.77617806038007
8.4,13.653093036330334
14.7,12.699107248423882
19.0,16.56811313847729
22.0,18.6892351248037
13.5,19.135614416251588
79.2,78.91700397891265
35.0,49.69837252929846
13.4,7.871896175728024
96.1,74.80670750619028
13.8,11.712896471412567
72.0,65.70349516202289
50.6,57.13545129316995
30.0,22.001303492730397
2.4,8.438803696485413
20.26,18.155864933164175
92.9,88.29994404225717
4.58,4.60574751432291
85.34,79.90586336611115
58.0,47.01678222050477
10.02,7.850457751444271
16.6,12.545131502962132
5.7,6.469549179450806
19.6,21.11389276737672
22.0,43.45128677790653
88.0,79.59104067531376
74.0,76.19209790752004
3.28,4.50054706730597
17.0,5.598310219391794
3.11,4.3438823515581335
100.0,99.90266439424948
63.0,48.56881072816824
19.4,9.518625237136504
1.85,2.2082971818932404
9.1,9.96249665888494
41.0,49.2730098232365
80.0,74.97679644086372
0.064,0.3654481994370108
13.5,13.141536062152056
2.73,3.1705753667982135
37.0,63.64028692703844
59.0,46.59785506400409
15.8,15.853557690395464
92.8,56.26639030189762
32.0,33.148234027323404
12.8,10.576996999209207
13.0,12.699262798257442
133.5,115.80405349261908
8.2,14.810663375226516
75.0,84.43070690453375
76.9,65.61646149485442
6.79,4.853527644251246
117.65,89.3853699393572
3.62,6.89210000873027
42.0,37.6217715178075
78.8,62.96731728786688
44.8,59.424133817586025
6.0,4.615731521022835
2.2,7.055123155885233
93.5,65.88362115852051
116.0,105.34346139501841
96.0,73.25741302457055
7.0,10.91038292207332
18.3,14.512667577326628
4.6,4.613527249966799
91.7,79.12865030902209
10.1,7.966264965970019
38.0,53.80987587362614
37.5,42.71948748023339
125.0,109.13987385316366
82.0,73.67596698117
23.6,21.864020390398082
41.5,27.220449065749076
42.0,44.898495798898054
6.7,6.025236975615789
15.5,18.80587752537034
32.5,46.50695843965765
1.0,4.041080211358565
29.0,28.370988045159404
12.1,9.467956416417948
86.0,71.09584701968446
1.8,4.004646421281702
7.28,8.234207332939656
100.0,83.64646943926331
0.37,7.28706343934788
1.23,3.043256652200325
46.6,57.21504517755142
75.0,75.39051168297652
45.0,36.56950928700058
2.0,11.42644767535323
57.4,57.08162855376764
106.1,112.8352399237044
95.3,82.83980630572843
6.2,3.7335792546847255
37.0,46.48468535415509
46.0,57.346634770675834
7.075,5.056687600306265
91.5,83.18323598534285
68.6,72.84700912509344
16.0,37.73922224888561
5.07,4.072853840616096
8.32,7.651474531104712
0.7,2.902839490760827
89.935,87.86155580414481
37.3,36.26893098628962
17.9,13.720994477704892
25.9,21.596089807117067
49.4,38.196517826479635
32.4,31.05942884163572
33.0,55.3935048096828
111.5,112.75817463193033
3.12,4.138240996545855
6.5,5.798638247848896
4.0,4.239007826416284
91.7,76.13728337444046
36.8,28.1997879205074
1.29,4.155612273110262
78.35,72.17906829334905
0.67,4.436809989346869
15.6,17.556455825999855
91.8,88.00343411202736
35.0,38.048945572723945
117.0,93.69383184245356
0.96,3.7170269424266076
10.45,7.094377735509245
0.2,4.060288802897361
37.5,63.45115808793611
3.55,4.781574000013203
6.0,14.611890035955685
10.2,7.586501919397904
67.0,78.33048510163006
14.4,12.750528194072825
80.0,78.9165195529556
4.7,4.464946536078205
78.0,43.778759334769575
102.98,69.9258412481892
21.0,60.36283242522231
43.0,61.92521415689938
1.65,5.10393050579897
4.65,4.714748024948215
67.0,51.04020954168534
5.4,5.461674494301382
9.39,1.6858440018650813
38.6,35.05807270162544
16.0,35.97414084502402
0.4,6.624499289838466
0.15,3.047429081293355
12.7,11.006245911618578
27.0,23.36388661392266
90.75,87.86155580414481
32.5,33.11656452777213
79.8,53.84011210215504
53.0,47.09273953859416
8.6,3.2003946917481807
12.5,11.737576597599535
2.2,3.764627430623744
65.0,66.67527513511293
3.5,5.505931967800967
2.29,5.336108485131665
3.8,2.9997241197622406
56.0,44.24948763150812
79.0,63.35788835226014
52.0,47.33174622187173
45.0,61.87998851686883
62.0,70.09157676790274
80.0,80.1638167243461
1.35,2.1019249021470343
89.5,82.07804524189838
0.046,0.22080295195493332
10.2,8.083593576771658
7.94,9.193138492701479
2.7,5.071589117108023
96.663,81.38146877007804
104.0,62.507916227749554
9.92,8.756930415087231
17.5,32.03892823163561
39.0,36.415767334722766
3.458,3.3571985718258617
73.0,57.587261677790586
15.4,21.42290953251161
41.1,53.7445892932691
91.5,88.11746169732821
134.0,123.1991743448001
33.0,31.967614594611568
9.7,8.223308644749737
78.6,76.75643896211746
34.8,33.46520748076882
53.5,43.21644657641747
16.5,24.31183787903916
11.7,8.747249742604751
23.5,27.22472824670408
6.55,4.7429455338173225
0.246,2.2406677247761455
47.0,39.816703594647635
2.0,11.562545559624391
74.6,70.61988750798464
7.63,5.334954122347019
21.9,18.73983899762901
1.48,3.495138137530146
38.0,26.62842343551176
70.3,71.36256239502158
6.0,18.155310151580245
40.0,53.97639111312829
15.0,8.747609374652296
37.0,30.58198487135346
16.5,20.17775570089447
96.8,83.59911101498601
6.43,3.7008083889111387
51.4,50.63777255192514
41.0,40.25801901991336
78.0,85.92688774361244
18.0,14.133806868590176
4.0,2.9506316262899985
0.13,0.1646665661374953
77.1,69.6891366513362
27.0,26.503781938128157
2.8,4.139828566668481
2.52,3.7656145674702968
9.8,10.449813106674407
12.1,10.06825346806948
7.3,5.945467620562733
2.4,6.433097201835988
16.0,64.84063825558182
103.5,99.17574563850204
123.5,102.74214870668655
5.0,12.28855588023088
7.0,7.242635577205301
12.1,19.29131686440795
0.97,2.732138415385776
14.0,5.869947801488749
61.0,52.39307775916202
5.2,3.8975604415119345
0.7,0.36214053781433997
2.84,3.5609644825920124
8.06,5.677836605302072
24.4,65.30455832674562
90.75,74.13902305899836
65.0,31.872266238175055
92.0,87.31946623796266
2.6,4.538984054779092
88.2,80.63040137455779
16.0,16.043371137825844
2.81,4.156944654901378
4.42,7.0454186987695175
13.02,20.89241190609162
10.7,6.558708677188973
6.0,6.759108487931083
2.25,3.682528024152384
3.8,5.6744640154171675
3.5,3.0344765367617743
26.0,37.058595427592415
90.3,87.83459796880138
23.0,19.631222790794062
98.0,72.9450578374569
79.2,67.35269122009689
71.5,80.12883151963015
7.0,8.998285085454194
2.3,6.347457245624416
108.0,77.00215515276507
5.72,4.885787614282014
8.0,14.911986959875078
8.4,7.216918470805803
1.51,3.9123606569585445
33.0,29.813816716153145
7.2,6.034329161531688
8.0,8.320783782960987
2.7,5.409774906326284
34.0,44.418244635980386
2.28,3.8467444338740227
5.5,13.356783145396804
75.5,51.13212693843819
5.0,7.9938939426731785
56.1,67.36967534497381
3.11,4.76934647526892
9.42,8.675325177049773
84.3,74.94962332594757
48.55,69.49022662235619
76.0,74.93390661776755
27.25,27.545226289184157
32.0,37.688525710167916
32.0,33.93764792183403
9.8,8.50997723177503
110.0,114.50781454895721
23.0,18.47191231389767
92.35,58.13744896054459
47.3,78.85234663406541
66.7,69.83200442240641
38.6,48.724835344198844
0.55,0.38658442164349266
23.0,12.323575177520246
82.0,78.4015961959286
12.2,16.242514449165245
8.3,6.388421581379121
30.0,47.51857793573158
99.0,72.86474133748096
2.79,13.456555343889228
66.0,66.99472946638122
1.68,5.8138274291600345
79.5,79.66305903227807
23.8,24.94098898677257
22.5,48.928681381617295
30.0,61.16144901641902
3.8,8.19280476498501
7.1,6.7424724815676536
5.29,5.931379326915824
6.2,15.84466737199205
34.7,34.0300009923494
15.6,10.808000263510978
2.12,2.233163313320599
87.0,74.48504392702296
11.0,23.107919630234104
35.5,32.989992435064366
5.1,4.446675136591158
0.201,3.2340309060988064
4.2,4.353617398844031
18.3,17.153280820070602
10.5,10.174981208114685
87.6,69.39789259836016
4.75,5.786994268014685
3.08,3.5735095889722066
3.3,5.2123876343319715
2.09,7.16011132206922
55.0,48.4040047755364
6.13,5.519470239740379
17.0,20.29156466089514
62.6,71.87329770344118
28.4,41.68793641839443
26.7,19.873761969503146
33.0,39.49500870019078
51.7,50.70659142608017
0.94,4.827008304033006
1.11,2.1140130835645703
38.0,36.17781430107093
3.642,3.8682746729461086
32.0,20.06249820547942
34.4,33.69340367104157
5.2,3.7743771407101026
2.6,5.706761153249219
58.0,62.62730361829402
19.1,16.780150779688675
31.4,31.520087782347712
84.0,78.02431331510081
90.3,77.06224430437891
1.58,4.219419013244059
6.6,5.358010171487345
22.6,15.73059485739769
2.7,3.239147531122465
27.8,28.843639099145456
85.0,79.75594852757422
73.7,60.40462721973437
10.1,8.600821466471325
93.0,88.29994404225717
60.8,59.38300801357153
30.0,42.88243998924433
20.5,19.29131686440795
63.0,50.8798511496791
130.0,129.70846192191286
71.0,77.84820712577252
16.0,36.9880971576929
0.2,2.766132095112875
90.0,85.82698028751165
8.58,6.6844348520493995
75.0,68.2948445759226
7.388,6.783657823642481
41.1,49.91291681499476
4.43,3.7665572366385214
27.0,14.16245466756683
80.0,78.02187370990758
8.1,16.151159476168363
0.9,16.21487686835523
22.5,22.24442309782676
9.6,10.398552322180805
33.0,28.330578283219054
2.45,4.232904805945959
116.0,101.42133185299353
5.32,7.233262577716842
1.2,4.02426139685141
7.5,18.903590462338325
32.6,48.29717003003403
92.7,83.50353195437927
1.201,6.473656774377702
14.0,17.141556391918755
0.26,6.627359230536122
2.48,4.643916606166362
1.27,4.17517693851512
7.4,7.803392073863688
14.5,25.84333492386705
60.1,61.97739390367504
6.4,5.556828788581329
3.7,7.053016318277669
89.1,79.74151801401786
7.31,5.309164503175129
6.5,3.3604934245059153
83.3,82.3996557180291
8.8,7.105206861188913
41.2,32.266185710056575
80.6,70.48905081775021
35.5,46.68594066453319
2.63,4.598308562154515
19.0,17.576285035312104
5.2,3.699134775164198
63.9,70.04464166599266
35.0,34.30543565296529
7.8,6.074423564334168
49.0,33.6527858860285
45.0,48.430610582814786
30.0,19.18870188839836
10.5,6.795117301978261
11.0,22.803857401301173
85.4,79.7469655042405
27.0,21.18559871692808
77.0,75.05249434243972
37.5,30.46915280002571
89.0,87.63455761551711
57.0,67.342870444353
0.26,6.279452451721392
11.0,50.73630939238527
33.9,29.309598645007938
92.0,88.13448321647233
9.0,7.436139834526309
2.25,4.208426459032293
13.1,12.050597021610518
1.6,4.118257822777569
27.0,18.007275747375022
18.9,32.04126461635175
4.51,4.330776031127176
85.5,69.54809387423657
7.5,3.7276371936533126
97.5,87.16754855998825
10.1,7.34110860556449
3.9,3.6323269655139585
2.17,3.1704350676335875
4.08,3.900152941059
1.18,2.4711575979048717
40.0,30.758241073230565
57.5,63.44806303182458
9.52,6.212569403768515
12.0,12.00674224560549
9.45,7.767186468600644
2.99,2.4767301255043717
50.0,44.93562003325047
76.0,79.62481397380968
67.9,65.06598986963601
0.41,4.129825936692117
5.3,3.776468371692294
133.12,129.59488296909734
45.0,60.827344174158405
91.0,88.29994404225717
2.0,3.6089481137969632
2.75,5.581106488775379
14.0,14.896998010157036
72.2,77.8913084058725
11.0,9.097199312865277
8.8,9.189600749995785
21.8,29.609969254253542
2.8,4.042018537722004
64.3,71.14370353051686
0.2,2.1822438283879917
5.43,5.565351648377481
86.0,75.64795778512384
0.142,0.20402279597393685
72.0,70.13299008936416
45.0,60.40965922561153
2.12,3.4720062286502213
20.5,18.681298049128404
5.08,9.12889203958426
4.25,2.710978589174698
120.0,86.30290005789831
96.0,106.01513095019587
9.2,8.328175357215809
23.4,14.37440089513458
0.46,5.241462207809447
107.0,102.85007492129728
3.2,6.097788294463539
85.0,76.85780228485665
8.45,4.138741949857951
32.0,28.80072040840785
87.5,79.25811852287192
0.25,1.863439988658148
0.71,3.038210244489695
2.2,4.962962669474949
90.95,84.47638247167383
91.7,87.24008213853764
95.5,87.16988968216943
83.0,73.01782645465978
15.3,13.109628605645701
7.73,8.459687733701557
87.8,72.9223050701244
91.0,72.34178506755846
17.0,13.167171924345189
62.0,58.87718116951887
29.5,27.298242376890144
2.2,2.901730563811382
24.0,25.833457173889833
60.0,54.900517714245446
125.0,117.24075720254258
7.86,27.07004663236677
70.0,63.311442818894484
9.64,7.070981912041866
15.6,21.960115132057442
89.93,88.40818993033996
100.0,113.91097203127289
35.1,26.896459736121617
10.0,9.061602414255413
2.72,7.613783159464977
88.8,76.24726666115092
23.0,34.704192812157764
18.0,16.63147880134046
22.4,17.604788543949233
0.9,6.473656774377702
92.0,86.72411466424683
5.25,5.775369668512292
3.4,3.5125807058352496
14.0,14.383724427163113
11.0,14.505608664800906
3.21,3.8107217604505763
4.1,7.0908101153380825
2.45,5.013386924276173
0.64,1.638834758640352
94.0,92.80142721954725
8.59,8.540479534769139
14.4,15.00534557719478
91.01,81.65115293053664
107.5,100.83142042666735
1.5,2.08267056573352
3.7,5.858602198596321
26.0,65.98119201502743
4.3,3.6222300592210206
4.26,5.8936419901141806
2.0,3.4197772989707858
2.45,5.297533735862546
4.55,3.1092435209095193
29.3,21.319700734636235
6.9,7.086435061361653
91.5,93.54372748723749
91.0,80.4249272553187
1.58,2.7546641453990075
8.06,6.7129919679433945
20.0,19.01659128199722
64.0,64.66508451983194
63.0,71.753168790203
6.48,11.091443190961574
47.0,77.74813930136978
32.9,35.842225324536315
2.13,2.9794775543190175
5.2,5.529418807011723
58.0,65.10954837700737
23.4,24.104895806399906
4.4,8.579136727993449
45.0,85.22696453546808
36.0,45.23115885120678
20.0,20.397021472224623
6.2,8.031030528427264
1.73,3.4341109566773027
1.0,11.643479309433777
50.5,37.18454417662662
28.9,27.882619519032605
5.32,4.798322500804391
15.8,13.566257659291251
15.5,8.979760202099948
118.0,127.62229980987625
90.9,78.63717692642362
92.3,81.60090341711897
25.0,34.71418167681985
4.6,24.87720233566769
41.0,29.444382835641928
23.0,42.745889338764655
41.0,69.41657165348562
53.0,85.53293463533272
125.0,113.84490445396189
110.0,115.78039222300431
40.0,42.4477624088353
2.13,3.3602346449324436
88.0,55.554354603952824
86.0,80.48617530165947
4.4,4.112394086621316
1.98,5.817788444612313
4.25,3.9456931318764106
7.1,5.1522156384713576
97.0,86.61098851820121
0.47,3.732235316002561
2.92,3.7574783347119984
46.2,38.01293385487881
0.25,4.0174766181991055
115.3,112.53647005290394
2.1,2.6835110189318714
1.7,3.4365776581743437
89.0,87.39272493829611
65.0,70.52505245637727
91.5,71.77636950204264
1.46,8.44118235112781
9.2,9.14583553856052
83.1,85.82432071966366
110.0,95.5384673592113
13.3,12.67693002166315
13.0,8.036521421013502
8.4,3.7079239789752108
1.03,3.438576877903959
116.3,97.68736236224959
13.7,15.144361159491613
5.7,5.1658331037548555
37.4,35.194380381475725
7.4,7.1413781833260295
23.0,25.393461140579696
6.28,5.144447908377118
97.6,92.00851338353799
58.2,58.93963476077905
58.45,68.26995249047806
0.019,24.835830051179947
84.7,79.25811852287192
30.8,27.765217334997867
90.7,83.26093191482579
7.4,6.2500320067603345
6.5,4.10744355468532
8.5,4.349656430676208
7.6,4.944969108923325
14.0,22.204774591312205
5.5,4.108990026431359
80.0,77.43728830363615
6.9,5.168490867564225
64.0,42.16956018312372
24.6,38.18371068290143
91.5,94.0876037086908
9.78,6.4616108379058765
1.18,2.4506479153389544
2.0,12.127794311334078
31.1,24.386932686801597
24.0,49.88411481399204
30.0,32.31258999487508
50.7,35.97372024338351
46.0,26.238961101866433
72.5,63.05939720234082
104.0,102.73074061141638
0.1,1.8329781966978744
6.45,4.094091150730811
18.3,18.493273561536316
2.0,5.038856350072879
0.64,2.5331950895505573
60.0,28.10500299909513
88.7,82.46667264321935
21.2,23.741498356109137
91.3,87.5559563157587
3.75,4.4419625753560865
91.8,83.12349844794689
3.9,3.4334343842047463
7.63,6.708143184330722
9.87,9.35114733677457
60.0,53.28315799645307
56.3,57.08162855376764
64.0,63.232132361964865
18.4,16.17822748443917
9.5,14.81334682961304
60.0,52.79396930657446
80.0,54.41470027498634
90.0,80.32544803040032
39.0,47.842253906738584
58.0,80.638909808042
2.45,2.4432765692175047
14.5,14.631407209643584
72.0,73.60393744122803
15.9,19.161013451034478
70.0,68.98568431391323
3.1,3.890129295851669
19.2,19.77974880432467
4.9,4.817604517913678
5.3,3.770700939035198
29.0,28.98484397790208
16.9,14.512667577326628
66.0,59.246684866942466
43.0,67.85908006340306
116.0,103.84560285523057
15.0,11.318576461366991
78.0,73.48106012002181
45.2,41.32328739186252
10.0,9.571128930603956
15.6,15.371685716033165
99.0,85.69990370673098
90.0,76.87017633802814
2.85,3.757240340384809
15.96,12.990991856417086
18.5,25.263130615989525
0.48,6.989376573988878
27.8,26.204798460680458
47.5,48.83466306116109
32.0,49.929238293076544
46.0,37.81427754988718
18.06,12.366466655694184
95.2,88.37884261493568
3.25,4.28589657803739
4.08,5.278487270406881
66.0,50.57515402207029
5.9,4.135705284737715
11.1,9.174766400372773
3.5,8.09640887036818
92.9,73.39569065183592
25.0,20.491900554376688
11.4,9.507448122347391
74.0,62.74440172978839
80.0,55.96637636747632
32.28,25.614864556992476
13.7,15.476986484106007
10.6,10.50526826958033
45.0,59.92188627256324
107.0,98.29768063932912
5.57,4.874191486127829
26.85,41.979658767399236
116.0,106.03415414007665
88.7,79.83804158721361
5.47,6.366843323893656
55.0,46.336480928473584
31.0,28.157015924074443
20.2,15.086516529420846
41.0,71.23452706694286
16.0,19.97451247300836
0.54,2.404315062137166
4.18,5.346430987942496
3.0,3.7832878107664887
13.2,12.967170979026251
8.83,5.285115640559807
52.1,49.258061829650586
56.5,58.84935681108351
77.0,76.98693343523341
1.172,1.9988949157090183
26.0,27.882619519032605
54.0,40.297919580901265
70.3,52.369310155668
8.8,8.461548924998977
38.0,23.52165835337229
73.0,69.34169927665953
75.0,62.63241935728328
12.6,14.166165266406535
3.6,1.673995163365366
19.8,17.982507396219724
13.8,6.973537786960223
58.9,58.46124862878737
17.3,34.34864140554686
91.0,76.54507372573147
75.0,74.06945236850255
4.51,4.5890631190486895
28.5,28.20672637532758
5.7,2.9645131336270785
122.2,112.5501445342788
22.0,27.616148426041946
5.4,5.540506453055402
81.0,79.44431293834072
14.3,8.264066035192922
90.4,79.5481941081733
86.0,82.16042771405293
30.2,21.707551043046585
100.0,103.08809228049569
10.8,6.737681797665431
5.0,6.749284263836963
1.67,4.493695681648058
16.2,14.584063328627604
10.5,8.669895230850626
67.0,73.76556852711276
26.25,27.49025230233239
32.4,34.45564628474846
103.7,95.237588500344
56.2,46.91331752070457
16.04,16.517876368344645
26.3,20.37344983349379
0.785,1.8164974624713794
0.035,2.39410402207136
56.0,61.68918667178156
2.7,4.4231174867237435
16.8,50.578152487475045
108.1,105.5835191365613
36.3,35.655930051840826
52.0,39.32613682457125
32.0,28.1997879205074
87.0,69.4262545184202
42.0,44.68219506216767
84.0,87.86155580414481
6.18,5.266080218726164
110.5,107.0299614686846
93.3,106.33203981052372
0.857,2.3440059201577395
88.0,88.11746169732821
26.2,22.24800684233748
15.9,19.77974880432467
82.0,75.18935892863949
6.45,4.679067693342294
5.25,9.700030279699021
31.3,21.61652470904568
90.8,82.49952065486298
14.1,15.653486663690657
66.0,51.84589737201846
8.77,6.57011225077827
7.0,7.5654152260072856
17.4,19.19461473766686
105.0,108.76932136430037
11.42,11.519875508690841
49.25,50.60700426016137
18.3,17.57736036036817
1.35,3.529991212136442
10.5,14.865126881174868
93.2,86.23620135336631
55.3,63.96843605373894
3.47,3.685635756486018
23.0,28.048417702908825
0.34,3.0375125496984174
0.59,2.1940723425431727
23.1,21.239421138331295
15.5,10.17001823605853
2.01,4.6013229246837275
47.4,63.273065211339436
0.473,1.6898858273618003
0.045,3.642297812996423
8.5,6.421725402515462
91.4,84.02990518265251
27.86,22.61503680211704
7.07,5.8713683123060765
24.0,58.542458008724644
4.3,6.129134723855342
10.0,5.164778992304342
75.6,79.22014603084673
2.96,4.7224878970445
22.9,19.386030397652377
82.0,88.17319360231903
2.1,4.857370761669401
3.3,4.051263568256528
14.0,31.249323801139035
7.54,15.473623799736371
25.6,21.99672805014168
29.9,48.574585694197275
52.2,63.081467827675645
9.9,18.136094071661162
14.0,37.00949062936184
3.4,4.595695033255634
0.4,2.5851719085263554
8.81,8.901389742285028
27.2,29.051357736484718
71.9,64.89118130564171
34.0,37.711811935604636
89.0,79.4101653428685
4.77,7.075645915708069
0.088,1.8187697715744413
4.06,3.900152941059
4.246,5.116454178034565
132.62,126.50734435821657
102.5,93.69900701047679
2.65,5.152512323042223
20.1,18.155864933164175
3.875,4.243851693290841
5.93,4.94987261548205
111.0,114.21410262214944
63.0,79.18862771117266
21.0,39.40143030894814
9.4,13.974062018134454
0.46,5.9465119629377154
3.37,5.697376743138369
7.38,5.201784755232262
49.0,34.56609830210406
33.0,35.81985026010061
1.4,1.6635140696301864
136.0,110.46071171515459
125.0,119.77581535253812
9.4,3.130430918786491
68.0,60.61858492785736
91.0,81.23409735375033
24.0,30.899288029394324
2.63,3.3626663445775797
40.0,24.09884347403448
4.49,2.782378591122673
21.0,31.30473134507837
29.0,44.41811256299893
18.75,25.191512972238826
7.12,4.2715484636066625
10.2,8.056128036214176
14.5,13.05487103421205
3.05,4.004162096114358
11.0,14.938983510365732
35.5,34.94025509947955
86.3,79.18805294124284
110.0,99.84427267372597
57.9,64.22338752347825
1.88,3.7722098502801913
12.25,28.20672637532758
15.0,17.56715502862066
49.0,63.93208703535675
30.0,42.160151145061704
0.62,1.9489135996934015
90.0,73.14898101660859
80.0,82.25720552229818
6.14,5.395561790638055
5.31,5.361851123223722
9.21,7.370003592879517
48.3,55.65293322120599
7.4,7.51226286515097
17.8,16.17822748443917
74.2,72.57435545680063
88.0,77.7915278025433
20.0,52.397836304765946
28.4,27.175892884336417
11.5,6.505057016084906
0.087,0.16496311773487315
47.2,55.81440726909899
5.4,9.553361223240096
7.34,5.226160809005347
3.81,24.826447529450252
41.4,27.4641548199515
58.0,71.53581872438504
80.0,69.88181655685997
87.0,71.03840146720967
4.1,3.064133645169849
135.0,125.65047106503033
73.8,60.607638139963534
1.3,5.211002171187458
34.7,64.7237261299611
2.4,3.539301006122884
22.0,44.68922649315187
47.2,61.9905855879849
2.82,3.28513801887145
3.743,3.6898047047182776
86.0,59.42494279861719
6.76,5.120753376626292
20.5,15.576050806559048
16.0,19.174957191659026
4.36,6.326126604151269
78.0,79.6993973625289
13.2,9.478719764408464
60.6,57.38773913884215
135.4,123.88510480632715
9.25,4.141794000553263
81.0,69.32014451131619
3.2,2.9348206635953935
95.0,88.06609791518368
9.03,5.7059396753212885
32.0,29.251312423903975
10.3,8.37138608299981
40.6,53.10982742173127
123.5,111.60782564480238
134.0,126.26511025240166
65.5,66.30308263467285
4.0,3.853896646396083
68.0,63.85981185749223
115.0,77.11504856892354
10.4,9.306947831865948
70.0,66.56584242637682
4.53,3.579584375944337
66.3,60.28286742772809
22.2,18.121938159049407
2.51,3.4270119946496793
5.59,7.524983174734299
44.3,37.81427754988718
34.0,26.092080639260903
77.1,65.81478557900434
3.86,3.7807162858467778
82.7,73.25860691652532
1.09,2.7586011408708466
45.53,39.61593529940898
1.17,2.3507151363095136
15.0,11.269553482564062
3.1,3.6931571728035943
43.0,47.936944626243275
21.2,20.6807130974202
0.27,1.5759951098951466
35.0,43.04755980620107
1.8,1.8363265939588183
38.7,35.31813775872104
34.0,22.019047628214956
13.7,11.589341476583208
0.31,5.87131488290807
11.1,13.20604965974366
84.0,74.16293742128046
8.94,10.438650718519927
72.0,75.17187138759786
1.92,2.5972841730012983
84.2,77.68593412995354
78.5,73.8102535642602
28.0,25.98778561472403
18.0,33.353358598040515
8.01,37.13109385412027
6.4,4.780753153674965
108.5,99.13629118036327
1.7,4.152974875689914
2.0,10.136190868384666
3.4,3.0736743628395096
93.7,76.17637562402399
7.5,6.032963168394495
1.95,2.365779331500065
10.96,9.303072329330577
49.0,45.20965149857868
0.93,3.0435227062553944
73.9,78.82319565391774
28.9,46.70840210116415
4.2,54.88836993328806
11.7,21.593565759161194
81.0,71.5405712408803
1.14,2.2497355765998126
24.3,22.305741551343992
5.1,24.08383399918138
37.5,33.53260855938546
15.8,11.875283569648253
107.0,106.00816306802598
2.74,4.524916329396157
0.96,5.4233888114798585
1.74,9.894783295576069
13.5,17.788002623514135
0.0555,0.22607424812766638
2.3,5.62104111783374
9.86,15.848924665465367
0.22,3.793384246327385
90.9,87.06691529977623
5.0,15.56929889060905
4.1,4.305754949357438
7.268,5.007026579149871
27.0,30.423336499866892
6.42,6.40557890609365
2.69,2.7050786711099253
87.5,75.70778663705788
9.0,14.389367840330921
65.1,62.290489959731275
40.0,52.19677565679435
5.46,7.884834897074847
81.0,76.64523224658919
105.0,102.01443370694749
2.82,5.113248913242281
55.0,67.91173375555431
12.0,13.575090825727141
93.0,109.523068171278
20.9,23.00626095621516
89.3,80.48617530165947
74.3,78.66657243283382
41.3,56.36443996483874
3.7,18.504293301905545
24.4,25.113184486740536
27.5,40.82300370424845
0.95,6.959174495594162
54.5,68.0393648971822
38.0,81.58378419844378
15.0,15.63541676875876
5.02,2.7995053583998875
24.0,22.60687555670484
2.2,3.199392066306988
78.2,79.33712854191604
3.32,5.275982273554975
17.0,4.420806068531571
21.4,24.795291915880153
67.3,69.94321281763061
58.0,86.34239283455751
4.02,6.65609192433737
2.23,4.856201203168962
7.6,10.13830918283654
90.1,85.08131758686747
75.0,51.835543408747014
12.8,7.498797131453769
6.5,3.9749552768999457
29.1,24.63476257715382
5.3,5.73233123237615
76.67,81.19409179440994
8.7,8.614964687517656
7.2,8.630559608046362
80.5,79.43229438555933
26.0,35.932517735667915
6.7,5.978016622771821
38.0,43.277443580699206
33.5,22.757952806184218
116.6,104.09284717292702
3.08,4.37327946578825
92.0,80.51510312563214
3.76,3.9058108601504133
116.6,97.1377710262939
6.5,5.677836605302072
91.0,87.86636157916857
11.5,13.472331012356575
6.0,2.9629331090285485
17.0,9.350025638091653
4.28,3.118414773818249
80.0,79.75038758413984
95.85,88.06609791518368
23.0,29.832222786248227
45.0,52.33054122150501
19.8,18.768156525938984
14.0,12.718446403158236
17.0,13.83234097555191
38.9,35.194380381475725
84.0,81.580571770377
88.0,88.07970240124817
70.8,60.85394791912346
12.8,11.055722443624953
43.5,56.6302381814783
19.8,17.863102393644393
6.6,7.249265962287801
60.5,55.777354421903276
77.2,65.44555936301806
0.788,5.6744640154171675
68.0,67.39514181300437
9.0,4.258066732518525
87.0,79.74791889121084
11.6,20.161691537483513
4.2,16.017005506627243
57.5,70.27520823574011
22.6,14.360887634333666
1.31,3.1779826252010563
2.1,25.534745931024858
10.0,40.581955645385136
6.07,4.638811878938417
13.2,30.33009460980409
2.6,4.173512602869065
4.7,3.4809795249827737
9.2,4.930532417717741
101.0,121.60823995197667
22.0,20.955356737206056
37.8,31.786439153714785
34.4,31.41048719623499
1.93,4.675099784614153
10.5,8.688255810332114
72.18,78.87240475911628
16.5,13.009197870265101
8.3,6.680090894242368
20.0,17.856237742777406
50.1,47.95304522192652
27.0,20.058470186277997
4.64,5.036245861630088
67.0,79.66291775225505
106.3,108.09771848240861
71.79,63.78139657742433
2.5,4.5384242004880315
76.0,68.24613306496188
0.3,61.21689316934733
8.0,7.764245495429914
1.807,2.718199230713634
108.0,108.21307263373187
53.0,76.48351909315996
15.0,26.87112854185233
15.2,14.044246762962883
40.0,21.055144169562787
22.8,17.925641732683268
87.1,68.26995249047806
30.6,47.57175341197199
5.51,4.988727002262216
11.1,11.570345082171029
0.068,0.7026739979482501
0.74,1.2737620771820706
11.6,11.900977297798576
80.0,81.12004898313488
79.5,77.63120654775786
18.5,28.385617586405374
31.9,35.076043377783634
86.0,67.5482234037461
34.0,22.252712065278644
1.5,3.585703870173513
45.3,71.17051814504939
4.15,3.8111628763735617
4.3,10.618236487082864
11.9,30.76849568894639
54.7,33.562110546502346
84.6,78.49538328457274
78.0,61.186573461847566
130.0,125.02655179584592
0.28,3.4076222437035297
20.6,24.83916825008413
88.0,88.35344579969849
35.0,41.00975870388517
19.2,7.692097167757075
75.0,79.98209740930515
110.0,121.81982062888468
39.3,29.83270920060906
4.9,5.23630657716632
1.175,3.9266784510796193
73.0,64.18827626330231
114.0,113.96543526503429
31.4,15.208298684995063
66.9,57.5261356564585
19.6,14.569508262470729
81.5,77.24906624386968
26.0,21.719807577680502
80.0,68.86593140904434
94.3,87.17978067595203
2.89,2.509987048722072
68.0,69.9398358916852
91.2,79.84645630253189
1.9,4.256607093764049
14.6,13.394908613935746
2.51,6.127442163878023
10.65,6.4428581722039535
27.5,25.11331625778873
64.1,68.88661663262396
36.0,23.80117490185789
14.4,13.775690162013214
4.15,4.286013256346397
95.0,69.05153103039869
90.5,87.86155580414481
69.5,70.14477304348625
1.73,1.9770931403038658
115.0,102.87200380114942
48.0,50.762026339132234
7.05,20.525233451431692
50.0,82.71311117622844
54.0,65.5212359062275
40.0,51.42621077542717
94.5,81.52475775566113
21.0,58.35939495313323
8.9,11.41394234456161
3.25,2.6988486056243617
88.6,71.56227479312086
4.21,10.803550065611013
2.25,2.7913261622387493
76.0,79.59104067531376
25.0,25.559389716455147
84.0,50.223404469432495
9.5,7.397077771593933
32.5,26.522516159201626
55.0,39.27857599969772
28.0,26.639225664821513
12.3,12.611661503144632
132.25,103.6697139958571
85.0,80.16491598654592
19.8,23.370734723923334
62.9,72.44053393899648
8.76,7.020677879809402
60.0,61.58162156711627
62.0,56.81073572529817
45.0,51.11396268531474
2.1,3.410901636113252
21.0,16.25196049677658
1.96,3.7601637725924544
6.2,11.091443190961574
7.8,6.717541433551536
4.31,6.305790133119354
18.2,19.631222790794062
13.7,23.695943974966937
90.9,79.33203476466657
19.8,18.657876029126747
2.8,5.29770658699888
11.2,10.161194128311227
31.2,31.284871588207476
9.09,4.689763000076533
30.9,26.94355602553931
69.3,60.585660766414705
1.67,3.4796206655677437
11.7,10.237389408898668
40.0,35.9404837340835
50.0,79.44827224601501
14.0,9.53559932463081
1.33,4.296395387833252
13.7,11.000467313416884
2.92,3.1226505636306285
90.0,58.73280320279364
38.0,34.90420165368043
10.0,8.587108404113465
14.3,16.96665362019004
12.5,7.748422264860938
18.55,17.59338354515588
92.5,56.78906574327054
91.0,79.56264710637532
0.26,3.165267751335713
21.0,34.10618661554454
0.06,0.7026739979482501
128.4,125.27189939665823
14.5,16.67975844759677
1.4,3.3234933983722774
82.0,66.69796413098966
11.34,6.908732152240931
89.0,51.68217162954277
16.4,13.65921806416644
0.897,1.5955508458429546
17.2,18.05419346334869
15.2,14.92351069389107
13.0,14.283465172852221
17.3,9.569938993971125
20.0,58.296673575099156
31.0,27.882619519032605
72.2,67.39514181300437
33.3,24.19052541294716
16.2,31.472477181011367
67.55,63.351934158627756
6.23,6.159560711548724
0.9,2.0123481486068546
3.12,3.6298903510070124
0.509,1.7585116184517475
76.0,68.80926582678063
0.112,0.8604685162483594
1.5,5.6431391804498325
45.0,60.07277690975235
4.52,4.210327624461949
41.5,55.669898184246556
0.4,0.35895866767790624
17.61,8.695532617637983
71.0,59.183848596168865
7.8,10.497254497246225
1.9,3.9785706730451507
60.0,75.58375621456752
3.56,3.5093179831650088
19.0,23.073629886968135
74.8,79.39886912232897
29.3,21.8567401037933
77.7,62.24856325984591
9.2,8.062199119766191
59.1,68.89348083742621
23.6,24.634775249361155
55.0,78.25532875904528
3.8,3.698268450286913
0.64,2.618797196252427
12.8,24.659523360059374
27.0,41.855504060033695
0.4505,0.5443666275040893
16.3,12.526702109994442
4.0,5.8936836931923535
0.172,1.3644987517504112
27.0,28.093788893016118
70.0,78.24730660134257
15.9,11.809012978033335
92.5,72.48632667651805
49.0,55.55813409323151
92.12,87.69234351457241
46.0,52.92474232458687
7.6,7.951021308958942
88.4,82.49952065486298
45.0,47.50932833662794
10.1,38.88779003653005
7.89,6.460652220797391
0.745,0.8511228203570984
6.7,12.560925620329435
89.0,79.98209740930515
91.9,67.111606388099
4.6,6.059299011068111
4.78,5.9722661344193515
73.1,78.96735354763408
20.0,25.71440055302252
2.8,3.406637669599287
0.16,0.2173822592641837
9.33,9.436746253769254
29.0,21.99186249410814
79.1,78.99778403481896
13.0,18.248872041693833
2.55,3.869543496613021
70.0,85.53293463533272
89.88,88.51327588666305
67.0,88.28248252097053
0.44,4.175264952174016
38.0,31.243840255474012
7.6,8.172021036439146
85.5,80.81792962986492
13.7,24.94738565579233
23.4,18.608992889511075
3.81,3.6929949305944216
4.55,5.955528206011768
7.7,5.850906974344984
52.7,46.666738316866095
104.5,101.01231938492307
14.0,10.649321566835322
37.2,36.0519162810916
3.7,6.566805225738084
7.7,5.687132110151812
9.09,7.872945562239334
1.56,2.4168670715048144
8.9,24.90503735762326
106.5,104.49502771383614
17.4,14.248654491141762
105.0,95.01165900453196
3.2,13.158614881024345
16.4,9.427731378396892
5.5,3.3490627611288177
4.75,4.857469979216894
74.6,70.87776911419745
59.9,58.471591693019874
90.0,73.37334446684494
92.74,87.65516935634145
17.1,16.76449621528295
87.5,78.61294585111303
72.0,63.93297588141468
7.52,6.196724497740519
12.9,7.8920285632428255
69.0,60.74255696011196
68.0,71.19989177299063
18.1,16.215742353934647
66.0,59.37462299132436
4.35,3.8015860766476943
49.9,65.93150382698984
0.9,2.4195897064476424
9.8,7.920133204008301
1.61,2.498950990027671
77.75,71.7771867059785
56.7,58.83753099490457
18.9,56.932495086333844
70.7,79.55798823605805
11.7,6.848218655054499
88.0,75.03997318043854
82.0,79.72605997761363
1.42,1.3715561192573444
13.0,29.292639268563256
25.1,24.067426538599356
1.9,3.033007627655395
53.0,55.13257430695735
84.0,73.87494144981
21.0,20.01527683422471
37.0,55.226373397175166
6.75,3.4803549950378354
16.0,53.69977908073997
70.8,76.4550578732877
70.0,40.02699197696414
4.8,5.217914711858386
132.7,130.77531193400245
81.0,72.26447897622472
80.0,72.11191766477411
5.42,6.811450103885433
39.0,53.10541540135536
92.42,86.72411466424683
1.2,2.3247390080995327
0.62,2.0409405714773357
90.0,67.87638394178978
14.0,5.904139956072265
8.0,12.549810429749424
46.0,66.82453647279195
8.6,4.127690957326496
10.3,8.15328003494621
3.23,3.2252124496989385
29.4,26.72630918917357
6.07,3.968780076730172
90.5,83.60276924420162
17.0,19.001732433844737
122.0,119.84585877656377
46.0,50.27224761703801
48.0,50.19025839722653
41.0,52.38151829032987
45.0,5.803718665214247
21.2,18.9791116119314
1.92,3.6584336367031955
6.7,6.960452377773226
38.7,34.71056334301491
5.0,6.813177609922365
58.0,64.13053591596602
28.0,27.01640374728977
0.83,1.5165857826566216
64.0,52.17668948241543
77.5,65.66828964641977
1.65,4.484506337314147
5.3,7.498275131288895
110.0,106.29357625457068
43.0,34.56512792631693
1.63,3.6052640535579017
11.8,9.00519237689114
1.1,3.7146095176926957
43.5,43.70738728236113
2.48,3.3015447191494935
62.0,61.082070414310905
45.0,49.07179634467633
10.4,9.13637548953233
1.3,16.467697129184625
2.71,4.857469979216894
47.0,48.499239907364384
1.53,2.6450206905996745
0.27,4.22806381368653
66.0,72.75402293154038
80.0,51.85600983980605
87.0,79.44827224601501
26.0,23.379539805548863
71.2,80.9415789493824
79.7,76.72090153087693
21.0,16.734944362975458
20.0,27.984306819040828
19.8,18.17067792026719
80.0,56.46613536312929
37.8,39.98386766420954
49.6,46.479016273171325
92.8,84.34466820711285
3.52,5.316725212867895
15.7,11.809012978033335
44.0,63.25000042512542
112.0,115.63298235355165
90.0,102.52986111293198
84.0,80.9817516053468
2.2,4.303204935586431
31.0,31.729704082717188
35.4,32.31258999487508
29.7,29.365363629210297
105.3,94.80001716427205
2.0,5.363300844751375
40.0,56.2423922503156
2.5,6.322868217485693
22.1,21.166416424996054
50.2,54.338268188974986
0.11,2.140463266711422
44.0,39.20743170935224
4.49,2.952495681909499
114.0,121.13857847960895
55.0,75.06007574561647
0.38,1.7708902551960786
33.1,44.263738240920134
4.0,3.3757201334728557
62.0,67.83199131785547
55.0,58.19445471229703
73.4,69.57688002265003
52.5,40.72678238513466
10.1,7.022152082977945
18.0,59.2308772517034
2.32,2.2083382848694977
128.7,124.59134773701636
119.0,116.85842851902132
9.9,6.735284148882947
3.95,12.740262496747205
89.0,68.14796798179654
0.01,9.230692006404599
94.0,80.57713034931463
25.0,37.33877894414197
7.46,6.881951997974329
32.0,27.589283752443542
19.0,20.765752816880056
0.6,3.7406257832545897
18.05,28.723282057891005
8.9,6.367951434673627
19.0,19.01553441101667
80.9,66.58738094207074
2.6,3.089405239221781
110.0,100.34295067755433
30.0,48.24034575983465
5.9,6.813757350831199
2.0,6.312857334703845
19.8,17.984662658808155
3.55,7.92211612760844
1.365,1.9796317245727157
73.0,74.07935469183683
73.2,54.451542270455285
2.73,5.172854808879093
3.38,2.8186635632069454
80.3,60.69600614538378
4.91,4.971851290748055
16.6,14.650474443439084
32.0,30.14188638620669
85.5,80.96982678676648
10.74,31.328201823083898
129.0,115.01773255151858
18.0,29.22672350569655
93.4,86.02718046643807
5.91,5.577293091609678
98.0,72.52842779605977
61.0,54.07093937555146
6.0,9.135257945815923
7.5,7.178112632203287
84.0,76.3407104080052
7.5,9.485331637740117
64.0,55.5601779427925
4.43,5.424127604943033
50.7,63.722597835307575
59.0,66.52285129871993
0.34,2.9988761699059405
2.78,3.3713237094639403
4.17,3.288140080682087
80.9,77.17099044263765
52.5,47.26833218700966
26.7,27.512276863953737
88.0,80.59379838834136
2.2,6.474547136243785
83.4,82.83410160822143
77.4,77.93218755259304
43.0,54.3538050579474
21.0,17.37529364622231
27.5,26.63373085059142
2.68,4.848430481695078
85.0,76.47478994926414
3.2,2.7548173969175047
2.65,4.598817576271127
4.1,10.691839495408669
76.1,58.34178996787468
108.0,105.47651506998142
10.2,13.654023428631968
45.3,36.527451480986905
17.75,15.590679965584266
18.12,14.123661789089445
22.0,46.810746225951284
95.5,87.06691529977623
24.0,40.3090189007778
0.11,3.4904105841701747
84.4,88.0720312242136
56.0,50.7314498041079
27.0,26.889119834482763
82.0,60.30034644215775
76.0,82.68708340563317
85.0,63.873687943485365
17.0,31.36635752289799
63.6,71.93237909014864
1.87,3.1416456324833564
9.31,16.149282394589857
84.0,84.78542378886287
37.0,33.944882658368456
4.4,4.049376035799882
80.0,72.00853301237461
34.7,35.960793239062795
9.8,42.17142797385424
68.15,49.22020777387939
85.0,78.16861712597685
1.945,3.5028175104606185
7.2,6.523518466406326
33.0,28.790658117422204
70.0,58.330497745355466
92.8,68.2993204630133
6.5,7.3253421656936
0.047,0.8707376930934326
10.6,8.480884300078927
11.3,6.604671601557538
56.2,58.07269387961519
89.0,80.5765418674022
90.2,76.28658307759864
40.0,10.60080831145785
5.7,15.90437569289394
29.5,19.057518937612194
5.4,6.991199332562825
8.7,6.230564973887052
2.6,8.665621843947605
70.0,73.82583018719544
9.93,8.706133245957266
68.0,87.69234351457241
80.6,69.79396866836423
1.7,3.4469766157174533
107.0,86.9106784611502
7.8,5.969289475876863
56.9,54.28810447467736
43.5,39.40459574476025
12.5,10.771555319563717
55.0,58.28263833209677
20.0,13.350730167348923
79.8,68.90345438303791
91.19,87.86155580414481
1.73,3.3142815923226054
8.0,10.553831655187292
5.52,3.721547148255408
60.5,63.63924547945436
2.16,3.4209992059468664
6.0,18.228966872430014
0.138,4.5338627074003295
45.4,52.510926522675035
47.0,56.9300369925458
60.1,51.73557610907634
26.9,24.63476257715382
8.4,4.10698480425252
27.1,24.94298087540735
5.0,4.978640193849024
77.5,82.7094278242755
4.01,3.059284203051795
10.5,15.560690955455676
35.0,32.14838702221093
1.658,4.337935436809949
96.0,78.4566561115245
5.0,4.1597137894570695
15.0,11.61389637439827
18.2,22.171860466373914
13.0,10.92709145901084
135.0,126.9637188698151
40.0,52.53664602233181
5.2,4.016671679089875
16.4,18.953010896703887
3.075,7.213120251257388
4.47,38.54006651375287
29.4,59.994987309266996
2.4,5.216009489040341
82.5,85.64702654598963
90.0,79.22068999418464
125.2,85.75715905513117
55.0,79.72389177393413
92.1,63.64028692703844
76.0,70.72549442912329
42.4,42.15378602625679
7.3,4.205281635020082
54.2,60.84959223959332
4.86,17.424265556304206
23.6,46.960475870671885
14.0,7.936217791926603
89.7,78.66823584207593
5.8,11.030787673145117
21.0,55.97186236442451
8.1,5.677836605302072
13.6,18.362919367059565
90.0,83.00724560448798
4.5,5.025098115312418
80.0,68.7280910547118
16.09,16.3442800528271
3.0,15.849265615802176
75.0,64.66462869559834
29.4,26.544981731149104
83.2,70.44848675061856
92.2,87.86155580414481
94.2,76.2700959499562
4.1,7.314062053250882
12.8,13.66321701103143
2.9,6.550715948390995
25.4,19.200057350698543
1.3,3.435014511018326
17.97,14.675637565236807
75.8,75.87174918317392
3.76,6.7109680564825664
29.9,68.23588059938648
6.88,6.656500625592923
85.0,70.450120188778
85.0,78.57842661469984
2.61,3.1132219869721327
36.5,17.179238724180596
46.6,51.91574691958324
11.3,9.676183200638818
37.9,33.94251487921629
29.8,29.57320092652983
8.8,18.977953499701815
5.85,5.636311841511919
30.3,58.364528214575095
5.8,4.548201489573247
1.5,5.222296766968225
7.2,5.434813605806979
13.6,19.44248224967669
4.5,8.200801790098394
89.0,88.10606259450861
93.2,88.42261210020396
10.3,7.523789774087124
5.66,4.670108287452925
86.0,73.00025442100265
35.7,37.25565262801962
26.05,35.99102733460011
92.9,88.10606259450861
37.0,63.164207525021645
13.5,20.160749099091277
85.0,86.98309625109681
96.0,83.63577341426236
0.74,5.835118790255373
68.0,61.02018566807599
2.4,5.83438122237706
24.0,31.75682453668587
93.4,76.65814296854771
1.84,1.897767983338831
2.11,5.787604300947383
89.8,88.11746169732821
33.9,34.492417016705915
18.0,20.57111405700682
73.0,79.59104067531376
66.3,74.53679827480919
29.7,29.030470256322975
7.29,6.423175744387888
40.7,62.535118484551504
21.2,16.799386482584154
5.03,8.236841545915354
5.9,4.961443328719287
74.0,72.50328357282369
31.05,30.184904807424967
2.08,2.6306540367226074
4.06,7.25480711200988
117.0,103.75781384438865
1.73,8.051947150738071
1.5,1.9540859197178357
73.5,79.43229438555933
75.0,50.475792482334604
1.87,1.8094007668575864
16.9,18.058999478932872
16.35,8.31602941002641
19.5,19.94257141662965
36.1,54.5099861827802
4.7,11.04802709332813
9.0,8.745680864214782
7.355,4.797573945685499
3.66,6.142288986609874
14.0,55.18904148780905
80.0,78.5927590543679
64.0,64.32829820918886
3.4,4.053041325427456
64.1,54.343789678051756
83.5,76.11547821058194
7.4,7.533986120692573
7.0,28.229199680529284
77.0,76.52141580340377
3.87,2.7073107501765095
20.4,20.912053043791826
19.6,22.080610177030575
3.96,3.9353867873648447
31.75,30.917675306287634
83.0,78.51276234691808
25.5,24.187607692952998
41.0,37.25424082487424
3.5,4.607240968261375
86.3,83.24860236151605
67.5,71.13376302007501
92.1,79.45115830416186
6.2,3.886630471675151
90.2,87.24008213853764
1.84,1.9331891769114342
3.26,3.6084119869844393
90.5,79.77701564260798
24.9,18.506929885528855
1.8,4.6064979631123855
47.0,63.54195171763807
65.4,75.50733923479241
9.8,8.492315585242553
3.4,6.940320634289861
38.0,20.658227779035244
17.1,26.812760160298453
30.0,37.688525710167916
38.0,47.58111582049872
90.1,81.3228414201843
19.0,13.172162421419713
39.3,30.24231936793022
2.84,2.6948859341593754
1.489,6.003541159266016
14.3,43.289562002494904
2.0,2.2591863669234566
53.0,92.23145404722759
110.0,110.74458774039492
78.0,81.27815535753155
0.45,7.374191164213084
18.41,16.55217995938603
1.0,3.343528623835802
92.5,87.06691529977623
30.0,63.39284038101789
5.0,3.3725678569197166
73.0,77.13830029651434
3.76,3.7039841031456566
5.8,4.505689591633762
92.2,88.06609791518368
42.3,46.107099642070274
21.0,19.462003116712076
17.15,16.86832835523406
23.7,23.588544800241266
85.0,72.38922893369586
0.39,3.4653921147660265
10.0,13.749032258278742
1.6,2.9466831239102707
124.0,109.04536016833946
87.0,80.95350682682061
45.0,103.2171590414886
68.0,65.47981306313285
63.5,62.38784871212735
8.9,8.51115805186428
10.25,7.996584130421478
4.1,7.201490755348775
72.0,70.96281851257608
33.0,30.485800696831664
89.9,86.79704035429735
55.7,68.82427420564956
7.0,8.283079200348404
6.06,4.697005729084206
5.85,4.40135302274664
14.0,46.65094486605414
39.9,40.49014913604956
30.1,31.581637891348397
2.11,2.5030215742043382
25.0,25.944021309714653
41.6,50.74998596675858
118.0,110.72661778368355
14.2,9.601716612534862
88.7,72.21446366993779
7.8,8.02703317386295
67.6,67.24302848547798
10.2,13.054363042017998
24.0,58.61959818137013
8.0,30.179468918340532
100.0,72.28934883523091
8.0,12.445840790667686
50.0,39.37528963642173
50.2,52.02360304419458
6.7,7.295890111537841
1.78,3.095723863497133
1.73,3.0489935777292945
17.4,17.379479950747086
8.3,9.063156468565044
58.0,73.23633917969524
5.1,5.624991564399523
94.1,85.48085414618903
89.5,70.80597764214883
7.12,9.497695031903122
8.09,6.361194224634128
84.2,75.88520853558121
108.0,114.15685424257923
2.9,19.612819069531096
8.8,9.23805158217686
15.2,8.587108404113465
37.6,35.11891871356762
22.0,34.03568062655094
71.0,61.07271728865933
55.0,38.914535489032914
3.0,3.3265368439225833
11.8,9.86871874480188
2.51,4.180580282865658
87.0,73.52250195395932
7.5,7.558792663856173
45.0,42.17650422005899
0.68,4.005989647500379
23.6,18.827573638476565
0.52,2.3905742582557306
47.0,57.56656723563783
116.0,97.62026423425421
0.59,3.6149240846925506
4.7,1.4740480220330217
16.2,16.517791814960542
88.0,84.12684451217497
1.6,4.086356323494614
9.0,4.590206451946544
5.38,5.036213322619552
8.7,7.25858152202151
0.71,6.463561949063747
73.0,91.32432051391983
35.0,32.581133407446934
85.0,78.90195644157166
59.6,69.94321281763061
85.8,71.39892393939613
0.55,5.254421061277051
53.0,51.555031311715574
31.1,23.30400438563142
9.2,13.820475280393598
8.79,7.9692912283705635
55.0,52.40337042331108
21.0,23.26909023907638
8.9,16.46446183505612
79.0,78.83946910413059
8.8,11.923048675141843
88.0,83.18323598534285
67.0,51.42647786510608
73.0,64.65934187523207
1.29,2.3824796630603418
30.0,62.060812127065034
10.0,26.57762288822203
0.105,0.13550586447497776
17.7,16.75069568919345
12.1,8.638865623795137
13.4,13.739624547256925
69.1,75.05576909316792
11.4,9.673967220406304
0.051,0.36904694495229334
37.7,32.44394889611383
88.0,67.28908075652507
121.0,122.43336066645892
22.0,24.3874820959906
94.0,47.34533141810788
21.5,12.808792109875732
80.9,72.16503418281158
15.0,3.8751662784419687
3.48,16.161812293309
5.7,4.5996134553919426
106.0,78.02187370990758
37.2,21.526977192533874
22.1,18.09873650987354
37.5,63.54009035167851
8.69,8.26504287717885
11.2,11.721904015898492
21.0,18.673079842282924
90.0,114.43422634407096
29.8,43.650397123203646
10.95,9.046989951116249
10.45,8.056808550314193
78.9,72.90758313749035
7.2,4.962962669474949
9.81,15.777832398553253
13.5,13.780954624357713
14.5,8.93248125573355
1.41,1.464582367908452
28.5,25.261435339184384
63.0,63.157283436532886
2.03,2.9130370837775783
16.0,15.716361414215118
9.96,14.990496022800839
44.0,60.02761913757243
45.2,8.603651623812743
81.0,75.45535462250193
12.4,17.131536448927232
92.0,87.65516935634145
2.75,4.53950408491505
73.0,70.36279538864885
6.8,7.627759288642235
44.0,35.52391940058068
87.8,81.71432554177643
54.8,72.07860439717203
64.0,56.58076251170018
11.8,44.39872161181961
18.04,15.365283319196239
0.11,0.1142234628543166
0.63,1.7315513298799476
43.8,39.600374040339254
61.5,50.523775102769754
33.0,28.49232243651673
82.0,83.5506022705042
12.1,9.589718782206948
40.0,69.93135602761707
7.2,5.754199647798377
1.755,3.3609241124941907
44.9,62.64638300880465
3.09,3.7357940355637727
4.7,4.583965566580314
20.1,17.092694671024223
50.0,43.22859474915735
3.95,4.7496205954752035
72.0,79.16194615777096
4.4,3.0279149229287716
2.59,12.194034029461102
15.5,33.516429328082985
18.8,22.66833717326567
94.5,82.59439509873276
28.1,11.371676303791718
0.22,6.208192855830256
3.35,5.29574324312376
88.4,79.44827224601501
36.9,21.836531489767545
111.98,113.15786184916529
15.6,8.09219453530832
18.0,21.381747579600678
62.0,58.01441303993291
1.55,2.3276022558633196
7.77,5.006017639700711
57.0,59.18159155325661
65.0,71.72735116115555
21.8,18.243974430809384
1.61,2.6209816477640144
20.2,12.190315260012106
119.0,114.50781454895721
0.6,3.680099614144604
47.1,50.48704328949722
23.3,19.595490415914508
4.5,10.47058463289393
13.35,12.963964864696287
3.07,3.7783127932686122
6.2,3.840055589092005
39.0,33.3756456125625
3.6,6.491821719004234
7.46,6.093816377290443
3.41,9.655002101712425
89.0,73.60055991704466
14.5,18.010630785765198
49.0,39.49500870019078
94.5,87.64513167404724
70.0,75.35588333150096
1.36,5.379310483805826
9.0,12.285897711719654
75.0,64.31278517567347
61.1,75.75155624991659
21.0,18.83392331474661
5.04,5.854849945819679
50.0,66.1051734964535
92.0,57.72210387145207
65.0,65.25089816062803
93.0,88.3801042728236
2.15,3.5440743022427874
0.158,0.2120454200797398
6.43,6.475679239468595
88.1,78.06148590352119
26.0,26.532284721765823
86.3,60.35529466687952
23.7,31.752829900234886
14.5,11.954838231154797
35.0,49.05632093515954
2.78,5.175556793870499
45.1,40.00270873491151
58.0,54.82754864745521
12.0,17.58078541440489
4.0,3.6610951829619314
115.0,115.01773255151858
61.0,70.31955113138548
88.0,87.65516935634145
75.0,69.2874361040634
27.0,25.064217044466254
18.0,16.067520993579045
15.3,21.259442802557928
77.0,78.51795401222998
4.21,3.0727784011025556
10.5,6.1936715704191245
3.74,3.5282501218602733
1.7,3.557098591867791
50.0,63.29664930392167
7.38,12.294165223352936
14.4,38.78801953401731
7.0,50.92173640205431
92.6,81.41543507709396
0.2,1.5461417503932593
14.03,14.374017218721804
1.85,3.4923264068773547
6.12,6.310260228140912
7.7,4.623585473386853
32.2,26.94355602553931
4.301,3.8674454311714634
5.95,5.598759988086071
51.0,56.444945627921236
12.0,10.540480080738687
2.1,2.8795594427034827
3.0,23.061558001511273
1.16,2.343699560439643
5.88,5.538260451140842
91.0,71.23983310886746
40.5,72.14606556840494
91.25,66.26786157029866
3.6,6.75224652817918
3.2,7.1259432597124075
48.0,39.65902180719543
20.0,19.73200235463108
22.6,20.486999957000872
89.8,88.35344579969849
13.0,12.176490745610357
24.0,26.763458580469425
116.0,116.43866810720455
4.18,6.420238281532844
15.0,13.411186706184651
76.0,58.90679232815663
11.0,18.475742550166647
0.69,2.382985041068749
25.7,20.04786228714494
32.0,29.64856360990101
105.0,76.64022707326559
92.4,79.25811852287192
89.0,57.22415022881601
28.5,29.22672350569655
101.5,100.06298872968138
113.0,101.54151778515498
34.5,51.578783524435124
1.67,2.7772336127059285
2.7,2.5247938300372037
3.9,5.590223939119617
79.0,79.48035266231119
9.93,5.532666641415217
79.5,60.867455024626935
1.5,4.275189928884717
5.82,5.91824552047915
60.0,58.25966742966671
15.0,18.856712338577594
0.7,2.8280112337732475
